Image_Index,File_Name,Rule,Initial_Sum(R_out),Final_Sum(R_in),Absolute_Error,RCE_Value,RCE_Percentage(%)
0,n03950228_34570_pitcher.jpg,z_plus,2179.927001953125,5.9911526e+09,5.9911506e+09,2748326.2451584055,274832624.51584053
0,n03950228_34570_pitcher.jpg,epsilon,2179.927001953125,2.1302769e+26,2.1302769e+26,9.772239430275915e+22,9.772239430275915e+24
0,n03950228_34570_pitcher.jpg,alpha_beta,2179.927001953125,2.596638e+13,2.596638e+13,11911582495.855722,1191158249585.5723
0,n03950228_34570_pitcher.jpg,composite,2179.927001953125,65292.84,63112.914,28.951847472839443,2895.1847472839445
1,n02129604_9026_tiger.jpg,z_plus,12371.5556640625,1.2676954e+10,1.2676942e+10,1024684.5399421817,102468453.99421817
1,n02129604_9026_tiger.jpg,epsilon,12371.5556640625,1.3202203e+27,1.3202203e+27,1.0671417363529681e+23,1.067141736352968e+25
1,n02129604_9026_tiger.jpg,alpha_beta,12371.5556640625,3.4160622e+13,3.4160622e+13,2761222848.751082,276122284875.1082
1,n02129604_9026_tiger.jpg,composite,12371.5556640625,65360.477,52988.92,4.283125203802827,428.3125203802827
2,n01662784_2198_turtle.jpg,z_plus,22771.8125,8.819903e+09,8.819881e+09,387315.72025720886,38731572.02572089
2,n01662784_2198_turtle.jpg,epsilon,22771.8125,2.5682e+26,2.5682e+26,1.1277977904163351e+22,1.127797790416335e+24
2,n01662784_2198_turtle.jpg,alpha_beta,22771.8125,4.6316236e+12,4.6316236e+12,203392840.63786298,20339284063.786297
2,n01662784_2198_turtle.jpg,composite,22771.8125,65405.434,42633.62,1.872210264059926,187.2210264059926
3,n04254120_621_soap_dispenser.jpg,z_plus,5923.986328125,6.2438636e+09,6.2438574e+09,1053995.9179776143,105399591.79776144
3,n04254120_621_soap_dispenser.jpg,epsilon,5923.986328125,-1.9161495e+24,1.9161495e+24,3.234560955553112e+20,3.234560955553112e+22
3,n04254120_621_soap_dispenser.jpg,alpha_beta,5923.986328125,2.9712982e+13,2.9712982e+13,5015707425.17352,501570742517.352
3,n04254120_621_soap_dispenser.jpg,composite,5923.986328125,65352.793,59428.805,10.031894301535258,1003.1894301535258
4,n02787622_3030_banjo.jpg,z_plus,7173.92333984375,1.171021e+10,1.1710203e+10,1632328.9677435302,163232896.77435303
4,n02787622_3030_banjo.jpg,epsilon,7173.92333984375,-3.5051768e+25,3.5051768e+25,4.885996945389927e+21,4.8859969453899266e+23
4,n02787622_3030_banjo.jpg,alpha_beta,7173.92333984375,3.378288e+13,3.378288e+13,4709121823.762768,470912182376.2768
4,n02787622_3030_banjo.jpg,composite,7173.92333984375,65402.945,58229.023,8.116761314424657,811.6761314424657
5,n02691156_2138_airplane.jpg,z_plus,17751.119140625,5.826779e+09,5.826761e+09,328247.5414558294,32824754.14558294
5,n02691156_2138_airplane.jpg,epsilon,17751.119140625,-2.495609e+27,2.495609e+27,1.4058882290035492e+23,1.4058882290035493e+25
5,n02691156_2138_airplane.jpg,alpha_beta,17751.119140625,1.3109816e+13,1.3109816e+13,738534629.4654906,73853462946.54906
5,n02691156_2138_airplane.jpg,composite,17751.119140625,65349.68,47598.562,2.681440089659689,268.1440089659689
6,n02484322_3182_monkey.jpg,z_plus,12116.5810546875,6.559616e+09,6.5596037e+09,541374.1452636729,54137414.52636729
6,n02484322_3182_monkey.jpg,epsilon,12116.5810546875,1.6962394e+26,1.6962394e+26,1.399932334964705e+22,1.399932334964705e+24
6,n02484322_3182_monkey.jpg,alpha_beta,12116.5810546875,6.955476e+12,6.955476e+12,574046107.378829,57404610737.882904
6,n02484322_3182_monkey.jpg,composite,12116.5810546875,65395.094,53278.51,4.397157207819274,439.71572078192736
7,n02274259_3025_butterfly.jpg,z_plus,25399.89453125,9.490973e+09,9.490947e+09,373660.88510024024,37366088.510024026
7,n02274259_3025_butterfly.jpg,epsilon,25399.89453125,9.145799e+24,9.145799e+24,3.600723166423462e+20,3.600723166423462e+22
7,n02274259_3025_butterfly.jpg,alpha_beta,25399.89453125,3.407698e+12,3.407698e+12,134161893.16027696,13416189316.027697
7,n02274259_3025_butterfly.jpg,composite,25399.89453125,65390.35,39990.457,1.574433979717804,157.4433979717804
8,n04252225_8055_snowplow.jpg,z_plus,3386.270751953125,4.1061468e+09,4.1061435e+09,1212585.6993657274,121258569.93657273
8,n04252225_8055_snowplow.jpg,epsilon,3386.270751953125,-2.1064109e+25,2.1064109e+25,6.220444353764536e+21,6.220444353764536e+23
8,n04252225_8055_snowplow.jpg,alpha_beta,3386.270751953125,4.758738e+12,4.758738e+12,1405303394.0035248,140530339400.35248
8,n04252225_8055_snowplow.jpg,composite,3386.270751953125,65394.97,62008.7,18.311796002421385,1831.1796002421386
9,n02121808_538_domestic_cat.jpg,z_plus,8769.5234375,1.0055457e+10,1.0055448e+10,1146635.5753153039,114663557.53153038
9,n02121808_538_domestic_cat.jpg,epsilon,8769.5234375,1.6294424e+26,1.6294424e+26,1.858074068468723e+22,1.858074068468723e+24
9,n02121808_538_domestic_cat.jpg,alpha_beta,8769.5234375,2.4225551e+13,2.4225551e+13,2762470662.560817,276247066256.08167
9,n02121808_538_domestic_cat.jpg,composite,8769.5234375,65393.42,56623.9,6.456895729973188,645.6895729973188
10,n04026417_1879_purse.jpg,z_plus,618.3781127929688,7.9580846e+09,7.958084e+09,12869284.878217343,1286928487.8217344
10,n04026417_1879_purse.jpg,epsilon,618.3781127929688,-3.0315624e+23,3.0315624e+23,4.9024413347331015e+20,4.9024413347331015e+22
10,n04026417_1879_purse.jpg,alpha_beta,618.3781127929688,8.143666e+13,8.143666e+13,131693950854.27461,13169395085427.46
10,n04026417_1879_purse.jpg,composite,618.3781127929688,65440.68,64822.3,104.82631813789227,10482.631813789227
11,n04254120_4148_soap_dispenser.jpg,z_plus,4158.333984375,1.1696114e+10,1.169611e+10,2812691.239314948,281269123.93149483
11,n04254120_4148_soap_dispenser.jpg,epsilon,4158.333984375,-1.24209e+26,1.24209e+26,2.986989564602697e+22,2.986989564602697e+24
11,n04254120_4148_soap_dispenser.jpg,alpha_beta,4158.333984375,4.5042576e+13,4.5042576e+13,10831880339.40643,1083188033940.643
11,n04254120_4148_soap_dispenser.jpg,composite,4158.333984375,65308.406,61150.07,14.705425428130006,1470.5425428130006
12,n07695742_612_pretzel.jpg,z_plus,2939.53515625,6.425773e+09,6.42577e+09,2185981.6748016872,218598167.48016873
12,n07695742_612_pretzel.jpg,epsilon,2939.53515625,-4.4753796e+24,4.4753796e+24,1.5224786674808838e+21,1.5224786674808838e+23
12,n07695742_612_pretzel.jpg,alpha_beta,2939.53515625,9.030766e+12,9.030766e+12,3072175003.233363,307217500323.3363
12,n07695742_612_pretzel.jpg,composite,2939.53515625,65402.836,62463.3,21.249380415954587,2124.938041595459
13,n03642806_7780_laptop.jpg,z_plus,4804.40478515625,6.82678e+09,6.8267756e+09,1420940.9609054322,142094096.0905432
13,n03642806_7780_laptop.jpg,epsilon,4804.40478515625,1.7048325e+25,1.7048325e+25,3.548478113498766e+21,3.548478113498766e+23
13,n03642806_7780_laptop.jpg,alpha_beta,4804.40478515625,6.336129e+12,6.336129e+12,1318816646.588744,131881664658.87439
13,n03642806_7780_laptop.jpg,composite,4804.40478515625,65400.348,60595.94,12.612580354064955,1261.2580354064955
14,n02076196_1965_seal.jpg,z_plus,18495.07421875,9.437986e+09,9.437967e+09,510296.26852924086,51029626.852924086
14,n02076196_1965_seal.jpg,epsilon,18495.07421875,-7.705182e+24,7.705182e+24,4.1660724634165484e+20,4.166072463416548e+22
14,n02076196_1965_seal.jpg,alpha_beta,18495.07421875,1.3983901e+13,1.3983901e+13,756087842.4556197,75608784245.56197
14,n02076196_1965_seal.jpg,composite,18495.07421875,65408.156,46913.082,2.536517641204584,253.6517641204584
15,n03793489_3923_computer_mouse.jpg,z_plus,18011.9375,9.635345e+09,9.635327e+09,534941.1730969789,53494117.30969789
15,n03793489_3923_computer_mouse.jpg,epsilon,18011.9375,-7.636332e+23,7.636332e+23,4.2395951858075255e+19,4.2395951858075257e+21
15,n03793489_3923_computer_mouse.jpg,alpha_beta,18011.9375,2.2532072e+13,2.2532072e+13,1250952132.1960366,125095213219.60365
15,n03793489_3923_computer_mouse.jpg,composite,18011.9375,65399.0,47387.062,2.6308698050943917,263.0869805094392
16,n03188531_17375_diaper.jpg,z_plus,7706.41015625,1.4042522e+10,1.4042513e+10,1822186.092263661,182218609.2263661
16,n03188531_17375_diaper.jpg,epsilon,7706.41015625,1.0133771e+27,1.0133771e+27,1.314979483336424e+23,1.314979483336424e+25
16,n03188531_17375_diaper.jpg,alpha_beta,7706.41015625,1.2477418e+13,1.2477418e+13,1619096007.2696145,161909600726.96146
16,n03188531_17375_diaper.jpg,composite,7706.41015625,65425.305,57718.895,7.489725223673921,748.9725223673921
17,n01674464_3490_lizard.jpg,z_plus,30705.015625,1.1324811e+10,1.1324781e+10,368825.10278806055,36882510.27880605
17,n01674464_3490_lizard.jpg,epsilon,30705.015625,1.7882934e+28,1.7882934e+28,5.824108306660221e+23,5.824108306660221e+25
17,n01674464_3490_lizard.jpg,alpha_beta,30705.015625,3.783248e+13,3.783248e+13,1232127022.3637207,123212702236.37207
17,n01674464_3490_lizard.jpg,composite,30705.015625,65342.508,34637.492,1.1280727751624087,112.80727751624087
18,n01674464_134_lizard.jpg,z_plus,18468.931640625,9.266498e+09,9.266479e+09,501733.3587188433,50173335.87188433
18,n01674464_134_lizard.jpg,epsilon,18468.931640625,8.21985e+24,8.21985e+24,4.450636504582103e+20,4.450636504582102e+22
18,n01674464_134_lizard.jpg,alpha_beta,18468.931640625,5.57548e+12,5.57548e+12,301884268.51543754,30188426851.543755
18,n01674464_134_lizard.jpg,composite,18468.931640625,65386.598,46917.664,2.540356149204402,254.03561492044017
19,n02118333_12193_fox.jpg,z_plus,1767.150146484375,6.9773885e+09,6.977387e+09,3948383.798556726,394838379.8556726
19,n02118333_12193_fox.jpg,epsilon,1767.150146484375,-5.411488e+23,5.411488e+23,3.062268281539185e+20,3.0622682815391852e+22
19,n02118333_12193_fox.jpg,alpha_beta,1767.150146484375,2.4059203e+13,2.4059203e+13,13614690904.898224,1361469090489.8223
19,n02118333_12193_fox.jpg,composite,1767.150146484375,65392.934,63625.785,36.00474203213189,3600.4742032131885
20,n02454379_4660_armadillo.jpg,z_plus,3916.735107421875,1.1036185e+10,1.103618e+10,2817698.9705238356,281769897.05238354
20,n02454379_4660_armadillo.jpg,epsilon,3916.735107421875,-1.2836221e+27,1.2836221e+27,3.277275872378104e+23,3.277275872378104e+25
20,n02454379_4660_armadillo.jpg,alpha_beta,3916.735107421875,5.8012773e+13,5.8012773e+13,14811513108.008757,1481151310800.8757
20,n02454379_4660_armadillo.jpg,composite,3916.735107421875,65427.5,61510.766,15.704601903873128,1570.4601903873129
21,n02509815_44_red_panda.jpg,z_plus,33492.91796875,9.061628e+09,9.061594e+09,270552.54249434156,27055254.249434154
21,n02509815_44_red_panda.jpg,epsilon,33492.91796875,4.4140245e+25,4.4140245e+25,1.3178978756374322e+21,1.3178978756374323e+23
21,n02509815_44_red_panda.jpg,alpha_beta,33492.91796875,7.6855053e+12,7.6855053e+12,229466578.376796,22946657837.6796
21,n02509815_44_red_panda.jpg,composite,33492.91796875,65387.797,31894.879,0.9522872547566034,95.22872547566034
22,n03483316_230_hair_dryer.jpg,z_plus,491.2982482910156,1.952362e+10,1.952362e+10,39738836.708401285,3973883670.8401284
22,n03483316_230_hair_dryer.jpg,epsilon,491.2982482910156,-1.2033973e+26,1.2033973e+26,2.4494232059636177e+23,2.4494232059636178e+25
22,n03483316_230_hair_dryer.jpg,alpha_beta,491.2982482910156,2.2517743e+14,2.2517743e+14,458331441990.6013,45833144199060.13
22,n03483316_230_hair_dryer.jpg,composite,491.2982482910156,65418.42,64927.125,132.15419600154755,13215.419600154755
23,n03814639_2265_neck_brace.jpg,z_plus,24722.837890625,7.844374e+09,7.8443494e+09,317291.62625680165,31729162.625680164
23,n03814639_2265_neck_brace.jpg,epsilon,24722.837890625,3.5243774e+26,3.5243774e+26,1.425555344606192e+22,1.425555344606192e+24
23,n03814639_2265_neck_brace.jpg,alpha_beta,24722.837890625,2.7282668e+12,2.7282668e+12,110354112.16939862,11035411216.939861
23,n03814639_2265_neck_brace.jpg,composite,24722.837890625,65353.594,40630.758,1.6434503996770413,164.34503996770414
24,n01662784_3789_turtle.jpg,z_plus,2910.936767578125,7.223906e+09,7.2239027e+09,2481641.923815386,248164192.3815386
24,n01662784_3789_turtle.jpg,epsilon,2910.936767578125,6.918106e+26,6.918106e+26,2.376590971967123e+23,2.376590971967123e+25
24,n01662784_3789_turtle.jpg,alpha_beta,2910.936767578125,2.8239007e+13,2.8239007e+13,9701003344.535345,970100334453.5345
24,n01662784_3789_turtle.jpg,composite,2910.936767578125,65399.84,62488.902,21.466939110367132,2146.6939110367134
25,n03720891_5553_maraca.jpg,z_plus,28721.802734375,7.815458e+09,7.815429e+09,272107.88933683536,27210788.933683537
25,n03720891_5553_maraca.jpg,epsilon,28721.802734375,-4.851907e+25,4.851907e+25,1.6892765900957205e+21,1.6892765900957205e+23
25,n03720891_5553_maraca.jpg,alpha_beta,28721.802734375,5.334817e+12,5.334817e+12,185741023.84398618,18574102384.398617
25,n03720891_5553_maraca.jpg,composite,28721.802734375,65382.9,36661.094,1.276420358744466,127.6420358744466
26,n02419796_445_antelope.jpg,z_plus,8824.173828125,6.6179584e+09,6.6179497e+09,749979.5249846593,74997952.49846593
26,n02419796_445_antelope.jpg,epsilon,8824.173828125,-1.5356466e+27,1.5356466e+27,1.7402723604107195e+23,1.7402723604107195e+25
26,n02419796_445_antelope.jpg,alpha_beta,8824.173828125,1.1019956e+13,1.1019956e+13,1248837138.6677816,124883713866.77815
26,n02419796_445_antelope.jpg,composite,8824.173828125,65367.137,56542.96,6.4077342580532655,640.7734258053265
27,n04141076_43723_saxophone.jpg,z_plus,80151.09375,8.990679e+09,8.990599e+09,112170.63607444393,11217063.607444393
27,n04141076_43723_saxophone.jpg,epsilon,80151.09375,-1.4306588e+26,1.4306588e+26,1.7849523348857514e+21,1.7849523348857514e+23
27,n04141076_43723_saxophone.jpg,alpha_beta,80151.09375,4.068179e+12,4.068179e+12,50756374.35607607,5075637435.607607
27,n04141076_43723_saxophone.jpg,composite,80151.09375,65380.18,14770.914,0.1842883655283845,18.42883655283845
28,n03991062_19806_flower_pot.jpg,z_plus,12066.4453125,5.251519e+09,5.2515067e+09,435215.7202883411,43521572.02883411
28,n03991062_19806_flower_pot.jpg,epsilon,12066.4453125,-2.709791e+24,2.709791e+24,2.245724315390474e+20,2.245724315390474e+22
28,n03991062_19806_flower_pot.jpg,alpha_beta,12066.4453125,3.5663784e+12,3.5663784e+12,295561644.36275065,29556164436.275066
28,n03991062_19806_flower_pot.jpg,composite,12066.4453125,65382.816,53316.37,4.418564847636903,441.8564847636903
29,n04118538_8452_rugby_ball.jpg,z_plus,19451.982421875,8.4205875e+09,8.420568e+09,432889.96881521435,43288996.88152143
29,n04118538_8452_rugby_ball.jpg,epsilon,19451.982421875,4.242456e+27,4.242456e+27,2.1809890102907382e+23,2.1809890102907383e+25
29,n04118538_8452_rugby_ball.jpg,alpha_beta,19451.982421875,4.36402e+12,4.36402e+12,224348339.5734594,22434833957.34594
29,n04118538_8452_rugby_ball.jpg,composite,19451.982421875,65396.43,45944.445,2.3619415397389094,236.19415397389093
30,n07768694_1682_pomegranate.jpg,z_plus,25263.94921875,9.46934e+09,9.469314e+09,374815.273970383,37481527.397038296
30,n07768694_1682_pomegranate.jpg,epsilon,25263.94921875,2.2813033e+26,2.2813033e+26,9.029876072895389e+21,9.029876072895389e+23
30,n07768694_1682_pomegranate.jpg,alpha_beta,25263.94921875,1.0024398e+13,1.0024398e+13,396786662.58938855,39678666258.93886
30,n07768694_1682_pomegranate.jpg,composite,25263.94921875,65410.008,40146.06,1.5890650446666288,158.90650446666288
31,n03141823_6920_crutch.jpg,z_plus,4033.414306640625,6.080446e+09,6.080442e+09,1507517.3026454623,150751730.26454625
31,n03141823_6920_crutch.jpg,epsilon,4033.414306640625,9.1545334e+24,9.1545334e+24,2.269673458683228e+21,2.269673458683228e+23
31,n03141823_6920_crutch.jpg,alpha_beta,4033.414306640625,1.4943101e+13,1.4943101e+13,3704826792.0669417,370482679206.69415
31,n03141823_6920_crutch.jpg,composite,4033.414306640625,65430.457,61397.043,15.222101748300567,1522.2101748300568
32,n02484322_11526_monkey.jpg,z_plus,24840.931640625,8.712566e+09,8.712541e+09,350733.2699934293,35073326.99934293
32,n02484322_11526_monkey.jpg,epsilon,24840.931640625,2.8463644e+25,2.8463644e+25,1.1458364252940643e+21,1.1458364252940643e+23
32,n02484322_11526_monkey.jpg,alpha_beta,24840.931640625,-3.4053192e+12,3.4053192e+12,137085005.143639,13708500514.3639
32,n02484322_11526_monkey.jpg,composite,24840.931640625,65401.465,40560.53,1.6328103887885366,163.28103887885365
33,n03255030_9287_dumbbell.jpg,z_plus,40192.89453125,7.497009e+09,7.4969687e+09,186524.7276025596,18652472.760255963
33,n03255030_9287_dumbbell.jpg,epsilon,40192.89453125,9.597633e+25,9.597633e+25,2.387893066078594e+21,2.387893066078594e+23
33,n03255030_9287_dumbbell.jpg,alpha_beta,40192.89453125,2.6579325e+12,2.6579325e+12,66129413.49335739,6612941349.335739
33,n03255030_9287_dumbbell.jpg,composite,40192.89453125,65372.6,25179.707,0.626471602130375,62.6471602130375
34,n03793489_1770_computer_mouse.jpg,z_plus,16205.8818359375,1.055099e+10,1.0550973e+10,651058.2729661735,65105827.296617344
34,n03793489_1770_computer_mouse.jpg,epsilon,16205.8818359375,3.2481994e+26,3.2481994e+26,2.0043336057371773e+22,2.0043336057371774e+24
34,n03793489_1770_computer_mouse.jpg,alpha_beta,16205.8818359375,1.8918903e+13,1.8918903e+13,1167409667.1442492,116740966714.42493
34,n03793489_1770_computer_mouse.jpg,composite,16205.8818359375,65388.258,49182.375,3.034847193006933,303.4847193006933
35,n02787622_7389_banjo.jpg,z_plus,9474.89453125,8.537105e+09,8.537095e+09,901022.7121623507,90102271.21623507
35,n02787622_7389_banjo.jpg,epsilon,9474.89453125,5.7390377e+27,5.7390377e+27,6.057099274812913e+23,6.0570992748129135e+25
35,n02787622_7389_banjo.jpg,alpha_beta,9474.89453125,8.479855e+12,8.479855e+12,894981475.049768,89498147504.97679
35,n02787622_7389_banjo.jpg,composite,9474.89453125,65401.375,55926.48,5.902596623560077,590.2596623560078
36,n04442312_5180_toaster.jpg,z_plus,1012.7893676757812,3.195311e+09,3.19531e+09,3154960.134830071,315496013.48300713
36,n04442312_5180_toaster.jpg,epsilon,1012.7893676757812,-2.1889777e+24,2.1889777e+24,2.1613355819297635e+21,2.1613355819297636e+23
36,n04442312_5180_toaster.jpg,alpha_beta,1012.7893676757812,3.3365909e+12,3.3365909e+12,3294456832.3715167,329445683237.1517
36,n04442312_5180_toaster.jpg,composite,1012.7893676757812,65455.293,64442.504,63.628732649586816,6362.873264958682
37,n06874185_10683_traffic_light.jpg,z_plus,5593.41357421875,7.2003185e+09,7.200313e+09,1287284.1845964168,128728418.45964168
37,n06874185_10683_traffic_light.jpg,epsilon,5593.41357421875,7.57046e+26,7.57046e+26,1.353459662913172e+23,1.353459662913172e+25
37,n06874185_10683_traffic_light.jpg,alpha_beta,5593.41357421875,1.147719e+13,1.147719e+13,2051911503.4645016,205191150346.45016
37,n06874185_10683_traffic_light.jpg,composite,5593.41357421875,65426.594,59833.18,10.6970777135582,1069.70777135582
38,n01443537_2625_goldfish.jpg,z_plus,17863.71484375,8.433271e+09,8.433253e+09,472088.41709372005,47208841.70937201
38,n01443537_2625_goldfish.jpg,epsilon,17863.71484375,6.603204e+26,6.603204e+26,3.6964337737582068e+22,3.696433773758207e+24
38,n01443537_2625_goldfish.jpg,alpha_beta,17863.71484375,6.710018e+12,6.710018e+12,375622777.1078235,37562277710.78235
38,n01443537_2625_goldfish.jpg,composite,17863.71484375,65369.445,47505.73,2.6593421852212464,265.93421852212464
39,n04317175_7903_stethoscope.jpg,z_plus,18159.5,1.0444192e+10,1.0444173e+10,575135.5109997205,57513551.099972054
39,n04317175_7903_stethoscope.jpg,epsilon,18159.5,1.1609977e+25,1.1609977e+25,6.393335277659374e+20,6.393335277659374e+22
39,n04317175_7903_stethoscope.jpg,alpha_beta,18159.5,1.303019e+13,1.303019e+13,717541258.3720522,71754125837.20522
39,n04317175_7903_stethoscope.jpg,composite,18159.5,65373.906,47214.406,2.5999838238936865,259.99838238936866
40,n04442312_12329_toaster.jpg,z_plus,9002.296875,1.0265883e+10,1.0265873e+10,1140361.571112801,114036157.11128011
40,n04442312_12329_toaster.jpg,epsilon,9002.296875,5.3972323e+25,5.3972323e+25,5.995394718384997e+21,5.9953947183849974e+23
40,n04442312_12329_toaster.jpg,alpha_beta,9002.296875,4.116483e+13,4.116483e+13,4572702878.767861,457270287876.78613
40,n04442312_12329_toaster.jpg,composite,9002.296875,65403.812,56401.516,6.265236128973333,626.5236128973334
41,n02346627_3512_porcupine.jpg,z_plus,9003.1865234375,6.4987515e+09,6.4987423e+09,721826.905960624,72182690.59606239
41,n02346627_3512_porcupine.jpg,epsilon,9003.1865234375,1.3572367e+26,1.3572367e+26,1.5075070544153227e+22,1.5075070544153226e+24
41,n02346627_3512_porcupine.jpg,alpha_beta,9003.1865234375,9.275727e+12,9.275727e+12,1030271603.1818266,103027160318.18266
41,n02346627_3512_porcupine.jpg,composite,9003.1865234375,65409.258,56406.07,6.265122927938338,626.5122927938338
42,n04116512_9541_rubber_eraser.jpg,z_plus,5356.59814453125,1.1935425e+10,1.1935419e+10,2228171.512956051,222817151.29560512
42,n04116512_9541_rubber_eraser.jpg,epsilon,5356.59814453125,7.9547806e+26,7.9547806e+26,1.485043376006927e+23,1.485043376006927e+25
42,n04116512_9541_rubber_eraser.jpg,alpha_beta,5356.59814453125,3.3296241e+13,3.3296241e+13,6215930378.407638,621593037840.7638
42,n04116512_9541_rubber_eraser.jpg,composite,5356.59814453125,65442.12,60085.523,11.21710492672151,1121.7104926721508
43,n07753592_9306_banana.jpg,z_plus,40904.296875,1.035843e+10,1.0358389e+10,253234.73393648813,25323473.393648814
43,n07753592_9306_banana.jpg,epsilon,40904.296875,-9.3751245e+26,9.3751245e+26,2.291965700953465e+22,2.2919657009534648e+24
43,n07753592_9306_banana.jpg,alpha_beta,40904.296875,7.5575365e+12,7.5575365e+12,184761433.98604295,18476143398.604294
43,n07753592_9306_banana.jpg,composite,40904.296875,65409.277,24504.98,0.5990808384662988,59.90808384662988
44,n02924116_58545_bus.jpg,z_plus,20092.408203125,6.961954e+09,6.961934e+09,346495.73876947485,34649573.876947485
44,n02924116_58545_bus.jpg,epsilon,20092.408203125,1.9985109e+24,1.9985109e+24,9.946597069173308e+19,9.946597069173308e+21
44,n02924116_58545_bus.jpg,alpha_beta,20092.408203125,5.96881e+12,5.96881e+12,297067934.9649767,29706793496.497673
44,n02924116_58545_bus.jpg,composite,20092.408203125,65397.31,45304.9,2.254826697700249,225.48266977002493
45,n07747607_813_orange.jpg,z_plus,24398.107421875,9.375669e+09,9.375645e+09,384277.5388222754,38427753.88222754
45,n07747607_813_orange.jpg,epsilon,24398.107421875,1.9200665e+27,1.9200665e+27,7.869735600174168e+22,7.869735600174168e+24
45,n07747607_813_orange.jpg,alpha_beta,24398.107421875,4.6127634e+12,4.6127634e+12,189062345.6509611,18906234565.09611
45,n07747607_813_orange.jpg,composite,24398.107421875,65365.43,40967.32,1.679118777703536,167.91187777035358
46,n02342885_7641_hamster.jpg,z_plus,20309.806640625,9.029137e+09,9.029117e+09,444569.320021931,44456932.0021931
46,n02342885_7641_hamster.jpg,epsilon,20309.806640625,-1.2856871e+25,1.2856871e+25,6.330375889622079e+20,6.3303758896220785e+22
46,n02342885_7641_hamster.jpg,alpha_beta,20309.806640625,1.2815167e+13,1.2815167e+13,630984214.4957517,63098421449.57517
46,n02342885_7641_hamster.jpg,composite,20309.806640625,65339.438,45029.633,2.2171374454361654,221.71374454361654
47,n02454379_10511_armadillo.jpg,z_plus,10263.1337890625,7.556277e+09,7.556267e+09,736253.3864707127,73625338.64707127
47,n02454379_10511_armadillo.jpg,epsilon,10263.1337890625,-2.175817e+26,2.175817e+26,2.1200318733494723e+22,2.1200318733494724e+24
47,n02454379_10511_armadillo.jpg,alpha_beta,10263.1337890625,1.3944756e+13,1.3944756e+13,1358723042.8892658,135872304288.92657
47,n02454379_10511_armadillo.jpg,composite,10263.1337890625,65391.77,55128.637,5.371520809510993,537.1520809510993
48,n04330267_15330_stove.jpg,z_plus,5001.5068359375,4.863538e+09,4.863533e+09,972413.5576608463,97241355.76608463
48,n04330267_15330_stove.jpg,epsilon,5001.5068359375,9.791371e+25,9.791371e+25,1.957684271726943e+22,1.957684271726943e+24
48,n04330267_15330_stove.jpg,alpha_beta,5001.5068359375,5.286906e+12,5.286906e+12,1057062643.2487813,105706264324.87813
48,n04330267_15330_stove.jpg,composite,5001.5068359375,65429.375,60427.867,12.081932339528853,1208.1932339528853
49,n02892767_5122_brassiere.jpg,z_plus,8890.77734375,7.9026734e+09,7.9026647e+09,888860.9396516371,88886093.96516371
49,n02892767_5122_brassiere.jpg,epsilon,8890.77734375,-2.1703155e+27,2.1703155e+27,2.441086346515412e+23,2.441086346515412e+25
49,n02892767_5122_brassiere.jpg,alpha_beta,8890.77734375,1.2107217e+13,1.2107217e+13,1361772614.5736532,136177261457.36533
49,n02892767_5122_brassiere.jpg,composite,8890.77734375,65426.55,56535.773,6.35892355095777,635.892355095777
50,n07873807_1051_pizza.jpg,z_plus,43122.9375,1.0978689e+10,1.0978646e+10,254589.47494009996,25458947.494009994
50,n07873807_1051_pizza.jpg,epsilon,43122.9375,1.3982324e+25,1.3982324e+25,3.242433143110853e+20,3.242433143110853e+22
50,n07873807_1051_pizza.jpg,alpha_beta,43122.9375,3.7691028e+12,3.7691028e+12,87403664.51111807,8740366451.111807
50,n07873807_1051_pizza.jpg,composite,43122.9375,65378.69,22255.754,0.5161001359485189,51.61001359485189
51,n02084071_77_dog.jpg,z_plus,17627.4375,7.00394e+09,7.0039224e+09,397330.71990750794,39733071.9907508
51,n02084071_77_dog.jpg,epsilon,17627.4375,2.4655125e+24,2.4655125e+24,1.3986789342117577e+20,1.3986789342117578e+22
51,n02084071_77_dog.jpg,alpha_beta,17627.4375,1.0533572e+13,1.0533572e+13,597566828.4100512,59756682841.00512
51,n02084071_77_dog.jpg,composite,17627.4375,65369.977,47742.54,2.708421973556695,270.8421973556695
52,n03062245_872_cocktail_shaker.jpg,z_plus,15456.6220703125,8.779345e+09,8.77933e+09,567997.9426333953,56799794.263339534
52,n03062245_872_cocktail_shaker.jpg,epsilon,15456.6220703125,8.759338e+25,8.759338e+25,5.667045291961729e+21,5.6670452919617285e+23
52,n03062245_872_cocktail_shaker.jpg,alpha_beta,15456.6220703125,1.6177892e+13,1.6177892e+13,1046664130.6131043,104666413061.31044
52,n03062245_872_cocktail_shaker.jpg,composite,15456.6220703125,65412.05,49955.43,3.2319758780572148,323.19758780572147
53,n02118333_6_fox.jpg,z_plus,8613.568359375,5.279997e+09,5.279988e+09,612985.0026966643,61298500.26966643
53,n02118333_6_fox.jpg,epsilon,8613.568359375,-1.4729967e+25,1.4729967e+25,1.7100888553742365e+21,1.7100888553742365e+23
53,n02118333_6_fox.jpg,alpha_beta,8613.568359375,8.880877e+12,8.880877e+12,1031033401.3425493,103103340134.25493
53,n02118333_6_fox.jpg,composite,8613.568359375,65400.684,56787.117,6.592751670181657,659.2751670181657
54,n02992211_25528_cello.jpg,z_plus,16034.30078125,8.873665e+09,8.873648e+09,553416.5941539533,55341659.41539533
54,n02992211_25528_cello.jpg,epsilon,16034.30078125,-2.2358305e+27,2.2358305e+27,1.3944047591514631e+23,1.394404759151463e+25
54,n02992211_25528_cello.jpg,alpha_beta,16034.30078125,6.9496943e+12,6.9496943e+12,433426716.6327775,43342671663.27775
54,n02992211_25528_cello.jpg,composite,16034.30078125,65425.46,49391.16,3.0803438721820267,308.03438721820265
55,n04542943_3211_waffle_iron.jpg,z_plus,14384.1767578125,5.0352563e+09,5.035242e+09,350054.2345091005,35005423.45091005
55,n04542943_3211_waffle_iron.jpg,epsilon,14384.1767578125,4.021897e+26,4.021897e+26,2.796056522602956e+22,2.7960565226029556e+24
55,n04542943_3211_waffle_iron.jpg,alpha_beta,14384.1767578125,3.603431e+12,3.603431e+12,250513530.27587155,25051353027.587154
55,n04542943_3211_waffle_iron.jpg,composite,14384.1767578125,65399.906,51015.73,3.5466562548348968,354.6656254834897
56,n02951585_3935_can_opener.jpg,z_plus,3608.923828125,4.918097e+09,4.9180933e+09,1362758.9681087313,136275896.81087312
56,n02951585_3935_can_opener.jpg,epsilon,3608.923828125,1.027672e+24,1.027672e+24,2.8475857413429386e+20,2.8475857413429386e+22
56,n02951585_3935_can_opener.jpg,alpha_beta,3608.923828125,3.796197e+12,3.796197e+12,1051891671.3238708,105189167132.38708
56,n02951585_3935_can_opener.jpg,composite,3608.923828125,65415.24,61806.312,17.125967585770315,1712.5967585770316
57,n03814639_5954_neck_brace.jpg,z_plus,8911.6611328125,7.8493763e+09,7.8493676e+09,880797.3547263771,88079735.47263771
57,n03814639_5954_neck_brace.jpg,epsilon,8911.6611328125,1.3907883e+27,1.3907883e+27,1.5606386555920646e+23,1.5606386555920645e+25
57,n03814639_5954_neck_brace.jpg,alpha_beta,8911.6611328125,8.815082e+12,8.815082e+12,989162576.2714555,98916257627.14555
57,n03814639_5954_neck_brace.jpg,composite,8911.6611328125,65388.1,56476.44,6.337364108056005,633.7364108056005
58,n02777292_14330_balance_beam.jpg,z_plus,31447.701171875,1.415494e+10,1.4154909e+10,450109.4879602481,45010948.79602481
58,n02777292_14330_balance_beam.jpg,epsilon,31447.701171875,9.751678e+25,9.751678e+25,3.10091904983974e+21,3.10091904983974e+23
58,n02777292_14330_balance_beam.jpg,alpha_beta,31447.701171875,2.3088616e+13,2.3088616e+13,734190896.4769859,73419089647.6986
58,n02777292_14330_balance_beam.jpg,composite,31447.701171875,65383.31,33935.61,1.0791125618221329,107.9112561822133
59,n04442312_14257_toaster.jpg,z_plus,27534.947265625,8.4393226e+09,8.439295e+09,306493.95819019503,30649395.819019504
59,n04442312_14257_toaster.jpg,epsilon,27534.947265625,1.936655e+25,1.936655e+25,7.03344345458314e+20,7.033443454583141e+22
59,n04442312_14257_toaster.jpg,alpha_beta,27534.947265625,3.2150583e+12,3.2150583e+12,116762826.57238299,11676282657.238298
59,n04442312_14257_toaster.jpg,composite,27534.947265625,65374.88,37839.93,1.3742510316966725,137.42510316966724
60,n01770393_9910_scorpion.jpg,z_plus,2815.76123046875,5.0930514e+09,5.093049e+09,1808764.4566191903,180876445.66191903
60,n01770393_9910_scorpion.jpg,epsilon,2815.76123046875,-4.5382506e+26,4.5382506e+26,1.6117313456714806e+23,1.6117313456714807e+25
60,n01770393_9910_scorpion.jpg,alpha_beta,2815.76123046875,1.8218817e+13,1.8218817e+13,6470299030.336666,647029903033.6666
60,n01770393_9910_scorpion.jpg,composite,2815.76123046875,65395.82,62580.06,22.22491662878313,2222.491662878313
61,n04252077_2529_snowmobile.jpg,z_plus,46378.9765625,8.758315e+09,8.758269e+09,188841.3582433676,18884135.82433676
61,n04252077_2529_snowmobile.jpg,epsilon,46378.9765625,2.2814594e+27,2.2814594e+27,4.91916711864647e+22,4.919167118646469e+24
61,n04252077_2529_snowmobile.jpg,alpha_beta,46378.9765625,5.820482e+12,5.820482e+12,125498280.24558136,12549828024.558136
61,n04252077_2529_snowmobile.jpg,composite,46378.9765625,65373.22,18994.242,0.4095442287714796,40.95442287714796
62,n03337140_18624_filing_cabinet.jpg,z_plus,8170.67578125,6.6332723e+09,6.633264e+09,811837.8828861559,81183788.28861558
62,n03337140_18624_filing_cabinet.jpg,epsilon,8170.67578125,1.3145406e+24,1.3145406e+24,1.6088517894841162e+20,1.6088517894841163e+22
62,n03337140_18624_filing_cabinet.jpg,alpha_beta,8170.67578125,4.453461e+13,4.453461e+13,5450541590.342405,545054159034.24054
62,n03337140_18624_filing_cabinet.jpg,composite,8170.67578125,65332.42,57161.746,6.995963078710981,699.5963078710981
63,n03633091_27358_ladle.jpg,z_plus,26526.98828125,1.3504639e+10,1.3504612e+10,509089.543404553,50908954.3404553
63,n03633091_27358_ladle.jpg,epsilon,26526.98828125,-1.1988892e+26,1.1988892e+26,4.5195074923475097e+21,4.51950749234751e+23
63,n03633091_27358_ladle.jpg,alpha_beta,26526.98828125,2.8406494e+13,2.8406494e+13,1070852596.0114897,107085259601.14897
63,n03633091_27358_ladle.jpg,composite,26526.98828125,65355.492,38828.504,1.463735856274856,146.3735856274856
64,n02206856_5952_bee.jpg,z_plus,14800.134765625,1.1477494e+10,1.1477479e+10,775498.3049652344,77549830.49652344
64,n02206856_5952_bee.jpg,epsilon,14800.134765625,-5.0912327e+25,5.0912327e+25,3.439990737143006e+21,3.4399907371430064e+23
64,n02206856_5952_bee.jpg,alpha_beta,14800.134765625,3.5646014e+13,3.5646014e+13,2408492525.83007,240849252583.007
64,n02206856_5952_bee.jpg,composite,14800.134765625,65369.258,50569.125,3.4168016576071416,341.68016576071415
65,n03062245_2005_cocktail_shaker.jpg,z_plus,71595.53125,8.4093686e+09,8.409297e+09,117455.61139334213,11745561.139334213
65,n03062245_2005_cocktail_shaker.jpg,epsilon,71595.53125,1.9766498e+28,1.9766498e+28,2.7608563812030865e+23,2.7608563812030866e+25
65,n03062245_2005_cocktail_shaker.jpg,alpha_beta,71595.53125,3.1466374e+12,3.1466374e+12,43950192.457520954,4395019245.752095
65,n03062245_2005_cocktail_shaker.jpg,composite,71595.53125,65371.625,6223.9062,0.08693149057400021,8.69314905740002
66,n02062744_3014_whale.jpg,z_plus,1180.9127197265625,5.5123164e+09,5.5123154e+09,4667843.185965256,466784318.5965256
66,n02062744_3014_whale.jpg,epsilon,1180.9127197265625,-1.7794407e+25,1.7794407e+25,1.5068350906957906e+22,1.5068350906957906e+24
66,n02062744_3014_whale.jpg,alpha_beta,1180.9127197265625,6.5597296e+13,6.5597296e+13,55547962574.058266,5554796257405.826
66,n02062744_3014_whale.jpg,composite,1180.9127197265625,65368.016,64187.1,54.35380658556038,5435.380658556038
67,n03710721_15514_maillot.jpg,z_plus,11386.39453125,6.8118676e+09,6.8118564e+09,598245.2448230418,59824524.482304186
67,n03710721_15514_maillot.jpg,epsilon,11386.39453125,1.0407368e+24,1.0407368e+24,9.140178332790566e+19,9.140178332790566e+21
67,n03710721_15514_maillot.jpg,alpha_beta,11386.39453125,8.0200713e+12,8.0200713e+12,704355646.7961988,70435564679.61989
67,n03710721_15514_maillot.jpg,composite,11386.39453125,65398.97,54012.574,4.743606421726171,474.36064217261713
68,n02815834_1310_beaker.jpg,z_plus,621.9022827148438,1.4549182e+10,1.4549181e+10,23394642.28441775,2339464228.441775
68,n02815834_1310_beaker.jpg,epsilon,621.9022827148438,3.319028e+24,3.319028e+24,5.336896509086612e+21,5.336896509086612e+23
68,n02815834_1310_beaker.jpg,alpha_beta,621.9022827148438,5.5927705e+13,5.5927705e+13,89930052885.12534,8993005288512.533
68,n02815834_1310_beaker.jpg,composite,621.9022827148438,65271.145,64649.242,103.95401976203902,10395.401976203902
69,n04517823_9843_vacuum.jpg,z_plus,24502.064453125,8.144937e+09,8.1449124e+09,332417.3928111949,33241739.28111949
69,n04517823_9843_vacuum.jpg,epsilon,24502.064453125,-5.963452e+24,5.963452e+24,2.433856912890846e+20,2.433856912890846e+22
69,n04517823_9843_vacuum.jpg,alpha_beta,24502.064453125,4.7989465e+12,4.7989465e+12,195858862.63635817,19585886263.63582
69,n04517823_9843_vacuum.jpg,composite,24502.064453125,65373.836,40871.773,1.6680950911581467,166.80950911581468
70,n03928116_38427_piano.jpg,z_plus,54191.5703125,9.008366e+09,9.008311e+09,166230.8592287083,16623085.922870828
70,n03928116_38427_piano.jpg,epsilon,54191.5703125,-3.7768968e+27,3.7768968e+27,6.969528185265689e+22,6.969528185265689e+24
70,n03928116_38427_piano.jpg,alpha_beta,54191.5703125,3.295893e+12,3.295893e+12,60819293.05775622,6081929305.775622
70,n03928116_38427_piano.jpg,composite,54191.5703125,65380.555,11188.984,0.2064709383853914,20.647093838539142
71,n03908714_4340_pencil_sharpener.jpg,z_plus,10327.6162109375,4.5305257e+09,4.5305155e+09,438679.68788397673,43867968.78839767
71,n03908714_4340_pencil_sharpener.jpg,epsilon,10327.6162109375,-2.4343275e+23,2.4343275e+23,2.3571048868106883e+19,2.3571048868106884e+21
71,n03908714_4340_pencil_sharpener.jpg,alpha_beta,10327.6162109375,2.4195692e+12,2.4195692e+12,234281478.67203972,23428147867.20397
71,n03908714_4340_pencil_sharpener.jpg,composite,10327.6162109375,65410.61,55082.992,5.333563047120092,533.3563047120092
72,n07693725_10941_bagel.jpg,z_plus,44751.68359375,8.251432e+09,8.2513874e+09,184381.60822964436,18438160.822964437
72,n07693725_10941_bagel.jpg,epsilon,44751.68359375,5.360068e+26,5.360068e+26,1.1977354621138944e+22,1.1977354621138945e+24
72,n07693725_10941_bagel.jpg,alpha_beta,44751.68359375,3.007088e+12,3.007088e+12,67194967.00990936,6719496700.990936
72,n07693725_10941_bagel.jpg,composite,44751.68359375,65382.305,20630.621,0.4610021218649929,46.10021218649929
73,n04591157_2640_tie.jpg,z_plus,14077.2958984375,8.664783e+09,8.664769e+09,615513.7019575702,61551370.19575702
73,n04591157_2640_tie.jpg,epsilon,14077.2958984375,-7.9014253e+24,7.9014253e+24,5.612885726881673e+20,5.612885726881673e+22
73,n04591157_2640_tie.jpg,alpha_beta,14077.2958984375,2.6522056e+13,2.6522056e+13,1884030610.9958172,188403061099.58173
73,n04591157_2640_tie.jpg,composite,14077.2958984375,65357.26,51279.965,3.6427425560784115,364.27425560784116
74,n03000684_16691_chain_saw.jpg,z_plus,5566.5224609375,6.708319e+09,6.7083136e+09,1205117.4942836748,120511749.42836748
74,n03000684_16691_chain_saw.jpg,epsilon,5566.5224609375,7.865346e+22,7.865346e+22,1.4129729740194554e+19,1.4129729740194555e+21
74,n03000684_16691_chain_saw.jpg,alpha_beta,5566.5224609375,2.2268994e+13,2.2268994e+13,4000521787.9267316,400052178792.67316
74,n03000684_16691_chain_saw.jpg,composite,5566.5224609375,65402.35,59835.83,10.74922962134457,1074.922962134457
75,n03770439_3065_miniskirt.jpg,z_plus,49854.7265625,1.0008832e+10,1.0008782e+10,200758.93529277242,20075893.529277243
75,n03770439_3065_miniskirt.jpg,epsilon,49854.7265625,-1.6585327e+27,1.6585327e+27,3.3267311938066486e+22,3.3267311938066487e+24
75,n03770439_3065_miniskirt.jpg,alpha_beta,49854.7265625,6.4854536e+12,6.4854536e+12,130087035.21655928,13008703521.655928
75,n03770439_3065_miniskirt.jpg,composite,49854.7265625,65396.83,15542.102,0.31174780475458935,31.174780475458935
76,n02411705_3019_sheep.jpg,z_plus,23833.4375,7.123621e+09,7.123597e+09,298890.8670853586,29889086.708535857
76,n02411705_3019_sheep.jpg,epsilon,23833.4375,4.1997453e+25,4.1997453e+25,1.7621232019748631e+21,1.762123201974863e+23
76,n02411705_3019_sheep.jpg,alpha_beta,23833.4375,6.904595e+12,6.904595e+12,289702024.1985534,28970202419.85534
76,n02411705_3019_sheep.jpg,composite,23833.4375,65381.406,41547.97,1.7432637969238913,174.32637969238914
77,n04118776_1258_ruler.jpg,z_plus,8335.6904296875,9.709052e+09,9.709044e+09,1164755.7924440363,116475579.24440363
77,n04118776_1258_ruler.jpg,epsilon,8335.6904296875,7.5869494e+25,7.5869494e+25,9.101764807232499e+21,9.101764807232498e+23
77,n04118776_1258_ruler.jpg,alpha_beta,8335.6904296875,1.5175799e+13,1.5175799e+13,1820580958.8933008,182058095889.33008
77,n04118776_1258_ruler.jpg,composite,8335.6904296875,65364.836,57029.145,6.841562197191762,684.1562197191762
78,n01982650_3364_lobster.jpg,z_plus,5087.31103515625,5.2434355e+09,5.2434304e+09,1030687.9928834396,103068799.28834397
78,n01982650_3364_lobster.jpg,epsilon,5087.31103515625,7.76021e+24,7.76021e+24,1.5254050082691468e+21,1.525405008269147e+23
78,n01982650_3364_lobster.jpg,alpha_beta,5087.31103515625,1.9635055e+13,1.9635055e+13,3859613698.9373355,385961369893.7335
78,n01982650_3364_lobster.jpg,composite,5087.31103515625,65446.293,60358.98,11.864613752063281,1186.461375206328
79,n01776313_1303_tick.jpg,z_plus,5687.966796875,8.3595827e+09,8.359577e+09,1469695.1277196847,146969512.77196848
79,n01776313_1303_tick.jpg,epsilon,5687.966796875,3.0797055e+23,3.0797055e+23,5.414422499926488e+19,5.414422499926487e+21
79,n01776313_1303_tick.jpg,alpha_beta,5687.966796875,4.3439924e+12,4.3439924e+12,763716205.3565167,76371620535.65167
79,n01776313_1303_tick.jpg,composite,5687.966796875,65319.715,59631.75,10.483842843940566,1048.3842843940567
80,n04004767_2519_printer.jpg,z_plus,10205.509765625,6.1635497e+09,6.1635395e+09,603942.3407108887,60394234.07108887
80,n04004767_2519_printer.jpg,epsilon,10205.509765625,-8.655521e+26,8.655521e+26,8.48122332712746e+22,8.481223327127461e+24
80,n04004767_2519_printer.jpg,alpha_beta,10205.509765625,1.813229e+13,1.813229e+13,1776715831.0771334,177671583107.71335
80,n04004767_2519_printer.jpg,composite,10205.509765625,65388.453,55182.945,5.40717186890224,540.717186890224
81,n02503517_6661_elephant.jpg,z_plus,6978.7880859375,5.773691e+09,5.7736837e+09,827318.9615304905,82731896.15304905
81,n02503517_6661_elephant.jpg,epsilon,6978.7880859375,-2.4152584e+24,2.4152584e+24,3.460856528086165e+20,3.460856528086165e+22
81,n02503517_6661_elephant.jpg,alpha_beta,6978.7880859375,8.1959893e+12,8.1959893e+12,1174414412.1392694,117441441213.92694
81,n02503517_6661_elephant.jpg,composite,6978.7880859375,65406.57,58427.78,8.372195935813789,837.2195935813788
82,n04336792_143_stretcher.jpg,z_plus,31408.046875,5.594394e+09,5.594363e+09,178118.776448108,17811877.6448108
82,n04336792_143_stretcher.jpg,epsilon,31408.046875,-2.4243094e+25,2.4243094e+25,7.718752435671106e+20,7.718752435671105e+22
82,n04336792_143_stretcher.jpg,alpha_beta,31408.046875,1.526994e+12,1.526994e+12,48617924.2204137,4861792422.04137
82,n04336792_143_stretcher.jpg,composite,31408.046875,65332.72,33924.67,1.080126758916744,108.0126758916744
83,n02807133_2901_bathing_cap.jpg,z_plus,33067.66015625,9.038698e+09,9.038666e+09,273338.53333712096,27333853.333712097
83,n02807133_2901_bathing_cap.jpg,epsilon,33067.66015625,5.0684455e+26,5.0684455e+26,1.532749960400058e+22,1.532749960400058e+24
83,n02807133_2901_bathing_cap.jpg,alpha_beta,33067.66015625,2.746187e+12,2.746187e+12,83047514.59860611,8304751459.860611
83,n02807133_2901_bathing_cap.jpg,composite,33067.66015625,65394.39,32326.73,0.9775935253961132,97.75935253961133
84,n02062744_3044_whale.jpg,z_plus,1428.800537109375,4.668942e+09,4.6689403e+09,3267734.135544578,326773413.5544578
84,n02062744_3044_whale.jpg,epsilon,1428.800537109375,8.318755e+28,8.318755e+28,5.822194458120046e+25,5.822194458120046e+27
84,n02062744_3044_whale.jpg,alpha_beta,1428.800537109375,3.6051897e+13,3.6051897e+13,25232281081.920525,2523228108192.0522
84,n02062744_3044_whale.jpg,composite,1428.800537109375,65437.26,64008.46,44.79873801486074,4479.873801486074
85,n04557648_2511_water_bottle.jpg,z_plus,25236.078125,7.167059e+09,7.167034e+09,283999.51135433075,28399951.135433074
85,n04557648_2511_water_bottle.jpg,epsilon,25236.078125,-6.752892e+27,6.752892e+27,2.6758880484155693e+23,2.6758880484155695e+25
85,n04557648_2511_water_bottle.jpg,alpha_beta,25236.078125,6.792246e+12,6.792246e+12,269148236.9995924,26914823699.959244
85,n04557648_2511_water_bottle.jpg,composite,25236.078125,65382.82,40146.742,1.5908471192965292,159.0847119296529
86,n07753275_25056_pineapple.jpg,z_plus,11460.87109375,6.9644027e+09,6.9643914e+09,607666.8489707828,60766684.89707828
86,n07753275_25056_pineapple.jpg,epsilon,11460.87109375,-1.0750265e+26,1.0750265e+26,9.379972271275858e+21,9.379972271275858e+23
86,n07753275_25056_pineapple.jpg,alpha_beta,11460.87109375,6.189561e+12,6.189561e+12,540060271.2356513,54006027123.565125
86,n07753275_25056_pineapple.jpg,composite,11460.87109375,65400.62,53939.75,4.70642672435348,470.642672435348
87,n04591713_5607_wine_bottle.jpg,z_plus,15029.62890625,7.2347136e+09,7.234699e+09,481362.4339714072,48136243.39714072
87,n04591713_5607_wine_bottle.jpg,epsilon,15029.62890625,-9.237963e+25,9.237963e+25,6.146501333492607e+21,6.146501333492607e+23
87,n04591713_5607_wine_bottle.jpg,alpha_beta,15029.62890625,2.3022168e+13,2.3022168e+13,1531785501.6915827,153178550169.15826
87,n04591713_5607_wine_bottle.jpg,composite,15029.62890625,65402.33,50372.7,3.3515597446188043,335.1559744618804
88,n02121808_5315_domestic_cat.jpg,z_plus,51846.296875,5.7373983e+09,5.7373466e+09,110660.68178085072,11066068.178085072
88,n02121808_5315_domestic_cat.jpg,epsilon,51846.296875,3.0347872e+27,3.0347872e+27,5.85343098211677e+22,5.85343098211677e+24
88,n02121808_5315_domestic_cat.jpg,alpha_beta,51846.296875,1.8898497e+12,1.8898497e+12,36451006.501088,3645100650.1088
88,n02121808_5315_domestic_cat.jpg,composite,51846.296875,65364.31,13518.012,0.2607324444278305,26.07324444278305
89,n07734744_5110_mushroom.jpg,z_plus,19131.80078125,7.281327e+09,7.281308e+09,380586.66004590737,38058666.004590735
89,n07734744_5110_mushroom.jpg,epsilon,19131.80078125,-2.5999679e+26,2.5999679e+26,1.358977070529955e+22,1.358977070529955e+24
89,n07734744_5110_mushroom.jpg,alpha_beta,19131.80078125,3.0262362e+12,3.0262362e+12,158178325.49070266,15817832549.070267
89,n07734744_5110_mushroom.jpg,composite,19131.80078125,65403.52,46271.72,2.418576237493853,241.85762374938528
90,n07739125_9099_apple.jpg,z_plus,15994.6728515625,9.834421e+09,9.834405e+09,614855.0179967372,61485501.799673714
90,n07739125_9099_apple.jpg,epsilon,15994.6728515625,3.190718e+26,3.190718e+26,1.9948628251265684e+22,1.9948628251265684e+24
90,n07739125_9099_apple.jpg,alpha_beta,15994.6728515625,8.967675e+12,8.967675e+12,560666338.2264426,56066633822.64426
90,n07739125_9099_apple.jpg,composite,15994.6728515625,65398.72,49404.047,3.0887813294768756,308.87813294768756
91,n03271574_692_electric_fan.jpg,z_plus,11550.2119140625,1.0724079e+10,1.0724067e+10,928473.6425435113,92847364.25435114
91,n03271574_692_electric_fan.jpg,epsilon,11550.2119140625,-7.805848e+23,7.805848e+23,6.758185823133581e+19,6.758185823133581e+21
91,n03271574_692_electric_fan.jpg,alpha_beta,11550.2119140625,3.2149405e+13,3.2149405e+13,2783447213.861677,278344721386.1677
91,n03271574_692_electric_fan.jpg,composite,11550.2119140625,65375.684,53825.473,4.660128580906146,466.01285809061454
92,n03950228_10344_pitcher.jpg,z_plus,6961.890625,9.044104e+09,9.044097e+09,1299086.3417936417,129908634.17936417
92,n03950228_10344_pitcher.jpg,epsilon,6961.890625,-2.5233407e+27,2.5233407e+27,3.624505013200999e+23,3.624505013200999e+25
92,n03950228_10344_pitcher.jpg,alpha_beta,6961.890625,4.847903e+13,4.847903e+13,6963486031.137847,696348603113.7847
92,n03950228_10344_pitcher.jpg,composite,6961.890625,65374.375,58412.484,8.390319170662295,839.0319170662294
93,n04530566_8181_watercraft.jpg,z_plus,5651.68359375,1.1105142e+10,1.1105136e+10,1964925.2177313706,196492521.77313706
93,n04530566_8181_watercraft.jpg,epsilon,5651.68359375,-5.244946e+24,5.244946e+24,9.280324947623209e+20,9.28032494762321e+22
93,n04530566_8181_watercraft.jpg,alpha_beta,5651.68359375,3.36159e+13,3.36159e+13,5947944354.543963,594794435454.3964
93,n04530566_8181_watercraft.jpg,composite,5651.68359375,65394.242,59742.56,10.570754289891005,1057.0754289891004
94,n03000684_3268_chain_saw.jpg,z_plus,34891.3046875,8.1524767e+09,8.152442e+09,233652.53690041645,23365253.690041646
94,n03000684_3268_chain_saw.jpg,epsilon,34891.3046875,3.9149278e+28,3.9149278e+28,1.1220353599363559e+24,1.122035359936356e+26
94,n03000684_3268_chain_saw.jpg,alpha_beta,34891.3046875,4.57841e+12,4.57841e+12,131219225.32613432,13121922532.613432
94,n03000684_3268_chain_saw.jpg,composite,34891.3046875,65381.61,30490.305,0.8738654217886683,87.38654217886683
95,n02355227_12248_squirrel.jpg,z_plus,31702.796875,9.687942e+09,9.68791e+09,305585.3538158751,30558535.38158751
95,n02355227_12248_squirrel.jpg,epsilon,31702.796875,1.0262169e+26,1.0262169e+26,3.2369917109720245e+21,3.2369917109720245e+23
95,n02355227_12248_squirrel.jpg,alpha_beta,31702.796875,9.46681e+12,9.46681e+12,298611207.8259247,29861120782.59247
95,n02355227_12248_squirrel.jpg,composite,31702.796875,65365.5,33662.703,1.0618212411266612,106.18212411266612
96,n03001627_6675_chair.jpg,z_plus,11959.134765625,7.3279355e+09,7.3279237e+09,612746.9800794087,61274698.00794087
96,n03001627_6675_chair.jpg,epsilon,11959.134765625,4.320753e+24,4.320753e+24,3.6129310278011e+20,3.6129310278011e+22
96,n03001627_6675_chair.jpg,alpha_beta,11959.134765625,5.9107894e+12,5.9107894e+12,494248912.93618596,49424891293.6186
96,n03001627_6675_chair.jpg,composite,11959.134765625,65406.09,53446.953,4.469132104658771,446.91321046587706
97,n02970849_5009_cart.jpg,z_plus,7156.86181640625,8.720343e+09,8.720336e+09,1218458.0470742711,121845804.70742711
97,n02970849_5009_cart.jpg,epsilon,7156.86181640625,-2.6722827e+25,2.6722827e+25,3.7338749951009987e+21,3.733874995100999e+23
97,n02970849_5009_cart.jpg,alpha_beta,7156.86181640625,2.7742886e+13,2.7742886e+13,3876403775.5943356,387640377559.43353
97,n02970849_5009_cart.jpg,composite,7156.86181640625,65415.523,58258.66,8.140252201417505,814.0252201417505
98,n02444819_7927_otter.jpg,z_plus,21886.5390625,1.6009755e+10,1.6009733e+10,731487.6543194558,73148765.43194559
98,n02444819_7927_otter.jpg,epsilon,21886.5390625,1.192538e+28,1.192538e+28,5.448728206510591e+23,5.448728206510591e+25
98,n02444819_7927_otter.jpg,alpha_beta,21886.5390625,4.5587295e+13,4.5587295e+13,2082891884.1233497,208289188412.33496
98,n02444819_7927_otter.jpg,composite,21886.5390625,65382.895,43496.355,1.9873564908795416,198.73564908795416
99,n04023962_20755_punching_bag.jpg,z_plus,24057.744140625,7.7381484e+09,7.7381243e+09,321647.9584606077,32164795.846060768
99,n04023962_20755_punching_bag.jpg,epsilon,24057.744140625,9.26629e+26,9.26629e+26,3.851687081486915e+22,3.851687081486915e+24
99,n04023962_20755_punching_bag.jpg,alpha_beta,24057.744140625,5.4210273e+12,5.4210273e+12,225333982.41930678,22533398241.93068
99,n04023962_20755_punching_bag.jpg,composite,24057.744140625,65384.43,41326.688,1.7178122461703365,171.78122461703364
100,n02777292_18680_balance_beam.jpg,z_plus,17343.783203125,8.71479e+09,8.714772e+09,502472.4062757698,50247240.627576984
100,n02777292_18680_balance_beam.jpg,epsilon,17343.783203125,1.0138947e+27,1.0138947e+27,5.84586796630127e+22,5.84586796630127e+24
100,n02777292_18680_balance_beam.jpg,alpha_beta,17343.783203125,7.587193e+12,7.587193e+12,437458933.19102967,43745893319.10297
100,n02777292_18680_balance_beam.jpg,composite,17343.783203125,65372.496,48028.71,2.7692176715425862,276.92176715425865
101,n07753113_12066_fig.jpg,z_plus,45087.26953125,8.382677e+09,8.382632e+09,185920.15048038805,18592015.048038807
101,n07753113_12066_fig.jpg,epsilon,45087.26953125,3.5275086e+27,3.5275086e+27,7.823735235424912e+22,7.823735235424912e+24
101,n07753113_12066_fig.jpg,alpha_beta,45087.26953125,3.148869e+12,3.148869e+12,69839425.67702949,6983942567.70295
101,n07753113_12066_fig.jpg,composite,45087.26953125,65381.473,20294.203,0.45010938422282665,45.01093842228266
102,n04039381_8917_racket.jpg,z_plus,17149.0859375,6.8618015e+09,6.8617846e+09,400125.3828342476,40012538.28342476
102,n04039381_8917_racket.jpg,epsilon,17149.0859375,2.4566022e+26,2.4566022e+26,1.4324974345895423e+22,1.4324974345895422e+24
102,n04039381_8917_racket.jpg,alpha_beta,17149.0859375,7.8929986e+12,7.8929986e+12,460257682.6756624,46025768267.56624
102,n04039381_8917_racket.jpg,composite,17149.0859375,65378.094,48229.008,2.8123369366897015,281.23369366897015
103,n03961711_9189_plate_rack.jpg,z_plus,12376.37890625,1.0280538e+10,1.0280526e+10,830657.0041102703,83065700.41102703
103,n03961711_9189_plate_rack.jpg,epsilon,12376.37890625,-1.4435716e+25,1.4435716e+25,1.166392563889035e+21,1.166392563889035e+23
103,n03961711_9189_plate_rack.jpg,alpha_beta,12376.37890625,2.600247e+13,2.600247e+13,2100975608.8151762,210097560881.51764
103,n03961711_9189_plate_rack.jpg,composite,12376.37890625,65372.668,52996.29,4.282051273958079,428.20512739580795
104,n01982650_8073_lobster.jpg,z_plus,10178.0732421875,6.6469253e+09,6.646915e+09,653062.2165743791,65306221.65743791
104,n01982650_8073_lobster.jpg,epsilon,10178.0732421875,5.89079e+24,5.89079e+24,5.787726252165181e+20,5.787726252165181e+22
104,n01982650_8073_lobster.jpg,alpha_beta,10178.0732421875,3.435017e+12,3.435017e+12,337491873.9002313,33749187390.02313
104,n01982650_8073_lobster.jpg,composite,10178.0732421875,65394.816,55216.742,5.425068269171468,542.5068269171468
105,n03838899_34130_oboe.jpg,z_plus,53124.3984375,1.3301805e+10,1.3301752e+10,250388.75167027157,25038875.167027157
105,n03838899_34130_oboe.jpg,epsilon,53124.3984375,-1.485703e+28,1.485703e+28,2.7966491000712684e+23,2.7966491000712685e+25
105,n03838899_34130_oboe.jpg,alpha_beta,53124.3984375,2.405422e+13,2.405422e+13,452790448.4808605,45279044848.086044
105,n03838899_34130_oboe.jpg,composite,53124.3984375,65374.03,12249.633,0.23058393455337223,23.058393455337225
106,n07693725_1357_bagel.jpg,z_plus,2628.278564453125,1.1111768e+10,1.1111765e+10,4227772.939398391,422777293.9398391
106,n07693725_1357_bagel.jpg,epsilon,2628.278564453125,-1.6903017e+28,1.6903017e+28,6.431211997906908e+24,6.431211997906908e+26
106,n07693725_1357_bagel.jpg,alpha_beta,2628.278564453125,2.715194e+13,2.715194e+13,10330693465.07693,1033069346507.6929
106,n07693725_1357_bagel.jpg,composite,2628.278564453125,65384.96,62756.684,23.877485606927713,2387.748560692771
107,n02391049_2847_zebra.jpg,z_plus,14756.6103515625,8.931161e+09,8.931147e+09,605230.2350758839,60523023.507588394
107,n02391049_2847_zebra.jpg,epsilon,14756.6103515625,-1.3294615e+25,1.3294615e+25,9.009260429089028e+20,9.009260429089027e+22
107,n02391049_2847_zebra.jpg,alpha_beta,14756.6103515625,1.0639029e+13,1.0639029e+13,720967014.231474,72096701423.1474
107,n02391049_2847_zebra.jpg,composite,14756.6103515625,65406.5,50649.89,3.4323526486306872,343.2352648630687
108,n03633091_11227_ladle.jpg,z_plus,10783.458984375,9.119398e+09,9.119387e+09,845682.8775639569,84568287.75639568
108,n03633091_11227_ladle.jpg,epsilon,10783.458984375,-7.538719e+24,7.538719e+24,6.991002710744973e+20,6.991002710744973e+22
108,n03633091_11227_ladle.jpg,alpha_beta,10783.458984375,1.5822869e+13,1.5822869e+13,1467327807.950077,146732780795.0077
108,n03633091_11227_ladle.jpg,composite,10783.458984375,65349.4,54565.938,5.060151624730043,506.0151624730043
109,n04252077_1991_snowmobile.jpg,z_plus,11153.2158203125,4.0674486e+09,4.0674373e+09,364687.40294542874,36468740.29454287
109,n04252077_1991_snowmobile.jpg,epsilon,11153.2158203125,-8.746552e+24,8.746552e+24,7.842179412682067e+20,7.842179412682067e+22
109,n04252077_1991_snowmobile.jpg,alpha_beta,11153.2158203125,1.3363157e+12,1.3363157e+12,119814389.11333092,11981438911.333092
109,n04252077_1991_snowmobile.jpg,composite,11153.2158203125,65405.188,54251.973,4.864244853707588,486.4244853707588
110,n07873807_9267_pizza.jpg,z_plus,11974.8017578125,1.009005e+10,1.0090037e+10,842605.7860553975,84260578.60553975
110,n07873807_9267_pizza.jpg,epsilon,11974.8017578125,9.853997e+25,9.853997e+25,8.228943777724708e+21,8.228943777724707e+23
110,n07873807_9267_pizza.jpg,alpha_beta,11974.8017578125,1.6883839e+13,1.6883839e+13,1409947299.6258478,140994729962.58478
110,n07873807_9267_pizza.jpg,composite,11974.8017578125,65375.527,53400.727,4.459424685478094,445.9424685478094
111,n02355227_12611_squirrel.jpg,z_plus,1594.0111083984375,4.070255e+09,4.0702536e+09,2553466.2503619455,255346625.03619456
111,n02355227_12611_squirrel.jpg,epsilon,1594.0111083984375,5.362429e+25,5.362429e+25,3.3641100827158456e+22,3.3641100827158454e+24
111,n02355227_12611_squirrel.jpg,alpha_beta,1594.0111083984375,8.7960395e+12,8.7960395e+12,5518179577.596665,551817957759.6665
111,n02355227_12611_squirrel.jpg,composite,1594.0111083984375,65421.453,63827.44,40.042030491456096,4004.2030491456094
112,n03337140_6179_filing_cabinet.jpg,z_plus,35652.09375,8.642428e+09,8.642392e+09,242409.1029436317,24240910.29436317
112,n03337140_6179_filing_cabinet.jpg,epsilon,35652.09375,-9.972402e+25,9.972402e+25,2.797143458080207e+21,2.7971434580802067e+23
112,n03337140_6179_filing_cabinet.jpg,alpha_beta,35652.09375,1.5540739e+13,1.5540739e+13,435899767.4604613,43589976746.046135
112,n03337140_6179_filing_cabinet.jpg,composite,35652.09375,65350.957,29698.863,0.8330187699354731,83.30187699354731
113,n03062245_2732_cocktail_shaker.jpg,z_plus,43057.53125,8.758918e+09,8.758875e+09,203422.60416985233,20342260.416985232
113,n03062245_2732_cocktail_shaker.jpg,epsilon,43057.53125,5.2457315e+25,5.2457315e+25,1.2183075430124636e+21,1.2183075430124636e+23
113,n03062245_2732_cocktail_shaker.jpg,alpha_beta,43057.53125,3.736395e+12,3.736395e+12,86776806.44089212,8677680644.089212
113,n03062245_2732_cocktail_shaker.jpg,composite,43057.53125,65400.586,22343.055,0.5189116523604563,51.89116523604563
114,n02786058_2393_band_aid.jpg,z_plus,3280.88134765625,8.984478e+09,8.984475e+09,2738433.265931871,273843326.5931871
114,n02786058_2393_band_aid.jpg,epsilon,3280.88134765625,-1.3476529e+26,1.3476529e+26,4.107594135265824e+22,4.1075941352658237e+24
114,n02786058_2393_band_aid.jpg,alpha_beta,3280.88134765625,3.541184e+13,3.541184e+13,10793393001.83782,1079339300183.782
114,n02786058_2393_band_aid.jpg,composite,3280.88134765625,65383.625,62102.742,18.928676659351048,1892.8676659351047
115,n03958227_1109_plastic_bag.jpg,z_plus,3035.307861328125,6.79671e+09,6.796707e+09,2239214.974728726,223921497.47287259
115,n03958227_1109_plastic_bag.jpg,epsilon,3035.307861328125,1.1601024e+26,1.1601024e+26,3.822025355932578e+22,3.8220253559325783e+24
115,n03958227_1109_plastic_bag.jpg,alpha_beta,3035.307861328125,7.102719e+13,7.102719e+13,23400325248.822056,2340032524882.2056
115,n03958227_1109_plastic_bag.jpg,composite,3035.307861328125,65414.145,62378.836,20.551073824249595,2055.1073824249597
116,n04070727_39078_refrigerator.jpg,z_plus,11940.8837890625,9.717401e+09,9.717388e+09,813791.3792361022,81379137.92361023
116,n04070727_39078_refrigerator.jpg,epsilon,11940.8837890625,3.159294e+23,3.159294e+23,2.6457789300892525e+19,2.6457789300892526e+21
116,n04070727_39078_refrigerator.jpg,alpha_beta,11940.8837890625,2.5107318e+13,2.5107318e+13,2102634787.9291368,210263478792.91367
116,n04070727_39078_refrigerator.jpg,composite,11940.8837890625,65374.58,53433.695,4.474852637075258,447.48526370752575
117,n03720891_10274_maraca.jpg,z_plus,14864.115234375,8.655084e+09,8.655068e+09,582279.4040228889,58227940.402288884
117,n03720891_10274_maraca.jpg,epsilon,14864.115234375,8.280475e+25,8.280475e+25,5.570782306243041e+21,5.570782306243041e+23
117,n03720891_10274_maraca.jpg,alpha_beta,14864.115234375,1.2088826e+13,1.2088826e+13,813289317.521595,81328931752.1595
117,n03720891_10274_maraca.jpg,composite,14864.115234375,65364.89,50500.773,3.3974960931887606,339.7496093188761
118,n02454379_6001_armadillo.jpg,z_plus,3385.367431640625,2.487232e+09,2.4872287e+09,734699.7695886436,73469976.95886436
118,n02454379_6001_armadillo.jpg,epsilon,3385.367431640625,9.377646e+25,9.377646e+25,2.7700525973172243e+22,2.770052597317224e+24
118,n02454379_6001_armadillo.jpg,alpha_beta,3385.367431640625,6.73993e+11,6.73993e+11,199090058.17580304,19909005817.580303
118,n02454379_6001_armadillo.jpg,composite,3385.367431640625,65505.934,62120.566,18.34972648039171,1834.972648039171
119,n04070727_16103_refrigerator.jpg,z_plus,26285.162109375,6.9841946e+09,6.9841684e+09,265707.64216473006,26570764.216473006
119,n04070727_16103_refrigerator.jpg,epsilon,26285.162109375,-6.651927e+27,6.651927e+27,2.530677638957703e+23,2.530677638957703e+25
119,n04070727_16103_refrigerator.jpg,alpha_beta,26285.162109375,2.4555537e+12,2.4555537e+12,93419766.3958898,9341976639.58898
119,n04070727_16103_refrigerator.jpg,composite,26285.162109375,65382.79,39097.625,1.4874408929764125,148.74408929764124
120,n02880940_18435_bowl.jpg,z_plus,12265.9970703125,6.69533e+09,6.6953175e+09,545843.7227418055,54584372.27418055
120,n02880940_18435_bowl.jpg,epsilon,12265.9970703125,-1.9926475e+26,1.9926475e+26,1.6245296131082946e+22,1.6245296131082944e+24
120,n02880940_18435_bowl.jpg,alpha_beta,12265.9970703125,4.8785785e+12,4.8785785e+12,397731913.2911965,39773191329.11965
120,n02880940_18435_bowl.jpg,composite,12265.9970703125,65359.254,53093.258,4.328490990838221,432.84909908382207
121,n04540053_735_volleyball.jpg,z_plus,15383.9794921875,7.104685e+09,7.1046697e+09,461822.61875787907,46182261.87578791
121,n04540053_735_volleyball.jpg,epsilon,15383.9794921875,5.408541e+26,5.408541e+26,3.5156970229791e+22,3.5156970229791e+24
121,n04540053_735_volleyball.jpg,alpha_beta,15383.9794921875,6.1693467e+12,6.1693467e+12,401024111.25109726,40102411125.109726
121,n04540053_735_volleyball.jpg,composite,15383.9794921875,65398.4,50014.418,3.2510715445340876,325.1071544534088
122,n04332243_12542_strainer.jpg,z_plus,22307.51953125,8.944685e+09,8.944663e+09,400970.736144342,40097073.6144342
122,n04332243_12542_strainer.jpg,epsilon,22307.51953125,-2.9801268e+25,2.9801268e+25,1.3359292776433912e+21,1.3359292776433912e+23
122,n04332243_12542_strainer.jpg,alpha_beta,22307.51953125,1.3808572e+13,1.3808572e+13,619009724.3010514,61900972430.10514
122,n04332243_12542_strainer.jpg,composite,22307.51953125,65413.43,43105.91,1.9323488698894633,193.23488698894633
123,n04336792_7621_stretcher.jpg,z_plus,686.0034790039062,6.071634e+09,6.0716334e+09,8850732.67676034,885073267.676034
123,n04336792_7621_stretcher.jpg,epsilon,686.0034790039062,-4.05761e+23,4.05761e+23,5.914853323481216e+20,5.914853323481216e+22
123,n04336792_7621_stretcher.jpg,alpha_beta,686.0034790039062,3.6907027e+13,3.6907027e+13,53800058450.31588,5380005845031.588
123,n04336792_7621_stretcher.jpg,composite,686.0034790039062,65448.938,64762.934,94.4061299626249,9440.612996262491
124,n01882714_14215_koala_bear.jpg,z_plus,5894.85888671875,9.682958e+09,9.682952e+09,1642609.6668427917,164260966.68427917
124,n01882714_14215_koala_bear.jpg,epsilon,5894.85888671875,2.8712996e+25,2.8712996e+25,4.870853810246183e+21,4.870853810246183e+23
124,n01882714_14215_koala_bear.jpg,alpha_beta,5894.85888671875,1.1302626e+13,1.1302626e+13,1917370048.5497885,191737004854.97885
124,n01882714_14215_koala_bear.jpg,composite,5894.85888671875,65392.715,59497.855,10.093177226479487,1009.3177226479487
125,n02503517_9218_elephant.jpg,z_plus,20517.685546875,7.510366e+09,7.5103457e+09,366042.5397806877,36604253.97806877
125,n02503517_9218_elephant.jpg,epsilon,20517.685546875,7.962941e+28,7.962941e+28,3.8810134002519154e+24,3.881013400251915e+26
125,n02503517_9218_elephant.jpg,alpha_beta,20517.685546875,1.6752741e+12,1.6752741e+12,81650246.98894829,8165024698.894829
125,n02503517_9218_elephant.jpg,composite,20517.685546875,65356.977,44839.29,2.185397030286741,218.53970302867413
126,n04509417_2993_unicycle.jpg,z_plus,15695.837890625,7.191377e+09,7.191361e+09,458169.93486501824,45816993.48650182
126,n04509417_2993_unicycle.jpg,epsilon,15695.837890625,-2.247565e+26,2.247565e+26,1.431949644353613e+22,1.4319496443536128e+24
126,n04509417_2993_unicycle.jpg,alpha_beta,15695.837890625,8.4351627e+12,8.4351627e+12,537413977.8982885,53741397789.82885
126,n04509417_2993_unicycle.jpg,composite,15695.837890625,65343.133,49647.297,3.16308675082907,316.308675082907
127,n07753592_862_banana.jpg,z_plus,28182.90234375,5.237472e+09,5.237444e+09,185837.6412804517,18583764.12804517
127,n07753592_862_banana.jpg,epsilon,28182.90234375,-1.0793744e+27,1.0793744e+27,3.829890891316497e+22,3.829890891316497e+24
127,n07753592_862_banana.jpg,alpha_beta,28182.90234375,2.0071906e+12,2.0071906e+12,71220152.46144636,7122015246.144636
127,n07753592_862_banana.jpg,composite,28182.90234375,65376.023,37193.12,1.3197051403755382,131.9705140375538
128,n04409515_6040_tennis_ball.jpg,z_plus,4197.93212890625,9.341948e+09,9.341944e+09,2225367.9957497953,222536799.57497954
128,n04409515_6040_tennis_ball.jpg,epsilon,4197.93212890625,1.073307e+25,1.073307e+25,2.556751606068038e+21,2.556751606068038e+23
128,n04409515_6040_tennis_ball.jpg,alpha_beta,4197.93212890625,4.078412e+13,4.078412e+13,9715288146.162663,971528814616.2662
128,n04409515_6040_tennis_ball.jpg,composite,4197.93212890625,65330.51,61132.58,14.562545617171095,1456.2545617171095
129,n02870880_2338_bookshelf.jpg,z_plus,11600.6337890625,9.80917e+09,9.809159e+09,845570.9702040234,84557097.02040234
129,n02870880_2338_bookshelf.jpg,epsilon,11600.6337890625,-1.9528904e+25,1.9528904e+25,1.683434217745976e+21,1.6834342177459758e+23
129,n02870880_2338_bookshelf.jpg,alpha_beta,11600.6337890625,2.0791503e+13,2.0791503e+13,1792272986.7632916,179227298676.32916
129,n02870880_2338_bookshelf.jpg,composite,11600.6337890625,65420.254,53819.62,4.639369026930964,463.93690269309644
130,n03124170_1312_hat_with_a_wide_brim.jpg,z_plus,5305.0712890625,7.6458747e+09,7.6458696e+09,1441237.8555142316,144123785.55142316
130,n03124170_1312_hat_with_a_wide_brim.jpg,epsilon,5305.0712890625,3.0678888e+25,3.0678888e+25,5.78293613261199e+21,5.78293613261199e+23
130,n03124170_1312_hat_with_a_wide_brim.jpg,alpha_beta,5305.0712890625,1.9570237e+13,1.9570237e+13,3688967691.7964125,368896769179.64124
130,n03124170_1312_hat_with_a_wide_brim.jpg,composite,5305.0712890625,65414.844,60109.773,11.330625011848074,1133.0625011848074
131,n02777292_4842_balance_beam.jpg,z_plus,22993.19921875,1.3084058e+10,1.3084035e+10,569039.3471357367,56903934.71357367
131,n02777292_4842_balance_beam.jpg,epsilon,22993.19921875,-2.428501e+26,2.428501e+26,1.0561822743668325e+22,1.0561822743668326e+24
131,n02777292_4842_balance_beam.jpg,alpha_beta,22993.19921875,3.1324363e+13,3.1324363e+13,1362331627.201095,136233162720.10951
131,n02777292_4842_balance_beam.jpg,composite,22993.19921875,65355.133,42361.934,1.842367962401846,184.23679624018462
132,n01944390_7154_snail.jpg,z_plus,3872.373779296875,3.0183992e+09,3.0183954e+09,779469.019270987,77946901.9270987
132,n01944390_7154_snail.jpg,epsilon,3872.373779296875,1.5905932e+25,1.5905932e+25,4.107540518977606e+21,4.1075405189776063e+23
132,n01944390_7154_snail.jpg,alpha_beta,3872.373779296875,3.2757996e+11,3.2757996e+11,84594096.01606062,8459409601.606062
132,n01944390_7154_snail.jpg,composite,3872.373779296875,65313.734,61441.36,15.866588009523277,1586.6588009523277
133,n02445715_13210_skunk.jpg,z_plus,40932.703125,8.020892e+09,8.020851e+09,195952.15042372808,19595215.042372808
133,n02445715_13210_skunk.jpg,epsilon,40932.703125,-1.783712e+28,1.783712e+28,4.357669602924868e+23,4.357669602924868e+25
133,n02445715_13210_skunk.jpg,alpha_beta,40932.703125,4.8588354e+12,4.8588354e+12,118703017.36843532,11870301736.843533
133,n02445715_13210_skunk.jpg,composite,40932.703125,65385.688,24452.984,0.5973948092390833,59.73948092390833
134,n03761084_13411_microwave.jpg,z_plus,49388.9140625,9.235966e+09,9.235917e+09,187003.8443913157,18700384.439131573
134,n03761084_13411_microwave.jpg,epsilon,49388.9140625,-9.484089e+26,9.484089e+26,1.9202869521050176e+22,1.9202869521050175e+24
134,n03761084_13411_microwave.jpg,alpha_beta,49388.9140625,4.6317694e+12,4.6317694e+12,93781559.50241302,9378155950.241302
134,n03761084_13411_microwave.jpg,composite,49388.9140625,65380.23,15991.316,0.3237835192329438,32.37835192329438
135,n04154565_1120_screwdriver.jpg,z_plus,6279.5009765625,1.2532463e+10,1.2532456e+10,1995772.672824469,199577267.2824469
135,n04154565_1120_screwdriver.jpg,epsilon,6279.5009765625,1.2260668e+25,1.2260668e+25,1.9524907621930086e+21,1.9524907621930084e+23
135,n04154565_1120_screwdriver.jpg,alpha_beta,6279.5009765625,4.015089e+13,4.015089e+13,6393961804.946616,639396180494.6616
135,n04154565_1120_screwdriver.jpg,composite,6279.5009765625,65384.5,59105.0,9.412372132848304,941.2372132848304
136,n02870880_1312_bookshelf.jpg,z_plus,21415.724609375,9.693917e+09,9.693896e+09,452653.1722282198,45265317.22282198
136,n02870880_1312_bookshelf.jpg,epsilon,21415.724609375,3.7662213e+24,3.7662213e+24,1.758624266005254e+20,1.758624266005254e+22
136,n02870880_1312_bookshelf.jpg,alpha_beta,21415.724609375,8.3564277e+12,8.3564277e+12,390200559.6014005,39020055960.14005
136,n02870880_1312_bookshelf.jpg,composite,21415.724609375,65416.21,44000.484,2.0545877002796433,205.45877002796433
137,n02445715_1874_skunk.jpg,z_plus,4880.88330078125,4.4936474e+09,4.493642e+09,920661.6841832321,92066168.41832322
137,n02445715_1874_skunk.jpg,epsilon,4880.88330078125,-3.7202766e+25,3.7202766e+25,7.622138036489521e+21,7.622138036489521e+23
137,n02445715_1874_skunk.jpg,alpha_beta,4880.88330078125,5.4329077e+12,5.4329077e+12,1113099274.559848,111309927455.9848
137,n02445715_1874_skunk.jpg,composite,4880.88330078125,65448.273,60567.39,12.409104437160579,1240.910443716058
138,n03995372_2270_power_drill.jpg,z_plus,2392.521240234375,7.156179e+09,7.1561764e+09,2991060.75367422,299106075.367422
138,n03995372_2270_power_drill.jpg,epsilon,2392.521240234375,9.886027e+26,9.886027e+26,4.132054035409287e+23,4.1320540354092874e+25
138,n03995372_2270_power_drill.jpg,alpha_beta,2392.521240234375,2.5195054e+13,2.5195054e+13,10530754620.217007,1053075462021.7007
138,n03995372_2270_power_drill.jpg,composite,2392.521240234375,65409.203,63016.684,26.33902785646762,2633.902785646762
139,n03481172_10708_hammer.jpg,z_plus,11849.8642578125,6.92795e+09,6.927938e+09,584642.8192991235,58464281.92991235
139,n03481172_10708_hammer.jpg,epsilon,11849.8642578125,-4.6229737e+24,4.6229737e+24,3.901288315070756e+20,3.901288315070756e+22
139,n03481172_10708_hammer.jpg,alpha_beta,11849.8642578125,8.1959993e+12,8.1959993e+12,691653430.8365402,69165343083.65402
139,n03481172_10708_hammer.jpg,composite,11849.8642578125,65402.453,53552.59,4.5192576622503315,451.92576622503316
140,n03110669_126388_trumpet.jpg,z_plus,38885.3984375,6.51e+09,6.509961e+09,167414.02885361222,16741402.885361223
140,n03110669_126388_trumpet.jpg,epsilon,38885.3984375,1.5090871e+28,1.5090871e+28,3.8808580283338383e+23,3.880858028333838e+25
140,n03110669_126388_trumpet.jpg,alpha_beta,38885.3984375,7.2973875e+12,7.2973875e+12,187663949.85986346,18766394985.986347
140,n03110669_126388_trumpet.jpg,composite,38885.3984375,65382.57,26497.172,0.6814170084328153,68.14170084328153
141,n03958227_3676_plastic_bag.jpg,z_plus,7430.74169921875,4.3787423e+09,4.3787346e+09,589272.8840863598,58927288.408635974
141,n03958227_3676_plastic_bag.jpg,epsilon,7430.74169921875,-1.5913405e+26,1.5913405e+26,2.141563439111789e+22,2.141563439111789e+24
141,n03958227_3676_plastic_bag.jpg,alpha_beta,7430.74169921875,1.5956678e+12,1.5956678e+12,214738695.01553926,21473869501.553925
141,n03958227_3676_plastic_bag.jpg,composite,7430.74169921875,65504.746,58074.004,7.815371097120485,781.5371097120485
142,n03314780_8491_face_powder.jpg,z_plus,23690.572265625,9.356884e+09,9.35686e+09,394961.3504936899,39496135.049368985
142,n03314780_8491_face_powder.jpg,epsilon,23690.572265625,-1.6226838e+27,1.6226838e+27,6.8494916975272254e+22,6.849491697527225e+24
142,n03314780_8491_face_powder.jpg,alpha_beta,23690.572265625,7.3912874e+12,7.3912874e+12,311992777.5733995,31199277757.339947
142,n03314780_8491_face_powder.jpg,composite,23690.572265625,65404.336,41713.766,1.760774925877366,176.0774925877366
143,n02317335_14997_starfish.jpg,z_plus,10827.513671875,1.0017866e+10,1.0017854e+10,925222.056289889,92522205.6289889
143,n02317335_14997_starfish.jpg,epsilon,10827.513671875,1.5285345e+28,1.5285345e+28,1.4117133138451633e+24,1.4117133138451633e+26
143,n02317335_14997_starfish.jpg,alpha_beta,10827.513671875,4.6851414e+12,4.6851414e+12,432707038.661466,43270703866.1466
143,n02317335_14997_starfish.jpg,composite,10827.513671875,65386.402,54558.89,5.038912189666808,503.8912189666808
144,n02777292_15460_balance_beam.jpg,z_plus,6343.34619140625,1.0145811e+10,1.0145805e+10,1599440.5800748495,159944058.00748494
144,n02777292_15460_balance_beam.jpg,epsilon,6343.34619140625,-1.2511898e+28,1.2511898e+28,1.9724444816515988e+24,1.9724444816515987e+26
144,n02777292_15460_balance_beam.jpg,alpha_beta,6343.34619140625,1.1421044e+13,1.1421044e+13,1800476169.83715,180047616983.715
144,n02777292_15460_balance_beam.jpg,composite,6343.34619140625,65372.31,59028.96,9.305650228811588,930.5650228811588
145,n07873807_12105_pizza.jpg,z_plus,7107.83203125,1.0342068e+10,1.0342061e+10,1455023.2772143555,145502327.72143555
145,n07873807_12105_pizza.jpg,epsilon,7107.83203125,-6.623793e+24,6.623793e+24,9.319005915898539e+20,9.31900591589854e+22
145,n07873807_12105_pizza.jpg,alpha_beta,7107.83203125,2.7269446e+13,2.7269446e+13,3836534908.819517,383653490881.9517
145,n07873807_12105_pizza.jpg,composite,7107.83203125,65417.35,58309.52,8.203559014180495,820.3559014180495
146,n02691156_433_airplane.jpg,z_plus,11984.51171875,1.3284479e+10,1.3284467e+10,1108469.581386039,110846958.1386039
146,n02691156_433_airplane.jpg,epsilon,11984.51171875,-2.697721e+27,2.697721e+27,2.2510061162760892e+23,2.251006116276089e+25
146,n02691156_433_airplane.jpg,alpha_beta,11984.51171875,3.2424994e+13,3.2424994e+13,2705574893.172474,270557489317.24738
146,n02691156_433_airplane.jpg,composite,11984.51171875,65402.086,53417.574,4.457217404625064,445.72174046250643
147,n04254680_5654_soccer_ball.jpg,z_plus,5843.57421875,9.379868e+09,9.379862e+09,1605158.273493246,160515827.34932458
147,n04254680_5654_soccer_ball.jpg,epsilon,5843.57421875,-3.1505868e+25,3.1505868e+25,5.391540576065665e+21,5.391540576065665e+23
147,n04254680_5654_soccer_ball.jpg,alpha_beta,5843.57421875,1.2142688e+13,1.2142688e+13,2077955696.8672104,207795569686.72104
147,n04254680_5654_soccer_ball.jpg,composite,5843.57421875,65325.016,59481.44,10.178948564627541,1017.8948564627541
148,n07753113_7675_fig.jpg,z_plus,10481.173828125,1.0649941e+10,1.0649931e+10,1016100.9564998478,101610095.64998478
148,n07753113_7675_fig.jpg,epsilon,10481.173828125,-2.7537846e+25,2.7537846e+25,2.627362782986157e+21,2.627362782986157e+23
148,n07753113_7675_fig.jpg,alpha_beta,10481.173828125,1.7880398e+13,1.7880398e+13,1705953735.4293604,170595373542.93604
148,n07753113_7675_fig.jpg,composite,10481.173828125,65329.203,54848.03,5.233004637592834,523.3004637592834
149,n03636649_2054_lamp.jpg,z_plus,21681.671875,1.0063413e+10,1.0063392e+10,464142.79313963355,46414279.31396335
149,n03636649_2054_lamp.jpg,epsilon,21681.671875,-7.095082e+24,7.095082e+24,3.272386863226603e+20,3.272386863226603e+22
149,n03636649_2054_lamp.jpg,alpha_beta,21681.671875,6.641953e+12,6.641953e+12,306339522.7108008,30633952271.080082
149,n03636649_2054_lamp.jpg,composite,21681.671875,65388.43,43706.758,2.015838910600522,201.58389106005222
150,n02769748_46333_backpack.jpg,z_plus,29190.310546875,4.5483233e+09,4.548294e+09,155815.20233215767,15581520.233215768
150,n02769748_46333_backpack.jpg,epsilon,29190.310546875,-2.533694e+27,2.533694e+27,8.679914320597585e+22,8.679914320597585e+24
150,n02769748_46333_backpack.jpg,alpha_beta,29190.310546875,1.3487081e+12,1.3487081e+12,46203964.541800365,4620396454.180037
150,n02769748_46333_backpack.jpg,composite,29190.310546875,65370.633,36180.32,1.2394633573493135,123.94633573493135
151,n04254680_8751_soccer_ball.jpg,z_plus,17676.427734375,8.3274573e+09,8.3274394e+09,471104.2007546198,47110420.075461976
151,n04254680_8751_soccer_ball.jpg,epsilon,17676.427734375,1.8828326e+26,1.8828326e+26,1.0651657860883587e+22,1.0651657860883587e+24
151,n04254680_8751_soccer_ball.jpg,alpha_beta,17676.427734375,3.8116755e+12,3.8116755e+12,215636073.59756827,21563607359.75683
151,n04254680_8751_soccer_ball.jpg,composite,17676.427734375,65382.965,47706.54,2.6988789691778807,269.88789691778805
152,n03790512_6395_motorcycle.jpg,z_plus,10743.5634765625,1.0367132e+10,1.0367121e+10,964961.1537750311,96496115.37750311
152,n03790512_6395_motorcycle.jpg,epsilon,10743.5634765625,-3.5789676e+25,3.5789676e+25,3.331266815269973e+21,3.331266815269973e+23
152,n03790512_6395_motorcycle.jpg,alpha_beta,10743.5634765625,1.3804613e+13,1.3804613e+13,1284919400.4013672,128491940040.13672
152,n03790512_6395_motorcycle.jpg,composite,10743.5634765625,65412.355,54668.793,5.0885158437428135,508.85158437428134
153,n03196217_5430_digital_clock.jpg,z_plus,77186.4765625,8.3749816e+09,8.3749043e+09,108502.22335538923,10850222.335538924
153,n03196217_5430_digital_clock.jpg,epsilon,77186.4765625,-2.4165729e+27,2.4165729e+27,3.130824230554522e+22,3.130824230554522e+24
153,n03196217_5430_digital_clock.jpg,alpha_beta,77186.4765625,4.0092526e+12,4.0092526e+12,51942423.03564079,5194242303.564079
153,n03196217_5430_digital_clock.jpg,composite,77186.4765625,65381.28,11805.195,0.15294382951838534,15.294382951838534
154,n03790512_5722_motorcycle.jpg,z_plus,36799.875,9.321736e+09,9.321699e+09,253307.90737739592,25330790.737739593
154,n03790512_5722_motorcycle.jpg,epsilon,36799.875,-2.458482e+28,2.458482e+28,6.680680127240936e+23,6.680680127240936e+25
154,n03790512_5722_motorcycle.jpg,alpha_beta,36799.875,5.3389573e+12,5.3389573e+12,145080855.54268473,14508085554.268473
154,n03790512_5722_motorcycle.jpg,composite,36799.875,65393.25,28593.375,0.7769965251240453,77.69965251240453
155,n03110669_8565_trumpet.jpg,z_plus,3210.5732421875,6.861943e+09,6.8619397e+09,2137294.244476582,213729424.44765818
155,n03110669_8565_trumpet.jpg,epsilon,3210.5732421875,-3.717803e+25,3.717803e+25,1.157987261782993e+22,1.1579872617829931e+24
155,n03110669_8565_trumpet.jpg,alpha_beta,3210.5732421875,8.2782454e+12,8.2782454e+12,2578432183.7670026,257843218376.70026
155,n03110669_8565_trumpet.jpg,composite,3210.5732421875,65410.227,62199.652,19.373379035997747,1937.3379035997748
156,n07714571_1112_head_cabbage.jpg,z_plus,207.83721923828125,4.276101e+09,4.2761009e+09,20574278.657360986,2057427865.7360985
156,n07714571_1112_head_cabbage.jpg,epsilon,207.83721923828125,6.8573327e+24,6.8573327e+24,3.299376654066835e+22,3.2993766540668347e+24
156,n07714571_1112_head_cabbage.jpg,alpha_beta,207.83721923828125,1.1111387e+13,1.1111387e+13,53461967108.74751,5346196710874.751
156,n07714571_1112_head_cabbage.jpg,composite,207.83721923828125,65417.414,65209.58,313.75313027992723,31375.313027992725
157,n04591157_197_tie.jpg,z_plus,8194.4658203125,1.0067738e+10,1.0067729e+10,1228601.0618340506,122860106.18340506
157,n04591157_197_tie.jpg,epsilon,8194.4658203125,1.6667066e+22,1.6667066e+22,2.03394168474586e+18,2.0339416847458602e+20
157,n04591157_197_tie.jpg,alpha_beta,8194.4658203125,2.598282e+13,2.598282e+13,3170776529.3057213,317077652930.57214
157,n04591157_197_tie.jpg,composite,8194.4658203125,65374.61,57180.145,6.977897740387722,697.7897740387722
158,n02274259_1690_butterfly.jpg,z_plus,10333.455078125,6.398194e+09,6.398184e+09,619171.7956507851,61917179.56507851
158,n02274259_1690_butterfly.jpg,epsilon,10333.455078125,1.3203153e+26,1.3203153e+26,1.2777094153728128e+22,1.277709415372813e+24
158,n02274259_1690_butterfly.jpg,alpha_beta,10333.455078125,2.583525e+13,2.583525e+13,2500155988.7895007,250015598878.95007
158,n02274259_1690_butterfly.jpg,composite,10333.455078125,65421.527,55088.07,5.331040769617433,533.1040769617433
159,n03494278_29099_harmonica.jpg,z_plus,25387.109375,6.8924723e+09,6.8924467e+09,271493.9545967796,27149395.45967796
159,n03494278_29099_harmonica.jpg,epsilon,25387.109375,-8.185487e+24,8.185487e+24,3.224268904830473e+20,3.2242689048304725e+22
159,n03494278_29099_harmonica.jpg,alpha_beta,25387.109375,4.7481933e+12,4.7481933e+12,187031663.60308844,18703166360.308846
159,n03494278_29099_harmonica.jpg,composite,25387.109375,65391.25,40004.14,1.575765875274976,157.5765875274976
160,n03476991_14651_hair_spray.jpg,z_plus,17921.87890625,9.251015e+09,9.250996e+09,516184.50679149106,51618450.679149106
160,n03476991_14651_hair_spray.jpg,epsilon,17921.87890625,1.1342869e+27,1.1342869e+27,6.329062398116422e+22,6.329062398116422e+24
160,n03476991_14651_hair_spray.jpg,alpha_beta,17921.87890625,6.4731784e+12,6.4731784e+12,361188603.5479355,36118860354.79355
160,n03476991_14651_hair_spray.jpg,composite,17921.87890625,65406.63,47484.75,2.649540834886331,264.9540834886331
161,n02084071_35839_dog.jpg,z_plus,30066.470703125,9.201236e+09,9.201206e+09,306028.8107258081,30602881.072580807
161,n02084071_35839_dog.jpg,epsilon,30066.470703125,2.7059745e+26,2.7059745e+26,8.999973750100577e+21,8.999973750100577e+23
161,n02084071_35839_dog.jpg,alpha_beta,30066.470703125,1.5083822e+13,1.5083822e+13,501682506.4717603,50168250647.176025
161,n02084071_35839_dog.jpg,composite,30066.470703125,65370.17,35303.703,1.1741884664011957,117.41884664011957
162,n04270147_7710_spatula.jpg,z_plus,3199.097412109375,8.951348e+09,8.951345e+09,2798084.5841436856,279808458.41436857
162,n04270147_7710_spatula.jpg,epsilon,3199.097412109375,-1.259757e+24,1.259757e+24,3.937851254739399e+20,3.937851254739398e+22
162,n04270147_7710_spatula.jpg,alpha_beta,3199.097412109375,2.5774766e+13,2.5774766e+13,8056886776.895283,805688677689.5283
162,n04270147_7710_spatula.jpg,composite,3199.097412109375,65397.562,62198.465,19.442504191430366,1944.2504191430367
163,n01776313_4044_tick.jpg,z_plus,4997.97119140625,6.0674975e+09,6.0674924e+09,1213991.0614994182,121399106.14994182
163,n01776313_4044_tick.jpg,epsilon,4997.97119140625,8.769983e+25,8.769983e+25,1.754708663467868e+22,1.754708663467868e+24
163,n01776313_4044_tick.jpg,alpha_beta,4997.97119140625,1.2340395e+13,1.2340395e+13,2469080907.625917,246908090762.5917
163,n01776313_4044_tick.jpg,composite,4997.97119140625,65381.668,60383.695,12.081641330048985,1208.1641330048985
164,n02129604_7580_tiger.jpg,z_plus,11564.1455078125,8.626102e+09,8.626091e+09,745934.1463812992,74593414.63812992
164,n02129604_7580_tiger.jpg,epsilon,11564.1455078125,4.4726737e+24,4.4726737e+24,3.867707871635555e+20,3.867707871635555e+22
164,n02129604_7580_tiger.jpg,alpha_beta,11564.1455078125,2.0362394e+13,2.0362394e+13,1760821307.4830148,176082130748.30148
164,n02129604_7580_tiger.jpg,composite,11564.1455078125,65419.9,53855.754,4.657132156445238,465.7132156445238
165,n02342885_1420_hamster.jpg,z_plus,11863.7587890625,1.3614241e+10,1.3614228e+10,1147547.6467500464,114754764.67500465
165,n02342885_1420_hamster.jpg,epsilon,11863.7587890625,-8.5399475e+26,8.5399475e+26,7.198348872346882e+22,7.198348872346882e+24
165,n02342885_1420_hamster.jpg,alpha_beta,11863.7587890625,7.302505e+13,7.302505e+13,6155304447.00456,615530444700.456
165,n02342885_1420_hamster.jpg,composite,11863.7587890625,65377.492,53513.734,4.510689683300975,451.0689683300975
166,n03928116_26188_piano.jpg,z_plus,47538.2890625,9.710324e+09,9.710277e+09,204262.22313624722,20426222.31362472
166,n03928116_26188_piano.jpg,epsilon,47538.2890625,-2.0044786e+26,2.0044786e+26,4.216555940088865e+21,4.216555940088865e+23
166,n03928116_26188_piano.jpg,alpha_beta,47538.2890625,4.845122e+12,4.845122e+12,101920413.80971605,10192041380.971605
166,n03928116_26188_piano.jpg,composite,47538.2890625,65395.953,17857.664,0.375648017938164,37.5648017938164
167,n07745940_2123_strawberry.jpg,z_plus,6786.25537109375,1.1935908e+10,1.1935901e+10,1758834.58834154,175883458.834154
167,n07745940_2123_strawberry.jpg,epsilon,6786.25537109375,6.958599e+26,6.958599e+26,1.0253959625931725e+23,1.0253959625931726e+25
167,n07745940_2123_strawberry.jpg,alpha_beta,6786.25537109375,9.010328e+13,9.010328e+13,13277319392.631205,1327731939263.1204
167,n07745940_2123_strawberry.jpg,composite,6786.25537109375,65433.293,58647.04,8.642032439907892,864.2032439907891
168,n04379243_19752_table.jpg,z_plus,24743.763671875,6.415929e+09,6.4159043e+09,259293.78978398416,25929378.978398416
168,n04379243_19752_table.jpg,epsilon,24743.763671875,-4.462384e+26,4.462384e+26,1.8034378415620235e+22,1.8034378415620236e+24
168,n04379243_19752_table.jpg,alpha_beta,24743.763671875,-1.1707182e+12,1.1707182e+12,47313667.04098655,4731366704.098656
168,n04379243_19752_table.jpg,composite,24743.763671875,65384.84,40641.08,1.6424776223995803,164.24776223995804
169,n04039381_17266_racket.jpg,z_plus,48486.88671875,8.0909957e+09,8.090947e+09,166868.76843488993,16686876.843488993
169,n04039381_17266_racket.jpg,epsilon,48486.88671875,-1.17440916e+27,1.17440916e+27,2.422117065093908e+22,2.422117065093908e+24
169,n04039381_17266_racket.jpg,alpha_beta,48486.88671875,1.8351501e+12,1.8351501e+12,37848379.350334845,3784837935.0334845
169,n04039381_17266_racket.jpg,composite,48486.88671875,65368.484,16881.598,0.3481683151605916,34.81683151605916
170,n07745940_1671_strawberry.jpg,z_plus,26663.3046875,5.845005e+09,5.844978e+09,219214.31887398261,21921431.88739826
170,n07745940_1671_strawberry.jpg,epsilon,26663.3046875,1.8035507e+27,1.8035507e+27,6.7641679567124565e+22,6.764167956712457e+24
170,n07745940_1671_strawberry.jpg,alpha_beta,26663.3046875,2.0494462e+12,2.0494462e+12,76863924.87607592,7686392487.607593
170,n07745940_1671_strawberry.jpg,composite,26663.3046875,65403.375,38740.07,1.4529358144663982,145.29358144663982
171,n03804744_1360_nail.jpg,z_plus,3601.821044921875,2.6678784e+09,2.6678748e+09,740701.6569467367,74070165.69467367
171,n03804744_1360_nail.jpg,epsilon,3601.821044921875,-1.0631105e+26,1.0631105e+26,2.951591636874297e+22,2.951591636874297e+24
171,n03804744_1360_nail.jpg,alpha_beta,3601.821044921875,2.4742886e+12,2.4742886e+12,686954898.7770383,68695489877.703835
171,n03804744_1360_nail.jpg,composite,3601.821044921875,65523.023,61921.203,17.19163788336572,1719.1637883365718
172,n01944390_2487_snail.jpg,z_plus,4940.1298828125,1.1458327e+10,1.1458321e+10,2319437.277927248,231943727.7927248
172,n01944390_2487_snail.jpg,epsilon,4940.1298828125,4.5033768e+24,4.5033768e+24,9.11590774355303e+20,9.115907743553029e+22
172,n01944390_2487_snail.jpg,alpha_beta,4940.1298828125,5.2131525e+13,5.2131525e+13,10552662732.828003,1055266273282.8003
172,n01944390_2487_snail.jpg,composite,4940.1298828125,65363.688,60423.56,12.23116801118144,1223.116801118144
173,n03063338_8414_coffee_maker.jpg,z_plus,30336.853515625,6.5112924e+09,6.511262e+09,214632.0878217037,21463208.78217037
173,n03063338_8414_coffee_maker.jpg,epsilon,30336.853515625,-5.052498e+26,5.052498e+26,1.6654653712563068e+22,1.665465371256307e+24
173,n03063338_8414_coffee_maker.jpg,alpha_beta,30336.853515625,7.9853833e+12,7.9853833e+12,263223848.7741276,26322384877.41276
173,n03063338_8414_coffee_maker.jpg,composite,30336.853515625,65374.703,35037.85,1.1549599744895296,115.49599744895296
174,n03063338_187_coffee_maker.jpg,z_plus,4628.18505859375,4.551161e+09,4.551156e+09,983356.5785249437,98335657.85249437
174,n03063338_187_coffee_maker.jpg,epsilon,4628.18505859375,2.9604626e+24,2.9604626e+24,6.396595163496565e+20,6.396595163496565e+22
174,n03063338_187_coffee_maker.jpg,alpha_beta,4628.18505859375,2.708363e+12,2.708363e+12,585189006.9111317,58518900691.113174
174,n03063338_187_coffee_maker.jpg,composite,4628.18505859375,65391.105,60762.92,13.128887696951635,1312.8887696951635
175,n07747607_5642_orange.jpg,z_plus,5355.19140625,5.0448855e+09,5.0448804e+09,942054.1678699325,94205416.78699325
175,n07747607_5642_orange.jpg,epsilon,5355.19140625,2.2396194e+25,2.2396194e+25,4.182146367278521e+21,4.1821463672785214e+23
175,n07747607_5642_orange.jpg,alpha_beta,5355.19140625,4.0113873e+12,4.0113873e+12,749065150.5284374,74906515052.84373
175,n07747607_5642_orange.jpg,composite,5355.19140625,65439.895,60084.703,11.219898331713113,1121.9898331713114
176,n03372029_58342_flute.jpg,z_plus,48427.828125,9.568593e+09,9.568545e+09,197583.60303298864,19758360.303298865
176,n03372029_58342_flute.jpg,epsilon,48427.828125,1.2414407e+28,1.2414407e+28,2.5634862797372374e+23,2.5634862797372375e+25
176,n03372029_58342_flute.jpg,alpha_beta,48427.828125,5.156579e+12,5.156579e+12,106479667.76791921,10647966776.791922
176,n03372029_58342_flute.jpg,composite,48427.828125,65379.86,16952.031,0.3500473158995224,35.00473158995224
177,n03584254_2594_iPod.jpg,z_plus,17359.08984375,1.0813073e+10,1.0813056e+10,622904.5472618791,62290454.72618791
177,n03584254_2594_iPod.jpg,epsilon,17359.08984375,-5.746182e+27,5.746182e+27,3.310186237487695e+23,3.3101862374876947e+25
177,n03584254_2594_iPod.jpg,alpha_beta,17359.08984375,3.013243e+13,3.013243e+13,1735830026.86464,173583002686.464
177,n03584254_2594_iPod.jpg,composite,17359.08984375,65366.016,48006.926,2.7655209007707127,276.5520900770713
178,n02764044_41120_axe.jpg,z_plus,6986.13525390625,1.6006809e+10,1.6006801e+10,2291224.092612237,229122409.26122373
178,n02764044_41120_axe.jpg,epsilon,6986.13525390625,-1.5691963e+25,1.5691963e+25,2.2461578660673206e+21,2.2461578660673207e+23
178,n02764044_41120_axe.jpg,alpha_beta,6986.13525390625,3.0528336e+13,3.0528336e+13,4369846120.394809,436984612039.4809
178,n02764044_41120_axe.jpg,composite,6986.13525390625,65328.4,58342.26,8.3511497556707,835.11497556707
179,n03710721_17219_maillot.jpg,z_plus,18820.740234375,8.266021e+09,8.266002e+09,439196.42995243,43919642.995243
179,n03710721_17219_maillot.jpg,epsilon,18820.740234375,9.365998e+25,9.365998e+25,4.976423633561302e+21,4.976423633561302e+23
179,n03710721_17219_maillot.jpg,alpha_beta,18820.740234375,1.1048533e+13,1.1048533e+13,587040291.6550488,58704029165.50488
179,n03710721_17219_maillot.jpg,composite,18820.740234375,65411.22,46590.477,2.47548587262273,247.548587262273
180,n01495701_1287_ray.jpg,z_plus,30928.4375,7.945931e+09,7.9459e+09,256912.42992795038,25691242.99279504
180,n01495701_1287_ray.jpg,epsilon,30928.4375,9.6142475e+25,9.6142475e+25,3.108546131931148e+21,3.108546131931148e+23
180,n01495701_1287_ray.jpg,alpha_beta,30928.4375,1.1584835e+12,1.1584835e+12,37456904.895889506,3745690489.5889506
180,n01495701_1287_ray.jpg,composite,30928.4375,65369.375,34440.938,1.1135686211111986,111.35686211111985
181,n04468005_24186_train.jpg,z_plus,20181.716796875,6.1027384e+09,6.1027185e+09,302388.4699910496,30238846.99910496
181,n04468005_24186_train.jpg,epsilon,20181.716796875,1.899958e+27,1.899958e+27,9.414253456813896e+22,9.414253456813896e+24
181,n04468005_24186_train.jpg,alpha_beta,20181.716796875,6.521305e+12,6.521305e+12,323129343.9211007,32312934392.11007
181,n04468005_24186_train.jpg,composite,20181.716796875,65384.938,45203.22,2.239810379114881,223.9810379114881
182,n04154565_3382_screwdriver.jpg,z_plus,23978.6953125,8.83781e+09,8.837787e+09,368568.2856728459,36856828.56728459
182,n04154565_3382_screwdriver.jpg,epsilon,23978.6953125,-1.4320978e+28,1.4320978e+28,5.972375716783546e+23,5.972375716783546e+25
182,n04154565_3382_screwdriver.jpg,alpha_beta,23978.6953125,2.900959e+12,2.900959e+12,120980681.66401115,12098068166.401115
182,n04154565_3382_screwdriver.jpg,composite,23978.6953125,65411.695,41433.0,1.7279088565923522,172.79088565923522
183,n02131653_3512_bear.jpg,z_plus,12659.5048828125,7.776174e+09,7.7761613e+09,614254.7715714292,61425477.15714292
183,n02131653_3512_bear.jpg,epsilon,12659.5048828125,-1.2344826e+25,1.2344826e+25,9.751429001644278e+20,9.751429001644277e+22
183,n02131653_3512_bear.jpg,alpha_beta,12659.5048828125,1.8226675e+13,1.8226675e+13,1439762088.3622763,143976208836.22763
183,n02131653_3512_bear.jpg,composite,12659.5048828125,65392.223,52732.72,4.165464545267466,416.5464545267466
184,n04039381_8129_racket.jpg,z_plus,81717.1484375,8.2079903e+09,8.2079084e+09,100442.91203183113,10044291.203183113
184,n04039381_8129_racket.jpg,epsilon,81717.1484375,-8.153891e+27,8.153891e+27,9.97818862030121e+22,9.97818862030121e+24
184,n04039381_8129_racket.jpg,alpha_beta,81717.1484375,5.067764e+12,5.067764e+12,62015919.973760866,6201591997.376086
184,n04039381_8129_racket.jpg,composite,81717.1484375,65374.914,16342.234,0.1999853725622705,19.99853725622705
185,n07718747_4881_artichoke.jpg,z_plus,10521.8486328125,1.1297734e+10,1.1297723e+10,1073739.3956387902,107373939.56387903
185,n07718747_4881_artichoke.jpg,epsilon,10521.8486328125,4.547197e+25,4.547197e+25,4.3216712976672054e+21,4.321671297667205e+23
185,n07718747_4881_artichoke.jpg,alpha_beta,10521.8486328125,1.9823828e+13,1.9823828e+13,1884063256.750652,188406325675.06522
185,n07718747_4881_artichoke.jpg,composite,10521.8486328125,65401.47,54879.62,5.215777474939345,521.5777474939345
186,n04256520_823_sofa.jpg,z_plus,21678.884765625,8.144955e+09,8.1449334e+09,375708.13554554206,37570813.55455421
186,n04256520_823_sofa.jpg,epsilon,21678.884765625,-1.0266246e+28,1.0266246e+28,4.7355971376821104e+23,4.73559713768211e+25
186,n04256520_823_sofa.jpg,alpha_beta,21678.884765625,1.3282801e+13,1.3282801e+13,612706833.0321671,61270683303.216705
186,n04256520_823_sofa.jpg,composite,21678.884765625,65375.664,43696.78,2.0156378763212737,201.56378763212737
187,n07583066_9023_guacamole.jpg,z_plus,36029.390625,1.0637653e+10,1.0637617e+10,295248.3227573241,29524832.27573241
187,n07583066_9023_guacamole.jpg,epsilon,36029.390625,-3.817828e+28,3.817828e+28,1.0596427106727736e+24,1.0596427106727737e+26
187,n07583066_9023_guacamole.jpg,alpha_beta,36029.390625,5.6702733e+12,5.6702733e+12,157379105.99601886,15737910599.601885
187,n07583066_9023_guacamole.jpg,composite,36029.390625,65392.996,29363.605,0.8149903442545162,81.49903442545163
188,n04332243_13118_strainer.jpg,z_plus,54156.6015625,9.75401e+09,9.753955e+09,180106.48834275844,18010648.834275845
188,n04332243_13118_strainer.jpg,epsilon,54156.6015625,5.2273537e+28,5.2273537e+28,9.652292677848015e+23,9.652292677848016e+25
188,n04332243_13118_strainer.jpg,alpha_beta,54156.6015625,3.1779214e+12,3.1779214e+12,58680221.59190376,5868022159.190376
188,n04332243_13118_strainer.jpg,composite,54156.6015625,65391.96,11235.359,0.2074605689951484,20.74605689951484
189,n03958227_1879_plastic_bag.jpg,z_plus,14729.845703125,9.610985e+09,9.610971e+09,652482.8114092423,65248281.14092423
189,n03958227_1879_plastic_bag.jpg,epsilon,14729.845703125,2.429945e+25,2.429945e+25,1.6496745064641059e+21,1.649674506464106e+23
189,n03958227_1879_plastic_bag.jpg,alpha_beta,14729.845703125,1.4921209e+13,1.4921209e+13,1012991549.1142849,101299154911.42848
189,n03958227_1879_plastic_bag.jpg,composite,14729.845703125,65398.543,50668.695,3.439865992740642,343.9865992740642
190,n07745940_13408_strawberry.jpg,z_plus,1288.402587890625,2.3911014e+09,2.3911002e+09,1855864.1394169019,185586413.94169018
190,n07745940_13408_strawberry.jpg,epsilon,1288.402587890625,3.5401502e+25,3.5401502e+25,2.747704947535952e+22,2.747704947535952e+24
190,n07745940_13408_strawberry.jpg,alpha_beta,1288.402587890625,-2.9671136e+11,2.9671136e+11,230293977.36738953,23029397736.738953
190,n07745940_13408_strawberry.jpg,composite,1288.402587890625,65495.2,64206.797,49.834420916578296,4983.442091657829
191,n07880968_5436_burrito.jpg,z_plus,19960.1328125,1.0282371e+10,1.0282352e+10,515144.4488165018,51514444.88165018
191,n07880968_5436_burrito.jpg,epsilon,19960.1328125,-1.1598206e+26,1.1598206e+26,5.810685719305537e+21,5.810685719305537e+23
191,n07880968_5436_burrito.jpg,alpha_beta,19960.1328125,2.3098219e+13,2.3098219e+13,1157217689.456536,115721768945.65361
191,n07880968_5436_burrito.jpg,composite,19960.1328125,65415.945,45455.812,2.2773301624291347,227.73301624291346
192,n07718472_11793_cucumber.jpg,z_plus,25931.71875,9.991479e+09,9.991454e+09,385298.55241467996,38529855.241468
192,n07718472_11793_cucumber.jpg,epsilon,25931.71875,2.5459148e+26,2.5459148e+26,9.817763581702256e+21,9.817763581702257e+23
192,n07718472_11793_cucumber.jpg,alpha_beta,25931.71875,4.845574e+12,4.845574e+12,186858961.2600134,18685896126.00134
192,n07718472_11793_cucumber.jpg,composite,25931.71875,65400.13,39468.41,1.522012888414829,152.2012888414829
193,n03211117_11986_tv_or_monitor.jpg,z_plus,13418.3603515625,6.9178726e+09,6.9178593e+09,515551.76241737575,51555176.241737574
193,n03211117_11986_tv_or_monitor.jpg,epsilon,13418.3603515625,-8.594424e+25,8.594424e+25,6.404973198010594e+21,6.404973198010594e+23
193,n03211117_11986_tv_or_monitor.jpg,alpha_beta,13418.3603515625,1.5869378e+13,1.5869378e+13,1182661469.6421466,118266146964.21466
193,n03211117_11986_tv_or_monitor.jpg,composite,13418.3603515625,65436.906,52018.547,3.876669392690652,387.6669392690652
194,n02346627_2043_porcupine.jpg,z_plus,6595.2138671875,6.264925e+09,6.2649185e+09,949918.9342696322,94991893.42696323
194,n02346627_2043_porcupine.jpg,epsilon,6595.2138671875,-5.8262233e+26,5.8262233e+26,8.834017296353308e+22,8.834017296353307e+24
194,n02346627_2043_porcupine.jpg,alpha_beta,6595.2138671875,9.878384e+12,9.878384e+12,1497811001.320431,149781100132.0431
194,n02346627_2043_porcupine.jpg,composite,6595.2138671875,65442.453,58847.24,8.922718726987426,892.2718726987426
195,n07693725_4210_bagel.jpg,z_plus,41686.25,9.2506e+09,9.250558e+09,221909.0935740149,22190909.35740149
195,n07693725_4210_bagel.jpg,epsilon,41686.25,-2.2271046e+28,2.2271046e+28,5.342540122130232e+23,5.342540122130232e+25
195,n07693725_4210_bagel.jpg,alpha_beta,41686.25,1.5782787e+13,1.5782787e+13,378608951.7781912,37860895177.81912
195,n07693725_4210_bagel.jpg,composite,41686.25,65366.363,23680.113,0.5680557325556852,56.80557325556852
196,n00007846_160891_person.jpg,z_plus,7151.39697265625,6.601686e+09,6.601679e+09,923131.3648565378,92313136.48565377
196,n00007846_160891_person.jpg,epsilon,7151.39697265625,-3.7092402e+24,3.7092402e+24,5.186735100348718e+20,5.186735100348718e+22
196,n00007846_160891_person.jpg,alpha_beta,7151.39697265625,1.5178185e+13,1.5178185e+13,2122408369.1553526,212240836915.53525
196,n00007846_160891_person.jpg,composite,7151.39697265625,65416.17,58264.773,8.147327530588825,814.7327530588825
197,n04154565_5155_screwdriver.jpg,z_plus,44235.078125,8.2357156e+09,8.2356716e+09,186179.6542718283,18617965.42718283
197,n04154565_5155_screwdriver.jpg,epsilon,44235.078125,1.2831284e+27,1.2831284e+27,2.9007032846964843e+22,2.900703284696484e+24
197,n04154565_5155_screwdriver.jpg,alpha_beta,44235.078125,2.2224146e+12,2.2224146e+12,50241001.508708194,5024100150.870819
197,n04154565_5155_screwdriver.jpg,composite,44235.078125,65381.133,21146.055,0.478038144925273,47.8038144925273
198,n04154565_11358_screwdriver.jpg,z_plus,25945.693359375,1.2327054e+10,1.2327029e+10,475108.8577690825,47510885.77690825
198,n04154565_11358_screwdriver.jpg,epsilon,25945.693359375,-1.278169e+27,1.278169e+27,4.926324288987787e+22,4.926324288987788e+24
198,n04154565_11358_screwdriver.jpg,alpha_beta,25945.693359375,2.547479e+13,2.547479e+13,981850385.0599996,98185038505.99995
198,n04154565_11358_screwdriver.jpg,composite,25945.693359375,65363.78,39418.086,1.519253518937295,151.9253518937295
199,n07718472_10383_cucumber.jpg,z_plus,38625.26171875,8.3535135e+09,8.353475e+09,216269.73385515538,21626973.385515537
199,n07718472_10383_cucumber.jpg,epsilon,38625.26171875,1.6569917e+25,1.6569917e+25,4.2899170786392624e+20,4.289917078639263e+22
199,n07718472_10383_cucumber.jpg,alpha_beta,38625.26171875,1.5948137e+12,1.5948137e+12,41289395.57610253,4128939557.6102533
199,n07718472_10383_cucumber.jpg,composite,38625.26171875,65393.72,26768.457,0.693029790352333,69.3029790352333
200,n03481172_195_hammer.jpg,z_plus,27647.69140625,6.317517e+09,6.317489e+09,228499.6985524675,22849969.855246753
200,n03481172_195_hammer.jpg,epsilon,27647.69140625,1.8781828e+27,1.8781828e+27,6.79327187429915e+22,6.79327187429915e+24
200,n03481172_195_hammer.jpg,alpha_beta,27647.69140625,2.6565065e+12,2.6565065e+12,96084206.07557048,9608420607.557049
200,n03481172_195_hammer.jpg,composite,27647.69140625,65353.812,37706.12,1.3638072177420513,136.3807217742051
201,n04330267_1115_stove.jpg,z_plus,12290.310546875,7.148512e+09,7.1485e+09,581637.0498316687,58163704.98316687
201,n04330267_1115_stove.jpg,epsilon,12290.310546875,-2.1140244e+26,2.1140244e+26,1.7200739952280014e+22,1.7200739952280013e+24
201,n04330267_1115_stove.jpg,alpha_beta,12290.310546875,1.1239096e+13,1.1239096e+13,914468007.366079,91446800736.6079
201,n04330267_1115_stove.jpg,composite,12290.310546875,65391.445,53101.133,4.320568842420133,432.0568842420133
202,n02395003_18939_swine.jpg,z_plus,12542.0390625,6.601886e+09,6.601874e+09,526379.6330964005,52637963.30964005
202,n02395003_18939_swine.jpg,epsilon,12542.0390625,9.919726e+24,9.919726e+24,7.909181433665288e+20,7.909181433665287e+22
202,n02395003_18939_swine.jpg,alpha_beta,12542.0390625,4.1407747e+12,4.1407747e+12,330151636.33705753,33015163633.705753
202,n02395003_18939_swine.jpg,composite,12542.0390625,65371.168,52829.13,4.212164277513849,421.21642775138486
203,n03483316_5354_hair_dryer.jpg,z_plus,5444.98486328125,5.1876526e+09,5.187647e+09,952738.5486381083,95273854.86381084
203,n03483316_5354_hair_dryer.jpg,epsilon,5444.98486328125,8.476906e+24,8.476906e+24,1.556828219731385e+21,1.556828219731385e+23
203,n03483316_5354_hair_dryer.jpg,alpha_beta,5444.98486328125,1.2274718e+13,1.2274718e+13,2254316218.6880293,225431621868.80292
203,n03483316_5354_hair_dryer.jpg,composite,5444.98486328125,65408.023,59963.04,11.012526309642325,1101.2526309642326
204,n02129165_2762_lion.jpg,z_plus,5235.13916015625,9.86529e+09,9.865285e+09,1884435.982730146,188443598.2730146
204,n02129165_2762_lion.jpg,epsilon,5235.13916015625,-2.2213601e+25,2.2213601e+25,4.243173068716655e+21,4.243173068716655e+23
204,n02129165_2762_lion.jpg,alpha_beta,5235.13916015625,2.244485e+13,2.244485e+13,4287345242.433214,428734524243.3214
204,n02129165_2762_lion.jpg,composite,5235.13916015625,65381.516,60146.375,11.4889734847456,1148.89734847456
205,n03928116_13232_piano.jpg,z_plus,17773.318359375,1.1215596e+10,1.1215578e+10,631034.5589507442,63103455.89507442
205,n03928116_13232_piano.jpg,epsilon,17773.318359375,1.0307503e+25,1.0307503e+25,5.7994253625295634e+20,5.799425362529563e+22
205,n03928116_13232_piano.jpg,alpha_beta,17773.318359375,1.8364643e+13,1.8364643e+13,1033270335.4632736,103327033546.32736
205,n03928116_13232_piano.jpg,composite,17773.318359375,65396.42,47623.1,2.679471587666536,267.94715876665356
206,n02828884_2302_bench.jpg,z_plus,28010.248046875,7.9496105e+09,7.9495823e+09,283809.7800025238,28380978.00025238
206,n02828884_2302_bench.jpg,epsilon,28010.248046875,2.6277747e+25,2.6277747e+25,9.381475880017945e+20,9.381475880017945e+22
206,n02828884_2302_bench.jpg,alpha_beta,28010.248046875,7.2627656e+12,7.2627656e+12,259289584.5882386,25928958458.82386
206,n02828884_2302_bench.jpg,composite,28010.248046875,65419.58,37409.33,1.3355586163462156,133.55586163462158
207,n07880968_830_burrito.jpg,z_plus,6006.48828125,6.5909166e+09,6.5909105e+09,1097298.4804737319,109729848.04737319
207,n07880968_830_burrito.jpg,epsilon,6006.48828125,4.294396e+26,4.294396e+26,7.149595431337569e+22,7.149595431337569e+24
207,n07880968_830_burrito.jpg,alpha_beta,6006.48828125,1.0218577e+13,1.0218577e+13,1701256385.6389856,170125638563.89856
207,n07880968_830_burrito.jpg,composite,6006.48828125,65381.79,59375.3,9.885193810597698,988.5193810597698
208,n04356056_14405_sunglasses.jpg,z_plus,2676.97021484375,7.7713766e+09,7.771374e+09,2903048.3928827345,290304839.28827345
208,n04356056_14405_sunglasses.jpg,epsilon,2676.97021484375,5.961881e+25,5.961881e+25,2.227100294809092e+22,2.2271002948090922e+24
208,n04356056_14405_sunglasses.jpg,alpha_beta,2676.97021484375,4.158093e+13,4.158093e+13,15532832127.859694,1553283212785.9692
208,n04356056_14405_sunglasses.jpg,composite,2676.97021484375,65429.984,62753.016,23.441805693994,2344.1805693993997
209,n06874185_8872_traffic_light.jpg,z_plus,21531.76953125,9.987548e+09,9.987527e+09,463850.7133147697,46385071.331476964
209,n06874185_8872_traffic_light.jpg,epsilon,21531.76953125,-1.4994586e+26,1.4994586e+26,6.963935889949042e+21,6.963935889949042e+23
209,n06874185_8872_traffic_light.jpg,alpha_beta,21531.76953125,2.3246966e+13,2.3246966e+13,1079658851.9045582,107965885190.45581
209,n06874185_8872_traffic_light.jpg,composite,21531.76953125,65376.406,43844.637,2.0362765194525383,203.62765194525383
210,n07753113_564_fig.jpg,z_plus,13259.1640625,9.415085e+09,9.415072e+09,710080.3413864757,71008034.13864757
210,n07753113_564_fig.jpg,epsilon,13259.1640625,-7.1775474e+24,7.1775474e+24,5.413272948989519e+20,5.413272948989518e+22
210,n07753113_564_fig.jpg,alpha_beta,13259.1640625,2.3886268e+13,2.3886268e+13,1801491222.6837978,180149122268.3798
210,n07753113_564_fig.jpg,composite,13259.1640625,65397.84,52138.676,3.9322747298003775,393.22747298003776
211,n04468005_9150_train.jpg,z_plus,10361.3720703125,7.0873697e+09,7.0873595e+09,684017.4679477137,68401746.79477137
211,n04468005_9150_train.jpg,epsilon,10361.3720703125,-2.3577777e+25,2.3577777e+25,2.2755458696921175e+21,2.2755458696921174e+23
211,n04468005_9150_train.jpg,alpha_beta,10361.3720703125,5.801751e+12,5.801751e+12,559940425.426732,55994042542.673195
211,n04468005_9150_train.jpg,composite,10361.3720703125,65398.312,55036.94,5.311742598640681,531.1742598640681
212,n03017168_55_chime.jpg,z_plus,55623.3515625,7.9053926e+09,7.905337e+09,142122.62673739094,14212262.673739094
212,n03017168_55_chime.jpg,epsilon,55623.3515625,2.4482136e+28,2.4482136e+28,4.401413351626777e+23,4.4014133516267774e+25
212,n03017168_55_chime.jpg,alpha_beta,55623.3515625,2.5235476e+12,2.5235476e+12,45368491.742976405,4536849174.297641
212,n03017168_55_chime.jpg,composite,55623.3515625,65363.812,9740.461,0.17511459960400197,17.511459960400195
213,n04356056_8589_sunglasses.jpg,z_plus,21064.7421875,6.9063675e+09,6.9063465e+09,327862.8541724075,32786285.417240746
213,n04356056_8589_sunglasses.jpg,epsilon,21064.7421875,2.6799772e+27,2.6799772e+27,1.272257306702628e+23,1.272257306702628e+25
213,n04356056_8589_sunglasses.jpg,alpha_beta,21064.7421875,6.099456e+12,6.099456e+12,289557589.3091718,28955758930.91718
213,n04356056_8589_sunglasses.jpg,composite,21064.7421875,65422.83,44358.086,2.1057977136705888,210.57977136705887
214,n02355227_10230_squirrel.jpg,z_plus,25014.724609375,5.9127286e+09,5.9127035e+09,236368.9219182451,23636892.19182451
214,n02355227_10230_squirrel.jpg,epsilon,25014.724609375,-1.6397172e+27,1.6397172e+27,6.55500803772951e+22,6.55500803772951e+24
214,n02355227_10230_squirrel.jpg,alpha_beta,25014.724609375,-6.195957e+11,6.195957e+11,24769239.068407077,2476923906.840708
214,n02355227_10230_squirrel.jpg,composite,25014.724609375,65356.523,40341.797,1.612722006936631,161.2722006936631
215,n03636649_4908_lamp.jpg,z_plus,14441.447265625,7.7270774e+09,7.727063e+09,535061.5418159788,53506154.18159788
215,n03636649_4908_lamp.jpg,epsilon,14441.447265625,5.1275064e+26,5.1275064e+26,3.5505488651453106e+22,3.5505488651453105e+24
215,n03636649_4908_lamp.jpg,alpha_beta,14441.447265625,4.913833e+12,4.913833e+12,340259053.7362598,34025905373.62598
215,n03636649_4908_lamp.jpg,composite,14441.447265625,65382.816,50941.367,3.527441969666869,352.7441969666869
216,n03584254_3743_iPod.jpg,z_plus,28891.859375,8.686202e+09,8.686173e+09,300644.3119931494,30064431.19931494
216,n03584254_3743_iPod.jpg,epsilon,28891.859375,5.991769e+28,5.991769e+28,2.0738605774175062e+24,2.073860577417506e+26
216,n03584254_3743_iPod.jpg,alpha_beta,28891.859375,1.5840842e+12,1.5840842e+12,54828044.67014145,5482804467.014145
216,n03584254_3743_iPod.jpg,composite,28891.859375,65365.242,36473.383,1.2624103675396883,126.24103675396883
217,n00007846_147031_person.jpg,z_plus,70294.7265625,7.839575e+09,7.839505e+09,111523.37137309549,11152337.13730955
217,n00007846_147031_person.jpg,epsilon,70294.7265625,7.4594995e+26,7.4594995e+26,1.0611748417546742e+22,1.0611748417546742e+24
217,n00007846_147031_person.jpg,alpha_beta,70294.7265625,2.3721227e+12,2.3721227e+12,33745386.34574358,3374538634.574358
217,n00007846_147031_person.jpg,composite,70294.7265625,65372.844,4921.883,0.07001781005754132,7.001781005754132
218,n03804744_6191_nail.jpg,z_plus,23735.513671875,7.869772e+09,7.869748e+09,331560.05523170094,33156005.523170095
218,n03804744_6191_nail.jpg,epsilon,23735.513671875,-1.0384369e+27,1.0384369e+27,4.375034360622107e+22,4.3750343606221074e+24
218,n03804744_6191_nail.jpg,alpha_beta,23735.513671875,3.5476026e+12,3.5476026e+12,149463907.34840184,14946390734.840185
218,n03804744_6191_nail.jpg,composite,23735.513671875,65408.24,41672.727,1.755712016120285,175.57120161202852
219,n02880940_17711_bowl.jpg,z_plus,23041.990234375,7.125279e+09,7.125256e+09,309229.1993670728,30922919.936707277
219,n02880940_17711_bowl.jpg,epsilon,23041.990234375,-8.789687e+24,8.789687e+24,3.814638704570603e+20,3.814638704570603e+22
219,n02880940_17711_bowl.jpg,alpha_beta,23041.990234375,2.718793e+12,2.718793e+12,117992973.4329925,11799297343.29925
219,n02880940_17711_bowl.jpg,composite,23041.990234375,65384.484,42342.492,1.8376230419683917,183.76230419683915
220,n03467517_10919_guitar.jpg,z_plus,16363.1015625,9.94694e+09,9.946924e+09,607887.4468881359,60788744.68881359
220,n03467517_10919_guitar.jpg,epsilon,16363.1015625,2.2528582e+24,2.2528582e+24,1.3767916718119675e+20,1.3767916718119675e+22
220,n03467517_10919_guitar.jpg,alpha_beta,16363.1015625,2.5465088e+13,2.5465088e+13,1556250659.0289607,155625065902.89606
220,n03467517_10919_guitar.jpg,composite,16363.1015625,65394.258,49031.156,2.996446368233987,299.6446368233987
221,n01503061_4034_bird.jpg,z_plus,17550.716796875,9.927241e+09,9.927223e+09,565630.646935573,56563064.6935573
221,n01503061_4034_bird.jpg,epsilon,17550.716796875,-8.77823e+26,8.77823e+26,5.001636154157411e+22,5.001636154157412e+24
221,n01503061_4034_bird.jpg,alpha_beta,17550.716796875,4.9469273e+12,4.9469273e+12,281864686.5295294,28186468652.952938
221,n01503061_4034_bird.jpg,composite,17550.716796875,65377.164,47826.445,2.7250422798123566,272.50422798123566
222,n04376876_7577_syringe.jpg,z_plus,12957.12890625,6.888753e+09,6.8887404e+09,531656.3879114158,53165638.79114158
222,n04376876_7577_syringe.jpg,epsilon,12957.12890625,-9.8277375e+26,9.8277375e+26,7.58481112518076e+22,7.58481112518076e+24
222,n04376876_7577_syringe.jpg,alpha_beta,12957.12890625,4.536996e+12,4.536996e+12,350154418.5544982,35015441855.44982
222,n04376876_7577_syringe.jpg,composite,12957.12890625,65454.523,52497.395,4.051622462899424,405.16224628994235
223,n03000684_2055_chain_saw.jpg,z_plus,24577.86328125,8.452446e+09,8.4524216e+09,343903.842871803,34390384.2871803
223,n03000684_2055_chain_saw.jpg,epsilon,24577.86328125,-1.6435017e+28,1.6435017e+28,6.686918608232314e+23,6.686918608232314e+25
223,n03000684_2055_chain_saw.jpg,alpha_beta,24577.86328125,6.7514264e+12,6.7514264e+12,274695418.7210515,27469541872.105152
223,n03000684_2055_chain_saw.jpg,composite,24577.86328125,65406.543,40828.68,1.6611972822977572,166.11972822977572
224,n02834778_6714_bicycle.jpg,z_plus,10774.4189453125,7.4844355e+09,7.4844247e+09,694647.6410456887,69464764.10456887
224,n02834778_6714_bicycle.jpg,epsilon,10774.4189453125,1.1789688e+26,1.1789688e+26,1.0942295583562186e+22,1.0942295583562186e+24
224,n02834778_6714_bicycle.jpg,alpha_beta,10774.4189453125,1.3344109e+13,1.3344109e+13,1238499174.5460415,123849917454.60416
224,n02834778_6714_bicycle.jpg,composite,10774.4189453125,65416.98,54642.562,5.071508985992012,507.15089859920124
225,n02672831_20_accordion.jpg,z_plus,13298.5712890625,8.724125e+09,8.724111e+09,656018.6933144125,65601869.331441246
225,n02672831_20_accordion.jpg,epsilon,13298.5712890625,1.5519095e+25,1.5519095e+25,1.1669745884099113e+21,1.1669745884099114e+23
225,n02672831_20_accordion.jpg,alpha_beta,13298.5712890625,9.33345e+12,9.33345e+12,701838586.3109714,70183858631.09714
225,n02672831_20_accordion.jpg,composite,13298.5712890625,65385.55,52086.98,3.916735063982803,391.6735063982803
226,n01882714_4157_koala_bear.jpg,z_plus,11154.044921875,4.921761e+09,4.9217495e+09,441252.43698339077,44125243.698339075
226,n01882714_4157_koala_bear.jpg,epsilon,11154.044921875,1.1145972e+26,1.1145972e+26,9.992762289932451e+21,9.992762289932451e+23
226,n01882714_4157_koala_bear.jpg,alpha_beta,11154.044921875,2.155378e+12,2.155378e+12,193237341.12463003,19323734112.463005
226,n01882714_4157_koala_bear.jpg,composite,11154.044921875,65388.684,54234.64,4.86232940649465,486.23294064946504
227,n02672831_2455_accordion.jpg,z_plus,19712.447265625,1.0819322e+10,1.0819302e+10,548856.3776079892,54885637.76079892
227,n02672831_2455_accordion.jpg,epsilon,19712.447265625,1.0639927e+26,1.0639927e+26,5.397567783285361e+21,5.397567783285361e+23
227,n02672831_2455_accordion.jpg,alpha_beta,19712.447265625,2.4342245e+13,2.4342245e+13,1234866722.4627817,123486672246.27817
227,n02672831_2455_accordion.jpg,composite,19712.447265625,65410.46,45698.016,2.318231471172374,231.8231471172374
228,n04542943_1490_waffle_iron.jpg,z_plus,31019.802734375,6.958571e+09,6.95854e+09,224325.72623321615,22432572.623321615
228,n04542943_1490_waffle_iron.jpg,epsilon,31019.802734375,-2.572891e+26,2.572891e+26,8.294349938899834e+21,8.294349938899835e+23
228,n04542943_1490_waffle_iron.jpg,alpha_beta,31019.802734375,2.052578e+12,2.052578e+12,66169922.78514211,6616992278.514211
228,n04542943_1490_waffle_iron.jpg,composite,31019.802734375,65379.633,34359.83,1.1076739726304772,110.76739726304771
229,n07718472_20689_cucumber.jpg,z_plus,4700.62060546875,9.932042e+09,9.932037e+09,2112920.389372172,211292038.93721718
229,n07718472_20689_cucumber.jpg,epsilon,4700.62060546875,-8.123773e+26,8.123773e+26,1.728234072159405e+23,1.7282340721594048e+25
229,n07718472_20689_cucumber.jpg,alpha_beta,4700.62060546875,1.3193969e+13,1.3193969e+13,2806856737.1872544,280685673718.72546
229,n07718472_20689_cucumber.jpg,composite,4700.62060546875,65410.773,60710.152,12.915348299564162,1291.5348299564162
230,n02076196_13108_seal.jpg,z_plus,2292.179931640625,1.1155478e+10,1.1155475e+10,4866753.8276589895,486675382.76589894
230,n02076196_13108_seal.jpg,epsilon,2292.179931640625,-2.4332253e+24,2.4332253e+24,1.0615332755704735e+21,1.0615332755704735e+23
230,n02076196_13108_seal.jpg,alpha_beta,2292.179931640625,1.17734264e+14,1.17734264e+14,51363447803.42985,5136344780342.984
230,n02076196_13108_seal.jpg,composite,2292.179931640625,65415.523,63123.344,27.538564001296358,2753.856400129636
231,n04252077_7312_snowmobile.jpg,z_plus,3443.74365234375,4.0485678e+09,4.0485645e+09,1175628.8762212147,117562887.62212147
231,n04252077_7312_snowmobile.jpg,epsilon,3443.74365234375,-5.3513156e+25,5.3513156e+25,1.5539239098464367e+22,1.5539239098464368e+24
231,n04252077_7312_snowmobile.jpg,alpha_beta,3443.74365234375,1.8453496e+12,1.8453496e+12,535855675.41984504,53585567541.984505
231,n04252077_7312_snowmobile.jpg,composite,3443.74365234375,65415.145,61971.402,17.995358714216543,1799.5358714216543
232,n03445924_5829_golfcart.jpg,z_plus,11898.216796875,7.8175324e+09,7.8175206e+09,657032.9632968673,65703296.32968673
232,n03445924_5829_golfcart.jpg,epsilon,11898.216796875,-2.2047222e+26,2.2047222e+26,1.852985399905999e+22,1.852985399905999e+24
232,n03445924_5829_golfcart.jpg,alpha_beta,11898.216796875,1.6558219e+13,1.6558219e+13,1391655496.61152,139165549661.152
232,n03445924_5829_golfcart.jpg,composite,11898.216796875,65414.797,53516.58,4.497865439722978,449.7865439722978
233,n01982650_10568_lobster.jpg,z_plus,17269.0546875,8.692863e+09,8.692846e+09,503377.03628280875,50337703.62828088
233,n01982650_10568_lobster.jpg,epsilon,17269.0546875,-3.1569407e+26,3.1569407e+26,1.828091223919653e+22,1.828091223919653e+24
233,n01982650_10568_lobster.jpg,alpha_beta,17269.0546875,7.2754686e+12,7.2754686e+12,421300915.76499784,42130091576.49979
233,n01982650_10568_lobster.jpg,composite,17269.0546875,65402.074,48133.02,2.787241131738828,278.7241131738828
234,n03633091_10052_ladle.jpg,z_plus,12595.0576171875,1.0583695e+10,1.0583683e+10,840304.4585962375,84030445.85962375
234,n03633091_10052_ladle.jpg,epsilon,12595.0576171875,-5.8090155e+26,5.8090155e+26,4.612138867010775e+22,4.6121388670107755e+24
234,n03633091_10052_ladle.jpg,alpha_beta,12595.0576171875,1.2510822e+13,1.2510822e+13,993312041.9335324,99331204193.35324
234,n03633091_10052_ladle.jpg,composite,12595.0576171875,65406.88,52811.82,4.193059048846875,419.3059048846875
235,n02206856_6027_bee.jpg,z_plus,13920.1640625,1.1161578e+10,1.1161564e+10,801827.0553339032,80182705.53339031
235,n02206856_6027_bee.jpg,epsilon,13920.1640625,3.3929197e+27,3.3929197e+27,2.4374135658689764e+23,2.4374135658689763e+25
235,n02206856_6027_bee.jpg,alpha_beta,13920.1640625,1.9847272e+13,1.9847272e+13,1425792998.938124,142579299893.8124
235,n02206856_6027_bee.jpg,composite,13920.1640625,65393.355,51473.19,3.6977431569870407,369.7743156987041
236,n02219486_23711_ant.jpg,z_plus,56022.6796875,8.1714964e+09,8.1714406e+09,145859.51056930787,14585951.056930786
236,n02219486_23711_ant.jpg,epsilon,56022.6796875,-2.0661862e+27,2.0661862e+27,3.688124467377085e+22,3.688124467377085e+24
236,n02219486_23711_ant.jpg,alpha_beta,56022.6796875,3.8080348e+12,3.8080348e+12,67973092.99093731,6797309299.093731
236,n02219486_23711_ant.jpg,composite,56022.6796875,65349.562,9326.883,0.1664840536819392,16.64840536819392
237,n04004767_12593_printer.jpg,z_plus,13513.7216796875,8.0065147e+09,8.0065014e+09,592471.9752097599,59247197.52097599
237,n04004767_12593_printer.jpg,epsilon,13513.7216796875,-7.920056e+27,7.920056e+27,5.8607512674916366e+23,5.860751267491637e+25
237,n04004767_12593_printer.jpg,alpha_beta,13513.7216796875,5.952858e+12,5.952858e+12,440504723.1093498,44050472310.93498
237,n04004767_12593_printer.jpg,composite,13513.7216796875,65393.38,51879.656,3.839035424858318,383.9035424858318
238,n03400231_1761_frying_pan.jpg,z_plus,12015.32421875,4.2145976e+09,4.2145856e+09,350767.5301364534,35076753.013645336
238,n03400231_1761_frying_pan.jpg,epsilon,12015.32421875,3.1493965e+25,3.1493965e+25,2.6211498062519604e+21,2.6211498062519604e+23
238,n03400231_1761_frying_pan.jpg,alpha_beta,12015.32421875,1.9245785e+12,1.9245785e+12,160176996.18662983,16017699618.662983
238,n03400231_1761_frying_pan.jpg,composite,12015.32421875,65353.96,53338.637,4.439217431645351,443.9217431645351
239,n03676483_6851_lipstick.jpg,z_plus,10020.1923828125,5.924207e+09,5.924197e+09,591225.8605095351,59122586.05095351
239,n03676483_6851_lipstick.jpg,epsilon,10020.1923828125,7.374291e+25,7.374291e+25,7.359430719255948e+21,7.359430719255948e+23
239,n03676483_6851_lipstick.jpg,alpha_beta,10020.1923828125,3.990764e+12,3.990764e+12,398272206.1357729,39827220613.577286
239,n03676483_6851_lipstick.jpg,composite,10020.1923828125,65409.598,55389.406,5.527778722592509,552.7778722592509
240,n02355227_4298_squirrel.jpg,z_plus,6799.7021484375,4.944392e+09,4.9443855e+09,727147.3702911297,72714737.02911296
240,n02355227_4298_squirrel.jpg,epsilon,6799.7021484375,-2.1264731e+26,2.1264731e+26,3.127303366107375e+22,3.127303366107375e+24
240,n02355227_4298_squirrel.jpg,alpha_beta,6799.7021484375,5.4305887e+12,5.4305887e+12,798650972.7834319,79865097278.34319
240,n02355227_4298_squirrel.jpg,composite,6799.7021484375,65355.79,58556.086,8.611566309701809,861.1566309701809
241,n04536866_11045_violin.jpg,z_plus,26826.71484375,9.105002e+09,9.104976e+09,339399.584519791,33939958.4519791
241,n04536866_11045_violin.jpg,epsilon,26826.71484375,3.6604343e+26,3.6604343e+26,1.3644735490707291e+22,1.3644735490707292e+24
241,n04536866_11045_violin.jpg,alpha_beta,26826.71484375,1.5543058e+13,1.5543058e+13,579387296.1027352,57938729610.27351
241,n04536866_11045_violin.jpg,composite,26826.71484375,65408.004,38581.29,1.438166741146358,143.8166741146358
242,n03584254_2436_iPod.jpg,z_plus,127.0889663696289,5.1911393e+09,5.1911393e+09,40846498.92313316,4084649892.313316
242,n03584254_2436_iPod.jpg,epsilon,127.0889663696289,-1.0778148e+25,1.0778148e+25,8.480789559043698e+22,8.480789559043697e+24
242,n03584254_2436_iPod.jpg,alpha_beta,127.0889663696289,1.4051038e+13,1.4051038e+13,110560643767.35136,11056064376735.137
242,n03584254_2436_iPod.jpg,composite,127.0889663696289,65430.426,65303.336,513.8395393590362,51383.95393590361
243,n03838899_31925_oboe.jpg,z_plus,13380.107421875,7.7347953e+09,7.734782e+09,578080.7065385669,57808070.65385669
243,n03838899_31925_oboe.jpg,epsilon,13380.107421875,-7.6189907e+24,7.6189907e+24,5.6942671999319717e+20,5.694267199931972e+22
243,n03838899_31925_oboe.jpg,alpha_beta,13380.107421875,9.989361e+12,9.989361e+12,746583017.677403,74658301767.7403
243,n03838899_31925_oboe.jpg,composite,13380.107421875,65348.523,51968.414,3.884005742549831,388.4005742549831
244,n03188531_29832_diaper.jpg,z_plus,22139.8515625,1.1445735e+10,1.1445713e+10,516973.3348793532,51697333.48793532
244,n03188531_29832_diaper.jpg,epsilon,22139.8515625,-2.7415447e+25,2.7415447e+25,1.2382850536290934e+21,1.2382850536290934e+23
244,n03188531_29832_diaper.jpg,alpha_beta,22139.8515625,2.3274742e+13,2.3274742e+13,1051260090.1645249,105126009016.45248
244,n03188531_29832_diaper.jpg,composite,22139.8515625,65363.85,43224.0,1.952316612330406,195.2316612330406
245,n04542943_2558_waffle_iron.jpg,z_plus,3080.9140625,8.347553e+09,8.3475497e+09,2709439.317896356,270943931.7896356
245,n04542943_2558_waffle_iron.jpg,epsilon,3080.9140625,8.574889e+25,8.574889e+25,2.783228796835154e+22,2.783228796835154e+24
245,n04542943_2558_waffle_iron.jpg,alpha_beta,3080.9140625,6.4760192e+13,6.4760192e+13,21019798299.554478,2101979829955.4478
245,n04542943_2558_waffle_iron.jpg,composite,3080.9140625,65420.273,62339.36,20.23404681544238,2023.404681544238
246,n04330267_20413_stove.jpg,z_plus,20731.642578125,9.602721e+09,9.6027e+09,463190.51912132755,46319051.912132755
246,n04330267_20413_stove.jpg,epsilon,20731.642578125,1.2686405e+26,1.2686405e+26,6.119343934975719e+21,6.119343934975719e+23
246,n04330267_20413_stove.jpg,alpha_beta,20731.642578125,9.562812e+12,9.562812e+12,461266479.8445707,46126647984.45707
246,n04330267_20413_stove.jpg,composite,20731.642578125,65385.15,44653.508,2.1538818086519593,215.38818086519592
247,n07718747_8558_artichoke.jpg,z_plus,22000.884765625,1.2039217e+10,1.2039196e+10,547214.1587146504,54721415.87146504
247,n07718747_8558_artichoke.jpg,epsilon,22000.884765625,4.8676493e+25,4.8676493e+25,2.2124789078712606e+21,2.2124789078712604e+23
247,n07718747_8558_artichoke.jpg,alpha_beta,22000.884765625,1.9957138e+13,1.9957138e+13,907106158.5005375,90710615850.05376
247,n07718747_8558_artichoke.jpg,composite,22000.884765625,65397.29,43396.406,1.9724845937924362,197.24845937924363
248,n04074963_15621_remote_control.jpg,z_plus,19183.076171875,9.380262e+09,9.380242e+09,488985.30913160957,48898530.91316096
248,n04074963_15621_remote_control.jpg,epsilon,19183.076171875,3.4179698e+27,3.4179698e+27,1.7817631176763462e+23,1.7817631176763462e+25
248,n04074963_15621_remote_control.jpg,alpha_beta,19183.076171875,2.9668352e+12,2.9668352e+12,154658989.03021765,15465898903.021765
248,n04074963_15621_remote_control.jpg,composite,19183.076171875,65311.31,46128.234,2.404631768215979,240.4631768215979
249,n02437136_176_camel.jpg,z_plus,10021.40234375,9.218482e+09,9.218472e+09,919878.4381457671,91987843.81457672
249,n02437136_176_camel.jpg,epsilon,10021.40234375,-3.0165075e+25,3.0165075e+25,3.0100652688424976e+21,3.0100652688424977e+23
249,n02437136_176_camel.jpg,alpha_beta,10021.40234375,1.02533905e+14,1.02533905e+14,10231492732.779919,1023149273277.9918
249,n02437136_176_camel.jpg,composite,10021.40234375,65397.383,55375.98,5.525771600546559,552.5771600546559
250,n04141076_14874_saxophone.jpg,z_plus,54704.515625,8.615925e+09,8.61587e+09,157498.34114356703,15749834.114356702
250,n04141076_14874_saxophone.jpg,epsilon,54704.515625,5.5240583e+25,5.5240583e+25,1.0097993242151382e+21,1.0097993242151382e+23
250,n04141076_14874_saxophone.jpg,alpha_beta,54704.515625,2.8344939e+12,2.8344939e+12,51814623.22807923,5181462322.807923
250,n04141076_14874_saxophone.jpg,composite,54704.515625,65396.773,10692.258,0.19545475707700877,19.545475707700877
251,n02840245_9812_binder.jpg,z_plus,15806.5322265625,1.3506841e+10,1.3506825e+10,854509.073995449,85450907.3995449
251,n02840245_9812_binder.jpg,epsilon,15806.5322265625,1.0767743e+28,1.0767743e+28,6.812210762676388e+23,6.812210762676388e+25
251,n02840245_9812_binder.jpg,alpha_beta,15806.5322265625,3.304693e+13,3.304693e+13,2090713455.1037912,209071345510.37912
251,n02840245_9812_binder.jpg,composite,15806.5322265625,65441.31,49634.777,3.1401433680903645,314.0143368090365
252,n04509417_4683_unicycle.jpg,z_plus,10852.654296875,8.1626296e+09,8.162619e+09,752131.106060354,75213110.60603541
252,n04509417_4683_unicycle.jpg,epsilon,10852.654296875,-5.9451283e+25,5.9451283e+25,5.478040781772714e+21,5.478040781772714e+23
252,n04509417_4683_unicycle.jpg,alpha_beta,10852.654296875,1.6019792e+13,1.6019792e+13,1476117396.5594196,147611739655.94196
252,n04509417_4683_unicycle.jpg,composite,10852.654296875,65408.88,54556.227,5.026993864367754,502.69938643677546
253,n04023962_20883_punching_bag.jpg,z_plus,76238.71875,7.641916e+09,7.6418396e+09,100235.67737357732,10023567.737357732
253,n04023962_20883_punching_bag.jpg,epsilon,76238.71875,3.2277785e+27,3.2277785e+27,4.233778543924152e+22,4.2337785439241525e+24
253,n04023962_20883_punching_bag.jpg,alpha_beta,76238.71875,2.917866e+12,2.917866e+12,38272756.01480333,3827275601.480333
253,n04023962_20883_punching_bag.jpg,composite,76238.71875,65360.1,10878.617,0.14269150066874461,14.269150066874461
254,n07753113_13676_fig.jpg,z_plus,21702.236328125,5.9996406e+09,5.999619e+09,276451.65140076005,27645165.140076004
254,n07753113_13676_fig.jpg,epsilon,21702.236328125,1.8583079e+25,1.8583079e+25,8.56274858798249e+20,8.56274858798249e+22
254,n07753113_13676_fig.jpg,alpha_beta,21702.236328125,2.2316764e+12,2.2316764e+12,102831634.61766183,10283163461.766184
254,n07753113_13676_fig.jpg,composite,21702.236328125,65338.918,43636.68,2.0106996821773184,201.06996821773186
255,n04468005_29645_train.jpg,z_plus,17401.75390625,1.0443467e+10,1.0443449e+10,600137.744750461,60013774.4750461
255,n04468005_29645_train.jpg,epsilon,17401.75390625,2.0124712e+26,2.0124712e+26,1.1564760468373505e+22,1.1564760468373505e+24
255,n04468005_29645_train.jpg,alpha_beta,17401.75390625,1.6912844e+13,1.6912844e+13,971904565.1280371,97190456512.80371
255,n04468005_29645_train.jpg,composite,17401.75390625,65392.89,47991.137,2.757833318255971,275.7833318255971
256,n03211117_7726_tv_or_monitor.jpg,z_plus,18072.509765625,8.384188e+09,8.38417e+09,463918.40938145353,46391840.938145354
256,n03211117_7726_tv_or_monitor.jpg,epsilon,18072.509765625,-5.619742e+24,5.619742e+24,3.10955249488793e+20,3.1095524948879297e+22
256,n03211117_7726_tv_or_monitor.jpg,alpha_beta,18072.509765625,1.1910731e+13,1.1910731e+13,659052389.4175599,65905238941.75599
256,n03211117_7726_tv_or_monitor.jpg,composite,18072.509765625,65395.133,47322.625,2.6184866193851977,261.84866193851974
257,n03495258_9079_harp.jpg,z_plus,8431.22265625,7.28508e+09,7.285072e+09,864058.769293534,86405876.9293534
257,n03495258_9079_harp.jpg,epsilon,8431.22265625,2.369184e+24,2.369184e+24,2.8100123040393236e+20,2.8100123040393237e+22
257,n03495258_9079_harp.jpg,alpha_beta,8431.22265625,6.1876187e+12,6.1876187e+12,733893400.3670787,73389340036.70787
257,n03495258_9079_harp.jpg,composite,8431.22265625,65409.68,56978.457,6.758030164107403,675.8030164107403
258,n03271574_6116_electric_fan.jpg,z_plus,15128.724609375,1.0785563e+10,1.0785547e+10,712918.4741267401,71291847.41267401
258,n03271574_6116_electric_fan.jpg,epsilon,15128.724609375,2.942942e+26,2.942942e+26,1.945267799560429e+22,1.9452677995604292e+24
258,n03271574_6116_electric_fan.jpg,alpha_beta,15128.724609375,2.4607342e+13,2.4607342e+13,1626531156.5913258,162653115659.13257
258,n03271574_6116_electric_fan.jpg,composite,15128.724609375,65379.29,50250.562,3.321533294938643,332.1533294938643
259,n02165456_6911_ladybug.jpg,z_plus,20665.59765625,7.1808005e+09,7.18078e+09,347475.0719260197,34747507.19260197
259,n02165456_6911_ladybug.jpg,epsilon,20665.59765625,4.405001e+28,4.405001e+28,2.1315622519773812e+24,2.1315622519773813e+26
259,n02165456_6911_ladybug.jpg,alpha_beta,20665.59765625,2.0071763e+12,2.0071763e+12,97126458.58431597,9712645858.431597
259,n02165456_6911_ladybug.jpg,composite,20665.59765625,65344.47,44678.87,2.1619926912801084,216.19926912801083
260,n02691156_5992_airplane.jpg,z_plus,2928.796630859375,3.3266706e+09,3.3266678e+09,1135847.9933182471,113584799.33182472
260,n02691156_5992_airplane.jpg,epsilon,2928.796630859375,-6.9300745e+24,6.9300745e+24,2.3661849614179783e+21,2.3661849614179782e+23
260,n02691156_5992_airplane.jpg,alpha_beta,2928.796630859375,9.836305e+12,9.836305e+12,3358479871.156656,335847987115.6656
260,n02691156_5992_airplane.jpg,composite,2928.796630859375,65416.523,62487.727,21.335631810032286,2133.5631810032287
261,n02503517_10173_elephant.jpg,z_plus,1262.6781005859375,2.352296e+09,2.3522947e+09,1862940.8832754525,186294088.32754526
261,n02503517_10173_elephant.jpg,epsilon,1262.6781005859375,-8.9617266e+23,8.9617266e+23,7.097396070527943e+20,7.097396070527944e+22
261,n02503517_10173_elephant.jpg,alpha_beta,1262.6781005859375,6.8973064e+12,6.8973064e+12,5462442432.776721,546244243277.6721
261,n02503517_10173_elephant.jpg,composite,1262.6781005859375,65363.383,64100.703,50.7656726565573,5076.56726565573
262,n04442312_18045_toaster.jpg,z_plus,5188.29345703125,8.3972444e+09,8.3972393e+09,1618497.3663388914,161849736.63388914
262,n04442312_18045_toaster.jpg,epsilon,5188.29345703125,-1.3623783e+26,1.3623783e+26,2.6258697578592392e+22,2.6258697578592394e+24
262,n04442312_18045_toaster.jpg,alpha_beta,5188.29345703125,1.4640573e+13,1.4640573e+13,2821847424.7720246,282184742477.20245
262,n04442312_18045_toaster.jpg,composite,5188.29345703125,65354.3,60166.008,11.59649281806729,1159.649281806729
263,n02924116_29310_bus.jpg,z_plus,15277.19140625,6.92559e+09,6.9255747e+09,453327.7401477243,45332774.01477243
263,n02924116_29310_bus.jpg,epsilon,15277.19140625,-1.7106952e+25,1.7106952e+25,1.1197707736351539e+21,1.119770773635154e+23
263,n02924116_29310_bus.jpg,alpha_beta,15277.19140625,8.0342784e+12,8.0342784e+12,525900227.8175684,52590022781.75684
263,n02924116_29310_bus.jpg,composite,15277.19140625,65403.44,50126.25,3.281116840592161,328.1116840592161
264,n01639765_19901_frog.jpg,z_plus,9020.6728515625,1.0705715e+10,1.0705706e+10,1186796.8343563688,118679683.43563688
264,n01639765_19901_frog.jpg,epsilon,9020.6728515625,1.2929597e+25,1.2929597e+25,1.433329589636998e+21,1.4333295896369981e+23
264,n01639765_19901_frog.jpg,alpha_beta,9020.6728515625,1.2880217e+13,1.2880217e+13,1427855445.195482,142785544519.5482
264,n01639765_19901_frog.jpg,composite,9020.6728515625,65417.62,56396.95,6.251967025827241,625.1967025827241
265,n03793489_12151_computer_mouse.jpg,z_plus,25888.580078125,9.100995e+09,9.100969e+09,351543.7668862213,35154376.68862213
265,n03793489_12151_computer_mouse.jpg,epsilon,25888.580078125,2.0440376e+26,2.0440376e+26,7.895518362842297e+21,7.895518362842297e+23
265,n03793489_12151_computer_mouse.jpg,alpha_beta,25888.580078125,1.0431369e+12,1.0431369e+12,40293322.46372894,4029332246.3728943
265,n03793489_12151_computer_mouse.jpg,composite,25888.580078125,65377.03,39488.453,1.5253232508632222,152.53232508632223
266,n03710721_2170_maillot.jpg,z_plus,13770.6533203125,7.5182807e+09,7.518267e+09,545962.9768552507,54596297.68552507
266,n03710721_2170_maillot.jpg,epsilon,13770.6533203125,-2.0231246e+24,2.0231246e+24,1.4691565894524032e+20,1.469156589452403e+22
266,n03710721_2170_maillot.jpg,alpha_beta,13770.6533203125,2.2128447e+13,2.2128447e+13,1606927931.4867122,160692793148.67123
266,n03710721_2170_maillot.jpg,composite,13770.6533203125,65400.8,51630.15,3.7492882317601324,374.9288231760132
267,n02509815_10244_red_panda.jpg,z_plus,53094.4609375,9.481882e+09,9.481828e+09,178584.13447612416,17858413.447612416
267,n02509815_10244_red_panda.jpg,epsilon,53094.4609375,1.0033515e+28,1.0033515e+28,1.8897480227647426e+23,1.8897480227647426e+25
267,n02509815_10244_red_panda.jpg,alpha_beta,53094.4609375,4.5858224e+12,4.5858224e+12,86371012.61568701,8637101261.5687
267,n02509815_10244_red_panda.jpg,composite,53094.4609375,65384.438,12289.977,0.23147379868809445,23.147379868809445
268,n04141076_45733_saxophone.jpg,z_plus,16157.9345703125,6.0868854e+09,6.086869e+09,376710.8330283269,37671083.30283269
268,n04141076_45733_saxophone.jpg,epsilon,16157.9345703125,-4.009227e+25,4.009227e+25,2.481274366317286e+21,2.4812743663172863e+23
268,n04141076_45733_saxophone.jpg,alpha_beta,16157.9345703125,3.331207e+12,3.331207e+12,206165393.48688346,20616539348.688347
268,n04141076_45733_saxophone.jpg,composite,16157.9345703125,65404.836,49246.902,3.0478463772362274,304.7846377236227
269,n07749582_2107_lemon.jpg,z_plus,12332.5009765625,9.710218e+09,9.710206e+09,787367.134245773,78736713.4245773
269,n07749582_2107_lemon.jpg,epsilon,12332.5009765625,-1.5244664e+26,1.5244664e+26,1.2361372756402778e+22,1.2361372756402778e+24
269,n07749582_2107_lemon.jpg,alpha_beta,12332.5009765625,1.8308387e+13,1.8308387e+13,1484563962.8069751,148456396280.6975
269,n07749582_2107_lemon.jpg,composite,12332.5009765625,65340.008,53007.508,4.298196117173205,429.8196117173205
270,n01443537_2675_goldfish.jpg,z_plus,37303.33984375,8.367747e+09,8.3677097e+09,224315.29538773315,22431529.538773313
270,n01443537_2675_goldfish.jpg,epsilon,37303.33984375,7.141378e+26,7.141378e+26,1.9144071504800053e+22,1.9144071504800052e+24
270,n01443537_2675_goldfish.jpg,alpha_beta,37303.33984375,3.2453076e+12,3.2453076e+12,86997775.70312245,8699777570.312244
270,n01443537_2675_goldfish.jpg,composite,37303.33984375,65364.0,28060.66,0.7522291642996326,75.22291642996326
271,n01982650_3524_lobster.jpg,z_plus,22503.423828125,1.0547816e+10,1.0547794e+10,468719.5157750526,46871951.57750526
271,n01982650_3524_lobster.jpg,epsilon,22503.423828125,-1.4262621e+26,1.4262621e+26,6.337978349446729e+21,6.337978349446729e+23
271,n01982650_3524_lobster.jpg,alpha_beta,22503.423828125,1.2953123e+13,1.2953123e+13,575606778.3315036,57560677833.15036
271,n01982650_3524_lobster.jpg,composite,22503.423828125,65416.9,42913.477,1.9069754402823098,190.697544028231
272,n04118776_8449_ruler.jpg,z_plus,160.70980834960938,1.5567148e+09,1.5567146e+09,9686494.18462266,968649418.462266
272,n04118776_8449_ruler.jpg,epsilon,160.70980834960938,5.203242e+25,5.203242e+25,3.2376631245949716e+23,3.2376631245949714e+25
272,n04118776_8449_ruler.jpg,alpha_beta,160.70980834960938,3.4590752e+13,3.4590752e+13,215237343624.0293,21523734362402.93
272,n04118776_8449_ruler.jpg,composite,160.70980834960938,65515.977,65355.266,406.6663154897116,40666.63154897116
273,n03942813_3240_ping-pong_ball.jpg,z_plus,46409.3359375,9.102775e+09,9.102729e+09,196140.0445000669,19614004.45000669
273,n03942813_3240_ping-pong_ball.jpg,epsilon,46409.3359375,-1.0459608e+28,1.0459608e+28,2.2537724945078537e+23,2.2537724945078536e+25
273,n03942813_3240_ping-pong_ball.jpg,alpha_beta,46409.3359375,3.8968618e+12,3.8968618e+12,83967195.55220239,8396719555.220239
273,n03942813_3240_ping-pong_ball.jpg,composite,46409.3359375,65377.312,18967.977,0.4087103635364227,40.87103635364227
274,n01910747_13396_jellyfish.jpg,z_plus,32532.685546875,8.010933e+09,8.0109005e+09,246241.59811390852,24624159.81139085
274,n01910747_13396_jellyfish.jpg,epsilon,32532.685546875,-4.885045e+25,4.885045e+25,1.5015806437610776e+21,1.5015806437610777e+23
274,n01910747_13396_jellyfish.jpg,alpha_beta,32532.685546875,3.0894908e+12,3.0894908e+12,94965746.60325491,9496574660.32549
274,n01910747_13396_jellyfish.jpg,composite,32532.685546875,65381.375,32848.688,1.009713368196077,100.9713368196077
275,n04554684_8752_washer.jpg,z_plus,1615.1435546875,2.5498007e+09,2.5497992e+09,1578682.6877390225,157868268.77390227
275,n04554684_8752_washer.jpg,epsilon,1615.1435546875,5.7568095e+23,5.7568095e+23,3.564271072683518e+20,3.564271072683518e+22
275,n04554684_8752_washer.jpg,alpha_beta,1615.1435546875,1.7662291e+12,1.7662291e+12,1093543135.8537283,109354313585.37283
275,n04554684_8752_washer.jpg,composite,1615.1435546875,65392.773,63777.63,39.487281932998386,3948.7281932998385
276,n01944390_7816_snail.jpg,z_plus,4130.02392578125,9.457226e+09,9.457222e+09,2289870.9067911142,228987090.67911142
276,n01944390_7816_snail.jpg,epsilon,4130.02392578125,3.3413365e+25,3.3413365e+25,8.090356184431918e+21,8.090356184431917e+23
276,n01944390_7816_snail.jpg,alpha_beta,4130.02392578125,5.302079e+13,5.302079e+13,12837888887.246956,1283788888724.6956
276,n01944390_7816_snail.jpg,composite,4130.02392578125,65410.773,61280.75,14.837868036900796,1483.7868036900795
277,n04554684_55847_washer.jpg,z_plus,9629.2548828125,1.080345e+10,1.0803441e+10,1121939.4201811203,112193942.01811203
277,n04554684_55847_washer.jpg,epsilon,9629.2548828125,4.2456496e+24,4.2456496e+24,4.409115381495929e+20,4.4091153814959296e+22
277,n04554684_55847_washer.jpg,alpha_beta,9629.2548828125,2.32489e+13,2.32489e+13,2414402716.3745694,241440271637.45694
277,n04554684_55847_washer.jpg,composite,9629.2548828125,65350.758,55721.504,5.786689062068855,578.6689062068855
278,n02883205_623_bow_tie.jpg,z_plus,33464.6484375,1.0008868e+10,1.0008834e+10,299086.7830777492,29908678.30777492
278,n02883205_623_bow_tie.jpg,epsilon,33464.6484375,-3.135981e+23,3.135981e+23,9.371026520815122e+18,9.371026520815123e+20
278,n02883205_623_bow_tie.jpg,alpha_beta,33464.6484375,1.7104288e+13,1.7104288e+13,511115120.7180373,51111512071.803734
278,n02883205_623_bow_tie.jpg,composite,33464.6484375,65382.188,31917.54,0.9537688442210771,95.37688442210771
279,n04131690_773_salt_or_pepper_shaker.jpg,z_plus,20732.28515625,9.615485e+09,9.615464e+09,463791.8288086462,46379182.88086462
279,n04131690_773_salt_or_pepper_shaker.jpg,epsilon,20732.28515625,-1.565038e+26,1.565038e+26,7.548796423323494e+21,7.548796423323494e+23
279,n04131690_773_salt_or_pepper_shaker.jpg,alpha_beta,20732.28515625,1.3527848e+13,1.3527848e+13,652501530.5733055,65250153057.33055
279,n04131690_773_salt_or_pepper_shaker.jpg,composite,20732.28515625,65327.297,44595.01,2.1509935534194664,215.09935534194665
280,n03495258_2540_harp.jpg,z_plus,21744.83984375,7.701011e+09,7.7009894e+09,354152.5021722843,35415250.21722843
280,n03495258_2540_harp.jpg,epsilon,21744.83984375,5.202402e+26,5.202402e+26,2.3924765981254863e+22,2.3924765981254864e+24
280,n03495258_2540_harp.jpg,alpha_beta,21744.83984375,5.29919e+12,5.29919e+12,243698741.50104967,24369874150.104965
280,n03495258_2540_harp.jpg,composite,21744.83984375,65397.484,43652.645,2.0074944145332405,200.74944145332404
281,n02510455_7939_giant_panda.jpg,z_plus,33760.30859375,9.335327e+09,9.335293e+09,276516.8126966693,27651681.269666933
281,n02510455_7939_giant_panda.jpg,epsilon,33760.30859375,-2.2641953e+25,2.2641953e+25,6.706678428789536e+20,6.7066784287895365e+22
281,n02510455_7939_giant_panda.jpg,alpha_beta,33760.30859375,1.3321848e+13,1.3321848e+13,394600886.55616915,39460088655.61691
281,n02510455_7939_giant_panda.jpg,composite,33760.30859375,65383.207,31622.898,0.9366886665056542,93.66886665056542
282,n02799071_5092_baseball.jpg,z_plus,850.6566772460938,7.367546e+09,7.367545e+09,8661008.640810233,866100864.0810232
282,n02799071_5092_baseball.jpg,epsilon,850.6566772460938,3.0085936e+24,3.0085936e+24,3.5367895305855907e+21,3.5367895305855905e+23
282,n02799071_5092_baseball.jpg,alpha_beta,850.6566772460938,1.2880392e+14,1.2880392e+14,151417046581.27054,15141704658127.055
282,n02799071_5092_baseball.jpg,composite,850.6566772460938,65433.17,64582.516,75.92077668043797,7592.077668043797
283,n04023962_18197_punching_bag.jpg,z_plus,2574.212890625,1.2063975e+10,1.2063972e+10,4686470.336595303,468647033.65953034
283,n04023962_18197_punching_bag.jpg,epsilon,2574.212890625,1.4771666e+26,1.4771666e+26,5.738323242018601e+22,5.738323242018601e+24
283,n04023962_18197_punching_bag.jpg,alpha_beta,2574.212890625,9.5668215e+13,9.5668215e+13,37164065112.36734,3716406511236.734
283,n04023962_18197_punching_bag.jpg,composite,2574.212890625,65366.266,62792.055,24.392720165514422,2439.2720165514424
284,n04256520_41397_sofa.jpg,z_plus,25571.34375,7.4389274e+09,7.438902e+09,290907.737689761,29090773.7689761
284,n04256520_41397_sofa.jpg,epsilon,25571.34375,1.047684e+28,1.047684e+28,4.097102013939742e+23,4.097102013939742e+25
284,n04256520_41397_sofa.jpg,alpha_beta,25571.34375,4.7054266e+12,4.7054266e+12,184011706.6210811,18401170662.108112
284,n04256520_41397_sofa.jpg,composite,25571.34375,65376.844,39805.5,1.556644828256178,155.6644828256178
285,n02445715_7191_skunk.jpg,z_plus,36913.6796875,6.277904e+09,6.277867e+09,170068.84876138996,17006884.876138996
285,n02445715_7191_skunk.jpg,epsilon,36913.6796875,1.6934317e+24,1.6934317e+24,4.587545128999505e+19,4.587545128999505e+21
285,n02445715_7191_skunk.jpg,alpha_beta,36913.6796875,3.4570172e+12,3.4570172e+12,93651383.8100662,9365138381.006618
285,n02445715_7191_skunk.jpg,composite,36913.6796875,65381.484,28467.805,0.7711993203738836,77.11993203738837
286,n04252225_3650_snowplow.jpg,z_plus,1947.386474609375,6.4739845e+09,6.4739825e+09,3324446.661413363,332444666.1413363
286,n04252225_3650_snowplow.jpg,epsilon,1947.386474609375,-8.186536e+26,8.186536e+26,4.203857836869136e+23,4.203857836869136e+25
286,n04252225_3650_snowplow.jpg,alpha_beta,1947.386474609375,1.3666666e+13,1.3666666e+13,7017952422.814465,701795242281.4464
286,n04252225_3650_snowplow.jpg,composite,1947.386474609375,65418.938,63471.55,32.59319688658571,3259.319688658571
287,n02268443_2033_dragonfly.jpg,z_plus,15467.439453125,1.0314754e+10,1.0314739e+10,666867.888460709,66686788.8460709
287,n02268443_2033_dragonfly.jpg,epsilon,15467.439453125,-5.4751265e+27,5.4751265e+27,3.539775587437513e+23,3.539775587437513e+25
287,n02268443_2033_dragonfly.jpg,alpha_beta,15467.439453125,1.5241281e+13,1.5241281e+13,985378400.591554,98537840059.15541
287,n02268443_2033_dragonfly.jpg,composite,15467.439453125,65357.32,49889.883,3.2254778151025607,322.5477815102561
288,n03761084_5403_microwave.jpg,z_plus,14730.7373046875,6.6137206e+09,6.6137057e+09,448973.1634746476,44897316.34746476
288,n03761084_5403_microwave.jpg,epsilon,14730.7373046875,2.891944e+26,2.891944e+26,1.963203857453618e+22,1.963203857453618e+24
288,n03761084_5403_microwave.jpg,alpha_beta,14730.7373046875,3.3619433e+12,3.3619433e+12,228226412.09913915,22822641209.913914
288,n03761084_5403_microwave.jpg,composite,14730.7373046875,65324.992,50594.254,3.4346043147580168,343.46043147580167
289,n03770439_12438_miniskirt.jpg,z_plus,23733.17578125,7.987824e+09,7.9878006e+09,336566.865286958,33656686.5286958
289,n03770439_12438_miniskirt.jpg,epsilon,23733.17578125,-1.9951824e+27,1.9951824e+27,8.406723329720567e+22,8.406723329720567e+24
289,n03770439_12438_miniskirt.jpg,alpha_beta,23733.17578125,2.260727e+12,2.260727e+12,95255982.31156044,9525598231.156044
289,n03770439_12438_miniskirt.jpg,composite,23733.17578125,65383.547,41650.37,1.7549430163768234,175.49430163768233
290,n03394916_40519_french_horn.jpg,z_plus,8854.3720703125,8.0549786e+09,8.05497e+09,909716.6678827857,90971666.78827856
290,n03394916_40519_french_horn.jpg,epsilon,8854.3720703125,1.1244042e+26,1.1244042e+26,1.2698858968718338e+22,1.2698858968718338e+24
290,n03394916_40519_french_horn.jpg,alpha_beta,8854.3720703125,1.2039817e+13,1.2039817e+13,1359759522.7820277,135975952278.20277
290,n03394916_40519_french_horn.jpg,composite,8854.3720703125,65442.258,56587.887,6.390954239259389,639.0954239259389
291,n02672831_7054_accordion.jpg,z_plus,26862.033203125,9.949285e+09,9.949259e+09,370383.68156146054,37038368.15614606
291,n02672831_7054_accordion.jpg,epsilon,26862.033203125,4.8913885e+26,4.8913885e+26,1.8209300940870704e+22,1.8209300940870705e+24
291,n02672831_7054_accordion.jpg,alpha_beta,26862.033203125,4.649066e+12,4.649066e+12,173072013.31948978,17307201331.94898
291,n02672831_7054_accordion.jpg,composite,26862.033203125,65399.383,38537.35,1.4346401581402004,143.46401581402003
292,n04074963_2109_remote_control.jpg,z_plus,17071.8515625,1.3750653e+10,1.3750636e+10,805456.6002790123,80545660.02790123
292,n04074963_2109_remote_control.jpg,epsilon,17071.8515625,-1.0223039e+27,1.0223039e+27,5.9882425126178565e+22,5.988242512617856e+24
292,n04074963_2109_remote_control.jpg,alpha_beta,17071.8515625,2.7413178e+13,2.7413178e+13,1605753079.5756292,160575307957.56293
292,n04074963_2109_remote_control.jpg,composite,17071.8515625,65367.24,48295.387,2.828948373990829,282.8948373990829
293,n03128519_21456_cream.jpg,z_plus,22410.76171875,8.1287404e+09,8.128718e+09,362714.92803382635,36271492.803382635
293,n03128519_21456_cream.jpg,epsilon,22410.76171875,-3.7103514e+25,3.7103514e+25,1.655611443185617e+21,1.655611443185617e+23
293,n03128519_21456_cream.jpg,alpha_beta,22410.76171875,1.1825076e+13,1.1825076e+13,527651664.16463226,52765166416.46323
293,n03128519_21456_cream.jpg,composite,22410.76171875,65362.4,42951.637,1.916563000302329,191.6563000302329
294,n02402425_58691_cattle.jpg,z_plus,17762.673828125,7.258846e+09,7.2588283e+09,408656.28442189447,40865628.44218945
294,n02402425_58691_cattle.jpg,epsilon,17762.673828125,1.26035285e+26,1.26035285e+26,7.09551311912285e+21,7.09551311912285e+23
294,n02402425_58691_cattle.jpg,alpha_beta,17762.673828125,2.1673885e+12,2.1673885e+12,122019270.58031578,12201927058.031578
294,n02402425_58691_cattle.jpg,composite,17762.673828125,65385.055,47622.383,2.6810368345047895,268.10368345047897
295,n02118333_2661_fox.jpg,z_plus,8220.2626953125,9.566581e+09,9.566573e+09,1163779.419051176,116377941.9051176
295,n02118333_2661_fox.jpg,epsilon,8220.2626953125,3.4919377e+29,3.4919377e+29,4.247963575188499e+25,4.247963575188499e+27
295,n02118333_2661_fox.jpg,alpha_beta,8220.2626953125,4.6409324e+12,4.6409324e+12,564572269.3185788,56457226931.85789
295,n02118333_2661_fox.jpg,composite,8220.2626953125,65434.973,57214.71,6.960204686660318,696.0204686660318
296,n07734744_4530_mushroom.jpg,z_plus,38519.01171875,1.1076433e+10,1.1076394e+10,287556.5464886532,28755654.648865324
296,n07734744_4530_mushroom.jpg,epsilon,38519.01171875,-2.3486018e+27,2.3486018e+27,6.097253588059981e+22,6.097253588059981e+24
296,n07734744_4530_mushroom.jpg,alpha_beta,38519.01171875,1.3920683e+13,1.3920683e+13,361397723.94190043,36139772394.19004
296,n07734744_4530_mushroom.jpg,composite,38519.01171875,65373.695,26854.684,0.6971799741341023,69.71799741341023
297,n03995372_8962_power_drill.jpg,z_plus,8385.8583984375,6.605722e+09,6.605714e+09,787720.6609200586,78772066.09200586
297,n03995372_8962_power_drill.jpg,epsilon,8385.8583984375,-5.3789983e+26,5.3789983e+26,6.414368100537614e+22,6.414368100537615e+24
297,n03995372_8962_power_drill.jpg,alpha_beta,8385.8583984375,1.1903508e+13,1.1903508e+13,1419474022.4252424,141947402242.52423
297,n03995372_8962_power_drill.jpg,composite,8385.8583984375,65392.14,57006.28,6.797906492269763,679.7906492269763
298,n03207941_297_dishwasher.jpg,z_plus,24252.818359375,6.9878687e+09,6.9878446e+09,288125.0543526435,28812505.43526435
298,n03207941_297_dishwasher.jpg,epsilon,24252.818359375,3.562619e+26,3.562619e+26,1.4689504915656431e+22,1.468950491565643e+24
298,n03207941_297_dishwasher.jpg,alpha_beta,24252.818359375,1.6304341e+12,1.6304341e+12,67226582.70228143,6722658270.228143
298,n03207941_297_dishwasher.jpg,composite,24252.818359375,65383.855,41131.04,1.695928219682517,169.59282196825168
299,n02970849_4696_cart.jpg,z_plus,21369.666015625,6.033463e+09,6.0334413e+09,282336.71390035795,28233671.390035793
299,n02970849_4696_cart.jpg,epsilon,21369.666015625,3.2743077e+27,3.2743077e+27,1.5322222144294542e+23,1.5322222144294541e+25
299,n02970849_4696_cart.jpg,alpha_beta,21369.666015625,2.8923965e+12,2.8923965e+12,135350570.88552585,13535057088.552586
299,n02970849_4696_cart.jpg,composite,21369.666015625,65387.164,44017.5,2.059812257609144,205.9812257609144
300,n04254120_1439_soap_dispenser.jpg,z_plus,206.22982788085938,4.566333e+09,4.566333e+09,22141961.59158832,2214196159.1588316
300,n04254120_1439_soap_dispenser.jpg,epsilon,206.22982788085938,3.4224328e+24,3.4224328e+24,1.6595236595148658e+22,1.6595236595148657e+24
300,n04254120_1439_soap_dispenser.jpg,alpha_beta,206.22982788085938,7.5731715e+13,7.5731715e+13,367219990762.8086,36721999076280.86
300,n04254120_1439_soap_dispenser.jpg,composite,206.22982788085938,65476.664,65270.434,316.49366274572446,31649.366274572447
301,n03134739_1193_croquet_ball.jpg,z_plus,43957.140625,8.1535734e+09,8.1535293e+09,185488.16479119688,18548816.47911969
301,n03134739_1193_croquet_ball.jpg,epsilon,43957.140625,-5.7318664e+25,5.7318664e+25,1.3039670723526908e+21,1.3039670723526908e+23
301,n03134739_1193_croquet_ball.jpg,alpha_beta,43957.140625,2.7986158e+12,2.7986158e+12,63666920.772737056,6366692077.2737055
301,n03134739_1193_croquet_ball.jpg,composite,43957.140625,65345.555,21388.414,0.4865742802737073,48.65742802737073
302,n03372029_49129_flute.jpg,z_plus,23087.2265625,1.0179019e+10,1.0178995e+10,440892.9401911377,44089294.01911377
302,n03372029_49129_flute.jpg,epsilon,23087.2265625,3.0059814e+27,3.0059814e+27,1.3020105948950412e+23,1.3020105948950412e+25
302,n03372029_49129_flute.jpg,alpha_beta,23087.2265625,2.1440278e+13,2.1440278e+13,928664058.2033346,92866405820.33345
302,n03372029_49129_flute.jpg,composite,23087.2265625,65389.773,42302.547,1.8322922747121617,183.22922747121618
303,n01882714_11108_koala_bear.jpg,z_plus,13367.537109375,7.258441e+09,7.258428e+09,542989.1717980669,54298917.179806694
303,n01882714_11108_koala_bear.jpg,epsilon,13367.537109375,5.378423e+27,5.378423e+27,4.0234958567029615e+23,4.023495856702962e+25
303,n01882714_11108_koala_bear.jpg,alpha_beta,13367.537109375,1.834354e+13,1.834354e+13,1372245226.0892417,137224522608.92418
303,n01882714_11108_koala_bear.jpg,composite,13367.537109375,65405.957,52038.42,3.8928952617980923,389.28952617980923
304,n04023962_3468_punching_bag.jpg,z_plus,11958.390625,9.156899e+09,9.156887e+09,765729.0027686509,76572900.2768651
304,n04023962_3468_punching_bag.jpg,epsilon,11958.390625,1.7166397e+25,1.7166397e+25,1.435510647798905e+21,1.435510647798905e+23
304,n04023962_3468_punching_bag.jpg,alpha_beta,11958.390625,1.1156068e+13,1.1156068e+13,932907182.0193251,93290718201.93251
304,n04023962_3468_punching_bag.jpg,composite,11958.390625,65399.523,53441.133,4.468923493833062,446.89234938330617
305,n03991062_7689_flower_pot.jpg,z_plus,6280.19140625,8.955061e+09,8.955055e+09,1425920.7283215236,142592072.83215237
305,n03991062_7689_flower_pot.jpg,epsilon,6280.19140625,-5.118525e+25,5.118525e+25,8.150269216560952e+21,8.150269216560952e+23
305,n03991062_7689_flower_pot.jpg,alpha_beta,6280.19140625,6.2848915e+13,6.2848915e+13,10007483989.347715,1000748398934.7715
305,n03991062_7689_flower_pot.jpg,composite,6280.19140625,65422.15,59141.957,9.417222056700842,941.7222056700842
306,n03961711_1377_plate_rack.jpg,z_plus,14956.8701171875,7.646353e+09,7.646338e+09,511225.8104864329,51122581.04864329
306,n03961711_1377_plate_rack.jpg,epsilon,14956.8701171875,4.1725733e+25,4.1725733e+25,2.7897369124983176e+21,2.7897369124983176e+23
306,n03961711_1377_plate_rack.jpg,alpha_beta,14956.8701171875,8.612909e+12,8.612909e+12,575849681.4291385,57584968142.91386
306,n03961711_1377_plate_rack.jpg,composite,14956.8701171875,65374.0,50417.13,3.3708341726061,337.08341726061
307,n02121808_1421_domestic_cat.jpg,z_plus,23598.57421875,6.898069e+09,6.8980454e+09,292307.72062995814,29230772.062995814
307,n02121808_1421_domestic_cat.jpg,epsilon,23598.57421875,2.2472801e+25,2.2472801e+25,9.522948759409542e+20,9.522948759409542e+22
307,n02121808_1421_domestic_cat.jpg,alpha_beta,23598.57421875,1.1061286e+13,1.1061286e+13,468726861.0014118,46872686100.14118
307,n02121808_1421_domestic_cat.jpg,composite,23598.57421875,65360.016,41761.44,1.7696595149832024,176.96595149832024
308,n01910747_17159_jellyfish.jpg,z_plus,22627.064453125,7.7854766e+09,7.785454e+09,344077.0717796057,34407707.17796057
308,n01910747_17159_jellyfish.jpg,epsilon,22627.064453125,-1.5799483e+25,1.5799483e+25,6.98255975418383e+20,6.9825597541838305e+22
308,n01910747_17159_jellyfish.jpg,alpha_beta,22627.064453125,3.5546265e+12,3.5546265e+12,157096229.164845,15709622916.484499
308,n01910747_17159_jellyfish.jpg,composite,22627.064453125,65368.125,42741.062,1.8889353759760554,188.89353759760553
309,n03124170_6694_hat_with_a_wide_brim.jpg,z_plus,44020.484375,1.1978625e+10,1.1978581e+10,272113.79343209986,27211379.343209986
309,n03124170_6694_hat_with_a_wide_brim.jpg,epsilon,44020.484375,-9.542697e+25,9.542697e+25,2.1677855895137729e+21,2.1677855895137727e+23
309,n03124170_6694_hat_with_a_wide_brim.jpg,alpha_beta,44020.484375,2.0360194e+13,2.0360194e+13,462516353.23000777,46251635323.00078
309,n03124170_6694_hat_with_a_wide_brim.jpg,composite,44020.484375,65353.96,21333.477,0.4846261204389466,48.46261204389466
310,n02924116_31580_bus.jpg,z_plus,10552.126953125,7.4401085e+09,7.440098e+09,705080.390432179,70508039.0432179
310,n02924116_31580_bus.jpg,epsilon,10552.126953125,-4.7113713e+25,4.7113713e+25,4.4648546420954466e+21,4.464854642095446e+23
310,n02924116_31580_bus.jpg,alpha_beta,10552.126953125,1.3168185e+13,1.3168185e+13,1247917622.5470836,124791762254.70836
310,n02924116_31580_bus.jpg,composite,10552.126953125,65419.91,54867.78,5.199689265844719,519.9689265844719
311,n02129604_4493_tiger.jpg,z_plus,9489.6796875,9.208309e+09,9.2083e+09,970348.8234833037,97034882.34833036
311,n02129604_4493_tiger.jpg,epsilon,9489.6796875,-9.029475e+25,9.029475e+25,9.515046785446358e+21,9.515046785446358e+23
311,n02129604_4493_tiger.jpg,alpha_beta,9489.6796875,2.553436e+13,2.553436e+13,2690750537.017144,269075053701.71442
311,n02129604_4493_tiger.jpg,composite,9489.6796875,65418.79,55929.11,5.893677259588126,589.3677259588127
312,n02691156_7241_airplane.jpg,z_plus,2543.672607421875,7.499772e+09,7.4997693e+09,2948401.9767773496,294840197.677735
312,n02691156_7241_airplane.jpg,epsilon,2543.672607421875,-1.3656294e+25,1.3656294e+25,5.368731053429179e+21,5.368731053429179e+23
312,n02691156_7241_airplane.jpg,alpha_beta,2543.672607421875,9.458499e+12,9.458499e+12,3718442155.3805585,371844215538.05585
312,n02691156_7241_airplane.jpg,composite,2543.672607421875,65410.887,62867.215,24.715136161899387,2471.5136161899386
313,n07697537_3512_hotdog.jpg,z_plus,5102.083984375,8.652421e+09,8.652416e+09,1695859.1874410738,169585918.7441074
313,n07697537_3512_hotdog.jpg,epsilon,5102.083984375,-3.493099e+25,3.493099e+25,6.846416068597018e+21,6.846416068597018e+23
313,n07697537_3512_hotdog.jpg,alpha_beta,5102.083984375,7.246865e+12,7.246865e+12,1420373517.17767,142037351717.767
313,n07697537_3512_hotdog.jpg,composite,5102.083984375,65367.26,60265.18,11.811875279209188,1181.1875279209187
314,n04074963_13088_remote_control.jpg,z_plus,2381.591796875,8.645457e+09,8.645455e+09,3630116.151449834,363011615.1449834
314,n04074963_13088_remote_control.jpg,epsilon,2381.591796875,1.4795999e+25,1.4795999e+25,6.212650945940741e+21,6.212650945940741e+23
314,n04074963_13088_remote_control.jpg,alpha_beta,2381.591796875,2.3338773e+13,2.3338773e+13,9799652747.083742,979965274708.3743
314,n04074963_13088_remote_control.jpg,composite,2381.591796875,65414.082,63032.492,26.46653900562702,2646.653900562702
315,n04379243_4875_table.jpg,z_plus,10562.0224609375,1.197857e+10,1.197856e+10,1134116.077891358,113411607.7891358
315,n04379243_4875_table.jpg,epsilon,10562.0224609375,-2.4003752e+26,2.4003752e+26,2.2726473104664635e+22,2.2726473104664635e+24
315,n04379243_4875_table.jpg,alpha_beta,10562.0224609375,4.2283005e+13,4.2283005e+13,4003305737.399359,400330573739.9359
315,n04379243_4875_table.jpg,composite,10562.0224609375,65378.992,54816.97,5.190006833703436,519.0006833703436
316,n07749582_16812_lemon.jpg,z_plus,18774.310546875,8.4802365e+09,8.4802176e+09,451692.62428180553,45169262.42818055
316,n07749582_16812_lemon.jpg,epsilon,18774.310546875,-6.3813387e+24,6.3813387e+24,3.3989736425415154e+20,3.3989736425415154e+22
316,n07749582_16812_lemon.jpg,alpha_beta,18774.310546875,1.2532707e+13,1.2532707e+13,667545537.7391428,66754553773.914276
316,n07749582_16812_lemon.jpg,composite,18774.310546875,65406.992,46632.68,2.4838557757456274,248.38557757456275
317,n02274259_379_butterfly.jpg,z_plus,24397.29296875,1.4557446e+10,1.4557422e+10,596681.8362449355,59668183.624493554
317,n02274259_379_butterfly.jpg,epsilon,24397.29296875,6.750622e+25,6.750622e+25,2.7669553231054824e+21,2.7669553231054822e+23
317,n02274259_379_butterfly.jpg,alpha_beta,24397.29296875,3.3156575e+13,3.3156575e+13,1359026800.436107,135902680043.61069
317,n02274259_379_butterfly.jpg,composite,24397.29296875,65360.73,40963.438,1.6790156822917839,167.9015682291784
318,n04442312_6578_toaster.jpg,z_plus,11869.064453125,6.078245e+09,6.078233e+09,512107.17677071446,51210717.677071445
318,n04442312_6578_toaster.jpg,epsilon,11869.064453125,1.0113413e+27,1.0113413e+27,8.520817054247603e+22,8.520817054247603e+24
318,n04442312_6578_toaster.jpg,alpha_beta,11869.064453125,2.8898381e+13,2.8898381e+13,2434764878.1478243,243476487814.78244
318,n04442312_6578_toaster.jpg,composite,11869.064453125,65405.21,53536.15,4.510561775860943,451.05617758609424
319,n02398521_24812_hippopotamus.jpg,z_plus,11357.71484375,1.1130529e+10,1.1130518e+10,979996.2102520998,97999621.02520998
319,n02398521_24812_hippopotamus.jpg,epsilon,11357.71484375,1.2505527e+25,1.2505527e+25,1.1010601687886315e+21,1.1010601687886314e+23
319,n02398521_24812_hippopotamus.jpg,alpha_beta,11357.71484375,1.7852514e+13,1.7852514e+13,1571840300.3053408,157184030030.5341
319,n02398521_24812_hippopotamus.jpg,composite,11357.71484375,65355.367,53997.652,4.754270827063372,475.42708270633716
320,n04118538_7671_rugby_ball.jpg,z_plus,27184.884765625,9.382451e+09,9.382424e+09,345133.835691797,34513383.5691797
320,n04118538_7671_rugby_ball.jpg,epsilon,27184.884765625,4.5235114e+28,4.5235114e+28,1.6639803505398548e+24,1.6639803505398548e+26
320,n04118538_7671_rugby_ball.jpg,alpha_beta,27184.884765625,4.523021e+12,4.523021e+12,166379996.84968853,16637999684.968853
320,n04118538_7671_rugby_ball.jpg,composite,27184.884765625,65392.656,38207.773,1.4054785873439464,140.54785873439465
321,n07695742_4248_pretzel.jpg,z_plus,26732.970703125,7.827488e+09,7.827461e+09,292801.769280535,29280176.9280535
321,n07695742_4248_pretzel.jpg,epsilon,26732.970703125,-7.924274e+25,7.924274e+25,2.96423244858276e+21,2.96423244858276e+23
321,n07695742_4248_pretzel.jpg,alpha_beta,26732.970703125,1.5537005e+13,1.5537005e+13,581192624.2133349,58119262421.33349
321,n07695742_4248_pretzel.jpg,composite,26732.970703125,65417.93,38684.96,1.4470879935904917,144.70879935904918
322,n02764044_34263_axe.jpg,z_plus,9312.0390625,5.814743e+09,5.814734e+09,624431.854824962,62443185.482496195
322,n02764044_34263_axe.jpg,epsilon,9312.0390625,-3.875372e+25,3.875372e+25,4.161679038459902e+21,4.161679038459902e+23
322,n02764044_34263_axe.jpg,alpha_beta,9312.0390625,8.3867814e+12,8.3867814e+12,900638552.342531,90063855234.2531
322,n02764044_34263_axe.jpg,composite,9312.0390625,65379.617,56067.58,6.020977548384717,602.0977548384717
323,n01990800_3901_isopod.jpg,z_plus,5575.19091796875,3.9717617e+09,3.971756e+09,712398.2102923833,71239821.02923833
323,n01990800_3901_isopod.jpg,epsilon,5575.19091796875,7.200724e+24,7.200724e+24,1.291565459384057e+21,1.2915654593840569e+23
323,n01990800_3901_isopod.jpg,alpha_beta,5575.19091796875,3.1881419e+12,3.1881419e+12,571844426.0533031,57184442605.330315
323,n01990800_3901_isopod.jpg,composite,5575.19091796875,65428.594,59853.402,10.735668647836384,1073.5668647836385
324,n03249569_44884_drum.jpg,z_plus,12713.783203125,9.537021e+09,9.537009e+09,750131.4508536757,75013145.08536758
324,n03249569_44884_drum.jpg,epsilon,12713.783203125,7.49336e+26,7.49336e+26,5.893886594923624e+22,5.893886594923625e+24
324,n03249569_44884_drum.jpg,alpha_beta,12713.783203125,1.5996831e+13,1.5996831e+13,1258227459.3024979,125822745930.24979
324,n03249569_44884_drum.jpg,composite,12713.783203125,65394.11,52680.33,4.143560361486046,414.35603614860463
325,n03676483_8016_lipstick.jpg,z_plus,19911.6640625,9.763194e+09,9.763174e+09,490324.38320344477,49032438.32034448
325,n03676483_8016_lipstick.jpg,epsilon,19911.6640625,4.1320315e+28,4.1320315e+28,2.075181393126682e+24,2.0751813931266822e+26
325,n03676483_8016_lipstick.jpg,alpha_beta,19911.6640625,2.0246168e+13,2.0246168e+13,1016799373.8970797,101679937389.70798
325,n03676483_8016_lipstick.jpg,composite,19911.6640625,65383.31,45471.645,2.2836687274613725,228.36687274613726
326,n07768694_6136_pomegranate.jpg,z_plus,56961.75390625,9.587267e+09,9.587209e+09,168309.58596848784,16830958.596848782
326,n07768694_6136_pomegranate.jpg,epsilon,56961.75390625,-1.7976887e+26,1.7976887e+26,3.1559574315416766e+21,3.1559574315416764e+23
326,n07768694_6136_pomegranate.jpg,alpha_beta,56961.75390625,3.9374165e+12,3.9374165e+12,69123863.67119758,6912386367.119758
326,n07768694_6136_pomegranate.jpg,composite,56961.75390625,65407.812,8446.059,0.1482759573669505,14.82759573669505
327,n01784675_23760_centipede.jpg,z_plus,6184.634765625,1.1605328e+10,1.1605322e+10,1876476.4885554765,187647648.85554767
327,n01784675_23760_centipede.jpg,epsilon,6184.634765625,-2.1005617e+24,2.1005617e+24,3.3964200183875e+20,3.3964200183875e+22
327,n01784675_23760_centipede.jpg,alpha_beta,6184.634765625,1.6555756e+13,1.6555756e+13,2676917284.1443043,267691728414.43042
327,n01784675_23760_centipede.jpg,composite,6184.634765625,65412.406,59227.773,9.576600022799413,957.6600022799413
328,n03991062_3915_flower_pot.jpg,z_plus,16059.1552734375,4.857296e+09,4.85728e+09,302461.7370774064,30246173.70774064
328,n03991062_3915_flower_pot.jpg,epsilon,16059.1552734375,6.57281e+25,6.57281e+25,4.092874125403682e+21,4.0928741254036825e+23
328,n03991062_3915_flower_pot.jpg,alpha_beta,16059.1552734375,3.1767166e+12,3.1767166e+12,197813428.6914967,19781342869.14967
328,n03991062_3915_flower_pot.jpg,composite,16059.1552734375,65363.2,49304.043,3.070151706565652,307.0151706565652
329,n03636649_5469_lamp.jpg,z_plus,65635.234375,9.840059e+09,9.839994e+09,149919.38323523125,14991938.323523125
329,n03636649_5469_lamp.jpg,epsilon,65635.234375,-5.7022372e+26,5.7022372e+26,8.687768530035859e+21,8.687768530035859e+23
329,n03636649_5469_lamp.jpg,alpha_beta,65635.234375,6.679609e+12,6.679609e+12,101768646.28258437,10176864628.258436
329,n03636649_5469_lamp.jpg,composite,65635.234375,65383.28,251.95312,0.0038386870618986216,0.38386870618986213
330,n01503061_10156_bird.jpg,z_plus,4579.203125,1.0513333e+10,1.0513329e+10,2295886.1760467775,229588617.60467774
330,n01503061_10156_bird.jpg,epsilon,4579.203125,3.0491684e+24,3.0491684e+24,6.658731472457251e+20,6.658731472457251e+22
330,n01503061_10156_bird.jpg,alpha_beta,4579.203125,4.2781733e+13,4.2781733e+13,9342615267.33009,934261526733.0089
330,n01503061_10156_bird.jpg,composite,4579.203125,65350.28,60771.08,13.271103392031058,1327.110339203106
331,n07753592_1896_banana.jpg,z_plus,7250.47314453125,9.896665e+09,9.896658e+09,1364967.1852744257,136496718.52744257
331,n07753592_1896_banana.jpg,epsilon,7250.47314453125,-1.6950983e+25,1.6950983e+25,2.3379140333409707e+21,2.3379140333409708e+23
331,n07753592_1896_banana.jpg,alpha_beta,7250.47314453125,7.357197e+13,7.357197e+13,10147195394.052086,1014719539405.2086
331,n07753592_1896_banana.jpg,composite,7250.47314453125,65420.184,58169.71,8.02288482116055,802.2884821160551
332,n02510455_4903_giant_panda.jpg,z_plus,24987.564453125,7.9690445e+09,7.9690194e+09,318919.4131724614,31891941.31724614
332,n02510455_4903_giant_panda.jpg,epsilon,24987.564453125,-1.3254956e+25,1.3254956e+25,5.3046211853628526e+20,5.304621185362853e+22
332,n02510455_4903_giant_panda.jpg,alpha_beta,24987.564453125,1.4098419e+13,1.4098419e+13,564217409.7938647,56421740979.386475
332,n02510455_4903_giant_panda.jpg,composite,24987.564453125,65378.555,40390.992,1.6164437419769015,161.64437419769015
333,n02374451_11795_horse.jpg,z_plus,48206.359375,6.901044e+09,6.900996e+09,143155.30534709367,14315530.534709368
333,n02374451_11795_horse.jpg,epsilon,48206.359375,2.0314794e+26,2.0314794e+26,4.214131591465009e+21,4.214131591465009e+23
333,n02374451_11795_horse.jpg,alpha_beta,48206.359375,-2.2217897e+11,2.2217902e+11,4608915.080594497,460891508.0594497
333,n02374451_11795_horse.jpg,composite,48206.359375,65373.82,17167.46,0.35612440267378404,35.6124402673784
334,n04252225_1431_snowplow.jpg,z_plus,875.6613159179688,2.549752e+09,2.5497513e+09,2911800.772338728,291180077.2338728
334,n04252225_1431_snowplow.jpg,epsilon,875.6613159179688,2.685573e+24,2.685573e+24,3.06690832876122e+21,3.06690832876122e+23
334,n04252225_1431_snowplow.jpg,alpha_beta,875.6613159179688,2.1807137e+12,2.1807137e+12,2490362012.2940283,249036201229.40283
334,n04252225_1431_snowplow.jpg,composite,875.6613159179688,65390.953,64515.293,73.67607977639618,7367.607977639618
335,n04118538_3656_rugby_ball.jpg,z_plus,22241.544921875,1.1940579e+10,1.1940557e+10,536858.2462208229,53685824.62208229
335,n04118538_3656_rugby_ball.jpg,epsilon,22241.544921875,-9.722397e+25,9.722397e+25,4.371277751179494e+21,4.3712777511794935e+23
335,n04118538_3656_rugby_ball.jpg,alpha_beta,22241.544921875,2.6309659e+13,2.6309659e+13,1182906089.8291624,118290608982.91623
335,n04118538_3656_rugby_ball.jpg,composite,22241.544921875,65394.684,43153.14,1.940204278820402,194.0204278820402
336,n03445777_9090_golf_ball.jpg,z_plus,4292.95556640625,9.587495e+09,9.587491e+09,2233307.721846214,223330772.1846214
336,n03445777_9090_golf_ball.jpg,epsilon,4292.95556640625,1.7349307e+24,1.7349307e+24,4.0413432303543366e+20,4.041343230354337e+22
336,n03445777_9090_golf_ball.jpg,alpha_beta,4292.95556640625,2.23737e+13,2.23737e+13,5211724334.6519,521172433465.19
336,n03445777_9090_golf_ball.jpg,composite,4292.95556640625,65370.805,61077.848,14.227458614803622,1422.7458614803622
337,n02445715_6015_skunk.jpg,z_plus,64889.609375,8.247372e+09,8.247307e+09,127097.49421264525,12709749.421264526
337,n02445715_6015_skunk.jpg,epsilon,64889.609375,3.65593e+27,3.65593e+27,5.6340762998808106e+22,5.63407629988081e+24
337,n02445715_6015_skunk.jpg,alpha_beta,64889.609375,2.8384944e+12,2.8384944e+12,43743435.5501228,4374343555.0122795
337,n02445715_6015_skunk.jpg,composite,64889.609375,65384.633,495.02344,0.00762870114750159,0.762870114750159
338,n04542943_5799_waffle_iron.jpg,z_plus,8340.73046875,5.483905e+09,5.483897e+09,657484.0000579946,65748400.005799465
338,n04542943_5799_waffle_iron.jpg,epsilon,8340.73046875,-5.1234596e+25,5.1234596e+25,6.142698882889039e+21,6.142698882889039e+23
338,n04542943_5799_waffle_iron.jpg,alpha_beta,8340.73046875,4.424733e+12,4.424733e+12,530497033.4290865,53049703342.90865
338,n04542943_5799_waffle_iron.jpg,composite,8340.73046875,65372.207,57031.477,6.837707653564819,683.7707653564819
339,n04131690_12417_salt_or_pepper_shaker.jpg,z_plus,27606.75,7.756715e+09,7.7566874e+09,280970.68144565076,28097068.144565076
339,n04131690_12417_salt_or_pepper_shaker.jpg,epsilon,27606.75,-1.2838783e+26,1.2838783e+26,4.650595456545946e+21,4.650595456545946e+23
339,n04131690_12417_salt_or_pepper_shaker.jpg,alpha_beta,27606.75,3.285583e+12,3.285583e+12,119013751.0781197,11901375107.81197
339,n04131690_12417_salt_or_pepper_shaker.jpg,composite,27606.75,65361.414,37754.664,1.3675881464677526,136.75881464677525
340,n02355227_12960_squirrel.jpg,z_plus,42386.5546875,8.282776e+09,8.2827336e+09,195409.4554054997,19540945.54054997
340,n02355227_12960_squirrel.jpg,epsilon,42386.5546875,2.7880324e+26,2.7880324e+26,6.577633955751366e+21,6.577633955751366e+23
340,n02355227_12960_squirrel.jpg,alpha_beta,42386.5546875,5.27845e+12,5.27845e+12,124531230.10322224,12453123010.322224
340,n02355227_12960_squirrel.jpg,composite,42386.5546875,65383.668,22997.113,0.5425567954460667,54.25567954460667
341,n04591713_2972_wine_bottle.jpg,z_plus,11754.3544921875,9.765489e+09,9.765477e+09,830796.5684112868,83079656.84112868
341,n04591713_2972_wine_bottle.jpg,epsilon,11754.3544921875,7.084877e+25,7.084877e+25,6.027448782703391e+21,6.027448782703391e+23
341,n04591713_2972_wine_bottle.jpg,alpha_beta,11754.3544921875,3.755558e+13,3.755558e+13,3195035502.5577984,319503550255.77985
341,n04591713_2972_wine_bottle.jpg,composite,11754.3544921875,65429.35,53674.996,4.566392491346111,456.6392491346111
342,n00007846_152343_person.jpg,z_plus,10033.4873046875,6.271156e+09,6.271146e+09,625021.5696261046,62502156.96261045
342,n00007846_152343_person.jpg,epsilon,10033.4873046875,-2.8212292e+24,2.8212292e+24,2.8118131814888846e+20,2.811813181488885e+22
342,n00007846_152343_person.jpg,alpha_beta,10033.4873046875,6.4031844e+12,6.4031844e+12,638181342.1189945,63818134211.899445
342,n00007846_152343_person.jpg,composite,10033.4873046875,65387.14,55353.652,5.516890654546805,551.6890654546805
343,n03085013_7532_computer_keyboard.jpg,z_plus,40463.94140625,1.1303049e+10,1.1303008e+10,279335.32580328116,27933532.580328114
343,n03085013_7532_computer_keyboard.jpg,epsilon,40463.94140625,1.9245099e+28,1.9245099e+28,4.75611085285654e+23,4.75611085285654e+25
343,n03085013_7532_computer_keyboard.jpg,alpha_beta,40463.94140625,1.067334e+13,1.067334e+13,263774100.83416018,26377410083.41602
343,n03085013_7532_computer_keyboard.jpg,composite,40463.94140625,65356.17,24892.23,0.6151706829257263,61.51706829257263
344,n07768694_513_pomegranate.jpg,z_plus,7425.15380859375,5.9208745e+09,5.920867e+09,797406.6219539437,79740662.19539437
344,n07768694_513_pomegranate.jpg,epsilon,7425.15380859375,1.0348531e+28,1.0348531e+28,1.3937127237992067e+24,1.3937127237992067e+26
344,n07768694_513_pomegranate.jpg,alpha_beta,7425.15380859375,6.205775e+12,6.205775e+12,835777267.0923939,83577726709.23938
344,n07768694_513_pomegranate.jpg,composite,7425.15380859375,65374.188,57949.035,7.804422191116491,780.4422191116491
345,n03314780_153_face_powder.jpg,z_plus,173.48057556152344,2.8780856e+09,2.8780854e+09,16590245.71867829,1659024571.867829
345,n03314780_153_face_powder.jpg,epsilon,173.48057556152344,5.595159e+24,5.595159e+24,3.2252367001867157e+22,3.225236700186716e+24
345,n03314780_153_face_powder.jpg,alpha_beta,173.48057556152344,5.1926452e+13,5.1926452e+13,299321421063.1288,29932142106312.88
345,n03314780_153_face_powder.jpg,composite,173.48057556152344,65503.62,65330.14,376.58475834059374,37658.475834059376
346,n02802426_12389_basketball.jpg,z_plus,22578.296875,1.3638027e+10,1.3638005e+10,604031.5977552844,60403159.77552844
346,n02802426_12389_basketball.jpg,epsilon,22578.296875,-7.3323116e+27,7.3323116e+27,3.247504289186869e+23,3.247504289186869e+25
346,n02802426_12389_basketball.jpg,alpha_beta,22578.296875,4.577418e+13,4.577418e+13,2027353101.1474032,202735310114.74033
346,n02802426_12389_basketball.jpg,composite,22578.296875,65391.133,42812.836,1.8961942158224945,189.61942158224946
347,n07583066_7105_guacamole.jpg,z_plus,11239.5244140625,8.568641e+09,8.56863e+09,762365.8657014408,76236586.57014409
347,n07583066_7105_guacamole.jpg,epsilon,11239.5244140625,7.521582e+24,7.521582e+24,6.692082152908622e+20,6.692082152908622e+22
347,n07583066_7105_guacamole.jpg,alpha_beta,11239.5244140625,1.2056859e+13,1.2056859e+13,1072719699.0208772,107271969902.08772
347,n07583066_7105_guacamole.jpg,composite,11239.5244140625,65376.69,54137.168,4.816677821439726,481.66778214397266
348,n03710721_8217_maillot.jpg,z_plus,17886.798828125,8.2302566e+09,8.2302387e+09,460129.2159141638,46012921.59141638
348,n03710721_8217_maillot.jpg,epsilon,17886.798828125,5.2002474e+25,5.2002474e+25,2.9073102591713964e+21,2.9073102591713965e+23
348,n03710721_8217_maillot.jpg,alpha_beta,17886.798828125,6.899391e+12,6.899391e+12,385725308.981677,38572530898.1677
348,n03710721_8217_maillot.jpg,composite,17886.798828125,65356.055,47469.258,2.6538710625993747,265.38710625993747
349,n03445924_6750_golfcart.jpg,z_plus,10250.0283203125,5.527417e+09,5.5274066e+09,539257.6897612847,53925768.976128474
349,n03445924_6750_golfcart.jpg,epsilon,10250.0283203125,-2.1849677e+25,2.1849677e+25,2.131669935725575e+21,2.131669935725575e+23
349,n03445924_6750_golfcart.jpg,alpha_beta,10250.0283203125,5.3179444e+12,5.3179444e+12,518822411.4047471,51882241140.47472
349,n03445924_6750_golfcart.jpg,composite,10250.0283203125,65348.383,55098.355,5.375434461927886,537.5434461927887
350,n02342885_4388_hamster.jpg,z_plus,18724.51171875,9.86284e+09,9.862822e+09,526733.1952973292,52673319.52973292
350,n02342885_4388_hamster.jpg,epsilon,18724.51171875,-2.0264486e+24,2.0264486e+24,1.0822437743164078e+20,1.0822437743164079e+22
350,n02342885_4388_hamster.jpg,alpha_beta,18724.51171875,2.9364287e+13,2.9364287e+13,1568227096.8385346,156822709683.85345
350,n02342885_4388_hamster.jpg,composite,18724.51171875,65393.83,46669.316,2.4924183395134767,249.24183395134767
351,n04118538_4281_rugby_ball.jpg,z_plus,12534.779296875,7.190931e+09,7.1909187e+09,573677.324960334,57367732.4960334
351,n04118538_4281_rugby_ball.jpg,epsilon,12534.779296875,-1.5587709e+25,1.5587709e+25,1.2435566837529625e+21,1.2435566837529625e+23
351,n04118538_4281_rugby_ball.jpg,alpha_beta,12534.779296875,7.18437e+12,7.18437e+12,573154873.6573715,57315487365.73715
351,n04118538_4281_rugby_ball.jpg,composite,12534.779296875,65410.555,52875.773,4.218325044676139,421.83250446761394
352,n02815834_4632_beaker.jpg,z_plus,13615.474609375,3.8124616e+09,3.812448e+09,280008.45430497447,28000845.430497445
352,n02815834_4632_beaker.jpg,epsilon,13615.474609375,-2.9701847e+25,2.9701847e+25,2.1814771994740596e+21,2.1814771994740596e+23
352,n02815834_4632_beaker.jpg,alpha_beta,13615.474609375,2.1646417e+13,2.1646417e+13,1589839332.749052,158983933274.9052
352,n02815834_4632_beaker.jpg,composite,13615.474609375,65403.426,51787.953,3.8036098344553744,380.36098344553744
353,n02454379_174_armadillo.jpg,z_plus,4532.06494140625,9.001826e+09,9.001822e+09,1986251.8133301167,198625181.33301166
353,n02454379_174_armadillo.jpg,epsilon,4532.06494140625,1.8537715e+27,1.8537715e+27,4.0903461889245984e+23,4.090346188924598e+25
353,n02454379_174_armadillo.jpg,alpha_beta,4532.06494140625,1.7769844e+13,1.7769844e+13,3920915611.025267,392091561102.52673
353,n02454379_174_armadillo.jpg,composite,4532.06494140625,65401.258,60869.19,13.430785346899624,1343.0785346899625
354,n04487394_23210_trombone.jpg,z_plus,47006.734375,1.0097582e+10,1.0097535e+10,214810.39068670225,21481039.068670224
354,n04487394_23210_trombone.jpg,epsilon,47006.734375,-6.2946474e+26,6.2946474e+26,1.3390948119464886e+22,1.3390948119464885e+24
354,n04487394_23210_trombone.jpg,alpha_beta,47006.734375,7.009682e+12,7.009682e+12,149120799.2730478,14912079927.304781
354,n04487394_23210_trombone.jpg,composite,47006.734375,65388.32,18381.586,0.3910415429172133,39.10415429172133
355,n03770439_6215_miniskirt.jpg,z_plus,19387.560546875,1.0400371e+10,1.0400351e+10,536444.5520030034,53644455.20030034
355,n03770439_6215_miniskirt.jpg,epsilon,19387.560546875,5.7084442e+26,5.7084442e+26,2.944384974731833e+22,2.9443849747318326e+24
355,n03770439_6215_miniskirt.jpg,alpha_beta,19387.560546875,3.1126712e+13,3.1126712e+13,1605499162.539641,160549916253.96408
355,n03770439_6215_miniskirt.jpg,composite,19387.560546875,65398.69,46011.133,2.3732296129393116,237.32296129393114
356,n03642806_21229_laptop.jpg,z_plus,52359.44140625,7.995183e+09,7.995131e+09,152697.02398019645,15269702.398019645
356,n03642806_21229_laptop.jpg,epsilon,52359.44140625,-6.603109e+26,6.603109e+26,1.2611113726157819e+22,1.2611113726157818e+24
356,n03642806_21229_laptop.jpg,alpha_beta,52359.44140625,3.0220201e+12,3.0220201e+12,57716814.16156614,5771681416.156614
356,n03642806_21229_laptop.jpg,composite,52359.44140625,65398.29,13038.848,0.24902572116999974,24.902572116999973
357,n04026417_12310_purse.jpg,z_plus,29864.4453125,9.551716e+09,9.551687e+09,319834.7250736228,31983472.507362276
357,n04026417_12310_purse.jpg,epsilon,29864.4453125,5.022301e+26,5.022301e+26,1.681699056067501e+22,1.681699056067501e+24
357,n04026417_12310_purse.jpg,alpha_beta,29864.4453125,5.5973606e+12,5.5973606e+12,187425565.5986014,18742556559.86014
357,n04026417_12310_purse.jpg,composite,29864.4453125,65379.76,35515.316,1.1892173464003228,118.92173464003228
358,n02870880_12189_bookshelf.jpg,z_plus,7637.02587890625,5.482626e+09,5.4826184e+09,717899.6712768092,71789967.12768091
358,n02870880_12189_bookshelf.jpg,epsilon,7637.02587890625,8.015014e+27,8.015014e+27,1.0494941628974218e+24,1.0494941628974217e+26
358,n02870880_12189_bookshelf.jpg,alpha_beta,7637.02587890625,1.2784515e+13,1.2784515e+13,1674017558.507119,167401755850.71188
358,n02870880_12189_bookshelf.jpg,composite,7637.02587890625,65358.023,57720.996,7.558046418720405,755.8046418720405
359,n01882714_3175_koala_bear.jpg,z_plus,22679.83984375,5.953153e+09,5.9531305e+09,262485.56149483885,26248556.149483886
359,n01882714_3175_koala_bear.jpg,epsilon,22679.83984375,3.6099538e+25,3.6099538e+25,1.5917016268785593e+21,1.5917016268785593e+23
359,n01882714_3175_koala_bear.jpg,alpha_beta,22679.83984375,3.679754e+12,3.679754e+12,162247800.27826723,16224780027.826723
359,n01882714_3175_koala_bear.jpg,composite,22679.83984375,65393.06,42713.22,1.8833121858119655,188.33121858119654
360,n03995372_3057_power_drill.jpg,z_plus,15796.9990234375,1.3163532e+10,1.3163517e+10,833292.2543369712,83329225.43369712
360,n03995372_3057_power_drill.jpg,epsilon,15796.9990234375,2.1539597e+27,2.1539597e+27,1.3635246456865315e+23,1.3635246456865315e+25
360,n03995372_3057_power_drill.jpg,alpha_beta,15796.9990234375,3.043263e+13,3.043263e+13,1926481755.3013809,192648175530.1381
360,n03995372_3057_power_drill.jpg,composite,15796.9990234375,65404.97,49607.97,3.1403413190312355,314.0341319031235
361,n04517823_17685_vacuum.jpg,z_plus,28925.2265625,7.1484206e+09,7.148392e+09,247133.48123838927,24713348.123838928
361,n04517823_17685_vacuum.jpg,epsilon,28925.2265625,-3.1199026e+26,3.1199026e+26,1.0786095709910993e+22,1.0786095709910993e+24
361,n04517823_17685_vacuum.jpg,alpha_beta,28925.2265625,3.3773618e+12,3.3773618e+12,116761811.3197582,11676181131.97582
361,n04517823_17685_vacuum.jpg,composite,28925.2265625,65413.883,36488.656,1.2614821243026777,126.14821243026778
362,n03400231_5440_frying_pan.jpg,z_plus,20595.408203125,8.667327e+09,8.667307e+09,420836.86433971545,42083686.43397155
362,n03400231_5440_frying_pan.jpg,epsilon,20595.408203125,-1.2148106e+26,1.2148106e+26,5.898453653814533e+21,5.8984536538145326e+23
362,n03400231_5440_frying_pan.jpg,alpha_beta,20595.408203125,7.641633e+12,7.641633e+12,371035756.6568718,37103575665.68718
362,n03400231_5440_frying_pan.jpg,composite,20595.408203125,65390.445,44795.04,2.1750012731333457,217.50012731333456
363,n03481172_6773_hammer.jpg,z_plus,5257.01123046875,7.655393e+09,7.6553876e+09,1456224.3283082996,145622432.83082998
363,n03481172_6773_hammer.jpg,epsilon,5257.01123046875,6.812275e+24,6.812275e+24,1.295845584041397e+21,1.2958455840413969e+23
363,n03481172_6773_hammer.jpg,alpha_beta,5257.01123046875,9.046172e+12,9.046172e+12,1720782343.8382995,172078234383.82996
363,n03481172_6773_hammer.jpg,composite,5257.01123046875,65440.434,60183.42,11.448220145731398,1144.8220145731398
364,n04330267_16662_stove.jpg,z_plus,29745.375,8.813956e+09,8.813926e+09,296312.4990019357,29631249.900193572
364,n04330267_16662_stove.jpg,epsilon,29745.375,-4.248143e+25,4.248143e+25,1.4281692936282697e+21,1.4281692936282696e+23
364,n04330267_16662_stove.jpg,alpha_beta,29745.375,1.2875469e+12,1.2875469e+12,43285615.44831614,4328561544.8316145
364,n04330267_16662_stove.jpg,composite,29745.375,65363.652,35618.277,1.1974391764685703,119.74391764685703
365,n04376876_14092_syringe.jpg,z_plus,30561.46484375,8.12114e+09,8.1211095e+09,265730.37468982936,26573037.468982935
365,n04376876_14092_syringe.jpg,epsilon,30561.46484375,-5.622965e+28,5.622965e+28,1.8398873371000324e+24,1.8398873371000323e+26
365,n04376876_14092_syringe.jpg,alpha_beta,30561.46484375,2.2375e+12,2.2375e+12,73213112.55463295,7321311255.463295
365,n04376876_14092_syringe.jpg,composite,30561.46484375,65407.613,34846.15,1.140198894773367,114.0198894773367
366,n04557648_2622_water_bottle.jpg,z_plus,3618.0712890625,5.1815844e+09,5.181581e+09,1432138.9453166905,143213894.53166905
366,n04557648_2622_water_bottle.jpg,epsilon,3618.0712890625,5.3809728e+26,5.3809728e+26,1.4872489705794035e+23,1.4872489705794036e+25
366,n04557648_2622_water_bottle.jpg,alpha_beta,3618.0712890625,3.4825125e+12,3.4825125e+12,962532864.8970352,96253286489.70352
366,n04557648_2622_water_bottle.jpg,composite,3618.0712890625,65287.656,61669.586,17.044878613616962,1704.4878613616963
367,n03494278_29009_harmonica.jpg,z_plus,84402.796875,8.1358633e+09,8.135779e+09,96392.28932246096,9639228.932246096
367,n03494278_29009_harmonica.jpg,epsilon,84402.796875,-1.0147767e+27,1.0147767e+27,1.2023022381992593e+22,1.2023022381992593e+24
367,n03494278_29009_harmonica.jpg,alpha_beta,84402.796875,2.8340293e+12,2.8340293e+12,33577434.0631525,3357743406.31525
367,n03494278_29009_harmonica.jpg,composite,84402.796875,65379.473,19023.324,0.2253873677542131,22.538736775421313
368,n02062744_305_whale.jpg,z_plus,8944.8134765625,1.2186216e+10,1.2186207e+10,1362376.8973975081,136237689.7397508
368,n02062744_305_whale.jpg,epsilon,8944.8134765625,2.4316216e+28,2.4316216e+28,2.7184709821259014e+24,2.7184709821259013e+26
368,n02062744_305_whale.jpg,alpha_beta,8944.8134765625,3.4327665e+13,3.4327665e+13,3837717199.4983077,383771719949.83075
368,n02062744_305_whale.jpg,composite,8944.8134765625,65303.79,56358.977,6.300743633186692,630.0743633186693
369,n02402425_20234_cattle.jpg,z_plus,7411.1181640625,1.0044218e+10,1.0044211e+10,1355289.5767745767,135528957.67745766
369,n02402425_20234_cattle.jpg,epsilon,7411.1181640625,1.1453939e+23,1.1453939e+23,1.5455075639296854e+19,1.5455075639296855e+21
369,n02402425_20234_cattle.jpg,alpha_beta,7411.1181640625,1.5435467e+13,1.5435467e+13,2082744627.370071,208274462737.00708
369,n02402425_20234_cattle.jpg,composite,7411.1181640625,65427.76,58016.645,7.828325395292254,782.8325395292254
370,n04256520_22975_sofa.jpg,z_plus,19202.046875,1.3490055e+10,1.3490036e+10,702531.1311765714,70253113.11765714
370,n04256520_22975_sofa.jpg,epsilon,19202.046875,4.088716e+25,4.088716e+25,2.129312691958258e+21,2.1293126919582582e+23
370,n04256520_22975_sofa.jpg,alpha_beta,19202.046875,2.3624625e+13,2.3624625e+13,1230318051.60338,123031805160.338
370,n04256520_22975_sofa.jpg,composite,19202.046875,65385.023,46182.977,2.4051069588120457,240.51069588120458
371,n03797390_759_cup_or_mug.jpg,z_plus,12214.7705078125,6.249059e+09,6.2490465e+09,511597.5387341606,51159753.87341606
371,n03797390_759_cup_or_mug.jpg,epsilon,12214.7705078125,2.0050593e+27,2.0050593e+27,1.6415038280926788e+23,1.641503828092679e+25
371,n03797390_759_cup_or_mug.jpg,alpha_beta,12214.7705078125,3.3799707e+12,3.3799707e+12,276711764.76037043,27671176476.037045
371,n03797390_759_cup_or_mug.jpg,composite,12214.7705078125,65364.316,53149.547,4.351252186113648,435.12521861136474
372,n04118776_19742_ruler.jpg,z_plus,484.7615051269531,4.47898e+09,4.4789796e+09,9239552.927821219,923955292.7821219
372,n04118776_19742_ruler.jpg,epsilon,484.7615051269531,-1.4232485e+24,1.4232485e+24,2.9359766315772695e+21,2.9359766315772695e+23
372,n04118776_19742_ruler.jpg,alpha_beta,484.7615051269531,1.3627806e+13,1.3627806e+13,28112394044.297993,2811239404429.7993
372,n04118776_19742_ruler.jpg,composite,484.7615051269531,65420.188,64935.426,133.95334632462257,13395.334632462258
373,n02510455_12383_giant_panda.jpg,z_plus,28237.125,7.7462287e+09,7.7462006e+09,274326.81535389053,27432681.535389055
373,n02510455_12383_giant_panda.jpg,epsilon,28237.125,6.087169e+24,6.087169e+24,2.1557325752140707e+20,2.1557325752140705e+22
373,n02510455_12383_giant_panda.jpg,alpha_beta,28237.125,1.2440004e+13,1.2440004e+13,440554896.22656554,44055489622.656555
373,n02510455_12383_giant_panda.jpg,composite,28237.125,65379.97,37142.844,1.3153904212981558,131.53904212981558
374,n03124170_8316_hat_with_a_wide_brim.jpg,z_plus,30668.533203125,9.05665e+09,9.05662e+09,295306.5756361922,29530657.563619222
374,n03124170_8316_hat_with_a_wide_brim.jpg,epsilon,30668.533203125,-4.2096084e+27,4.2096084e+27,1.3726148428760583e+23,1.3726148428760582e+25
374,n03124170_8316_hat_with_a_wide_brim.jpg,alpha_beta,30668.533203125,4.779556e+12,4.779556e+12,155845608.16729334,15584560816.729334
374,n03124170_8316_hat_with_a_wide_brim.jpg,composite,30668.533203125,65412.477,34743.945,1.1328857849960232,113.28857849960232
375,n02165456_4435_ladybug.jpg,z_plus,2530.040283203125,7.035553e+09,7.03555e+09,2780805.608000024,278080560.8000024
375,n02165456_4435_ladybug.jpg,epsilon,2530.040283203125,1.205602e+25,1.205602e+25,4.76514921489722e+21,4.76514921489722e+23
375,n02165456_4435_ladybug.jpg,alpha_beta,2530.040283203125,2.8524128e+13,2.8524128e+13,11274179270.854977,1127417927085.4976
375,n02165456_4435_ladybug.jpg,composite,2530.040283203125,65435.242,62905.203,24.863320771056976,2486.332077105698
376,n03761084_45823_microwave.jpg,z_plus,15962.53125,1.0733267e+10,1.0733251e+10,672402.7907540872,67240279.07540871
376,n03761084_45823_microwave.jpg,epsilon,15962.53125,6.408375e+26,6.408375e+26,4.01463601167508e+22,4.0146360116750797e+24
376,n03761084_45823_microwave.jpg,alpha_beta,15962.53125,6.757957e+12,6.757957e+12,423363742.9301557,42336374293.01557
376,n03761084_45823_microwave.jpg,composite,15962.53125,65366.844,49404.312,3.095017433403421,309.5017433403421
377,n04530566_23960_watercraft.jpg,z_plus,8394.05078125,6.869545e+09,6.869537e+09,818381.6070476767,81838160.70476767
377,n04530566_23960_watercraft.jpg,epsilon,8394.05078125,1.7591507e+25,1.7591507e+25,2.0957112793366324e+21,2.0957112793366322e+23
377,n04530566_23960_watercraft.jpg,alpha_beta,8394.05078125,5.70268e+12,5.70268e+12,679371640.7398367,67937164073.98367
377,n04530566_23960_watercraft.jpg,composite,8394.05078125,65414.66,57020.61,6.792978844297863,679.2978844297863
378,n03770439_6006_miniskirt.jpg,z_plus,3377.636962890625,3.3629934e+09,3.36299e+09,995663.5709957752,99566357.09957752
378,n03770439_6006_miniskirt.jpg,epsilon,3377.636962890625,3.6803483e+30,3.6803483e+30,1.0896222201767465e+27,1.0896222201767466e+29
378,n03770439_6006_miniskirt.jpg,alpha_beta,3377.636962890625,9.441546e+12,9.441546e+12,2795311094.6763825,279531109467.63824
378,n03770439_6006_miniskirt.jpg,composite,3377.636962890625,65389.84,62012.203,18.359641313230657,1835.9641313230657
379,n03797390_4473_cup_or_mug.jpg,z_plus,28548.63671875,1.268495e+10,1.2684921e+10,444326.67510418914,44432667.510418914
379,n03797390_4473_cup_or_mug.jpg,epsilon,28548.63671875,-1.4695438e+26,1.4695438e+26,5.147509607698773e+21,5.1475096076987724e+23
379,n03797390_4473_cup_or_mug.jpg,alpha_beta,28548.63671875,3.1852511e+13,3.1852511e+13,1115727930.4391787,111572793043.91788
379,n03797390_4473_cup_or_mug.jpg,composite,28548.63671875,65391.633,36842.996,1.2905343416819337,129.05343416819338
380,n01770393_10111_scorpion.jpg,z_plus,2430.104248046875,4.7493627e+09,4.74936e+09,1954385.3445033086,195438534.45033085
380,n01770393_10111_scorpion.jpg,epsilon,2430.104248046875,8.433379e+24,8.433379e+24,3.4703775675131966e+21,3.4703775675131966e+23
380,n01770393_10111_scorpion.jpg,alpha_beta,2430.104248046875,3.0297018e+12,3.0297018e+12,1246737360.0592597,124673736005.92596
380,n01770393_10111_scorpion.jpg,composite,2430.104248046875,65432.484,63002.38,25.925792672005898,2592.5792672005896
381,n02062744_332_whale.jpg,z_plus,18233.62109375,9.220116e+09,9.220098e+09,505664.6730012339,50566467.300123386
381,n02062744_332_whale.jpg,epsilon,18233.62109375,3.6974152e+26,3.6974152e+26,2.0278008345021685e+22,2.0278008345021686e+24
381,n02062744_332_whale.jpg,alpha_beta,18233.62109375,5.382434e+12,5.382434e+12,295192814.61369514,29519281461.369514
381,n02062744_332_whale.jpg,composite,18233.62109375,65346.504,47112.883,2.5838467614447937,258.3846761444794
382,n07749582_6832_lemon.jpg,z_plus,15033.6767578125,7.003383e+09,7.003368e+09,465845.318402241,46584531.8402241
382,n07749582_6832_lemon.jpg,epsilon,15033.6767578125,-5.0416007e+26,5.0416007e+26,3.353538027948243e+22,3.3535380279482433e+24
382,n07749582_6832_lemon.jpg,alpha_beta,15033.6767578125,6.879915e+12,6.879915e+12,457633542.6709424,45763354267.094246
382,n07749582_6832_lemon.jpg,composite,15033.6767578125,65376.305,50342.63,3.3486571327327006,334.86571327327005
383,n04517823_16473_vacuum.jpg,z_plus,3254.9404296875,5.4859756e+09,5.4859725e+09,1685429.4566997685,168542945.66997686
383,n04517823_16473_vacuum.jpg,epsilon,3254.9404296875,4.3150598e+24,4.3150598e+24,1.325695469044792e+21,1.325695469044792e+23
383,n04517823_16473_vacuum.jpg,alpha_beta,3254.9404296875,7.8569884e+12,7.8569884e+12,2413865484.278592,241386548427.85922
383,n04517823_16473_vacuum.jpg,composite,3254.9404296875,65404.71,62149.77,19.093980634600364,1909.3980634600364
384,n03759954_19823_microphone.jpg,z_plus,17338.095703125,7.8672015e+09,7.867184e+09,453751.33825000015,45375133.82500002
384,n03759954_19823_microphone.jpg,epsilon,17338.095703125,-4.8364282e+25,4.8364282e+25,2.7894806432684657e+21,2.7894806432684658e+23
384,n03759954_19823_microphone.jpg,alpha_beta,17338.095703125,5.706753e+12,5.706753e+12,329145330.77326894,32914533077.326893
384,n03759954_19823_microphone.jpg,composite,17338.095703125,65377.242,48039.15,2.770728069567565,277.0728069567565
385,n03535780_15497_horizontal_bar.jpg,z_plus,51847.1953125,9.44624e+09,9.446188e+09,182192.84524581424,18219284.524581425
385,n03535780_15497_horizontal_bar.jpg,epsilon,51847.1953125,6.68874e+24,6.68874e+24,1.2900871079307251e+20,1.2900871079307252e+22
385,n03535780_15497_horizontal_bar.jpg,alpha_beta,51847.1953125,5.649996e+12,5.649996e+12,108973993.47065002,10897399347.065002
385,n03535780_15497_horizontal_bar.jpg,composite,51847.1953125,65329.184,13481.988,0.2600331261891678,26.00331261891678
386,n04554684_16469_washer.jpg,z_plus,18397.2578125,5.727222e+09,5.7272033e+09,311307.4451839418,31130744.51839418
386,n04554684_16469_washer.jpg,epsilon,18397.2578125,1.0905227e+25,1.0905227e+25,5.927637434732527e+20,5.927637434732527e+22
386,n04554684_16469_washer.jpg,alpha_beta,18397.2578125,6.1713867e+12,6.1713867e+12,335451444.4959575,33545144449.59575
386,n04554684_16469_washer.jpg,composite,18397.2578125,65367.844,46970.586,2.5531297335836283,255.31297335836283
387,n02769748_3207_backpack.jpg,z_plus,10791.2470703125,8.5507707e+09,8.55076e+09,792379.2199627201,79237921.99627201
387,n02769748_3207_backpack.jpg,epsilon,10791.2470703125,-6.9499665e+24,6.9499665e+24,6.440373785243423e+20,6.440373785243422e+22
387,n02769748_3207_backpack.jpg,alpha_beta,10791.2470703125,1.1046192e+13,1.1046192e+13,1023625197.6018461,102362519760.18462
387,n02769748_3207_backpack.jpg,composite,10791.2470703125,65402.87,54611.625,5.0607334485219475,506.07334485219474
388,n02437136_4411_camel.jpg,z_plus,17324.0625,4.681079e+09,4.6810614e+09,270205.7543373403,27020575.43373403
388,n02437136_4411_camel.jpg,epsilon,17324.0625,2.9833818e+25,2.9833818e+25,1.7221028689613842e+21,1.7221028689613843e+23
388,n02437136_4411_camel.jpg,alpha_beta,17324.0625,1.7952185e+12,1.7952185e+12,103625721.33181211,10362572133.181211
388,n02437136_4411_camel.jpg,composite,17324.0625,65350.64,48026.58,2.772246874830729,277.2246874830729
389,n03928116_17073_piano.jpg,z_plus,50218.4296875,6.912727e+09,6.912677e+09,137652.19077968333,13765219.077968333
389,n03928116_17073_piano.jpg,epsilon,50218.4296875,3.4944263e+27,3.4944263e+27,6.958454040687345e+22,6.958454040687345e+24
389,n03928116_17073_piano.jpg,alpha_beta,50218.4296875,2.348808e+12,2.348808e+12,46771830.487734295,4677183048.77343
389,n03928116_17073_piano.jpg,composite,50218.4296875,65386.383,15167.953,0.3020395743034393,30.20395743034393
390,n02510455_9574_giant_panda.jpg,z_plus,23080.57421875,8.472006e+09,8.471983e+09,367061.1928327691,36706119.283276916
390,n02510455_9574_giant_panda.jpg,epsilon,23080.57421875,3.3611615e+27,3.3611615e+27,1.4562728946450184e+23,1.4562728946450184e+25
390,n02510455_9574_giant_panda.jpg,alpha_beta,23080.57421875,1.4118312e+13,1.4118312e+13,611696760.3519186,61169676035.19186
390,n02510455_9574_giant_panda.jpg,composite,23080.57421875,65385.41,42304.836,1.8329195598232095,183.29195598232096
391,n04591157_4545_tie.jpg,z_plus,31930.30859375,9.755099e+09,9.755067e+09,305511.2155699347,30551121.55699347
391,n04591157_4545_tie.jpg,epsilon,31930.30859375,-7.491396e+25,7.491396e+25,2.346170925887595e+21,2.346170925887595e+23
391,n04591157_4545_tie.jpg,alpha_beta,31930.30859375,3.1698846e+12,3.1698846e+12,99275099.71577193,9927509971.577192
391,n04591157_4545_tie.jpg,composite,31930.30859375,65369.285,33438.977,1.04724877507273,104.72487750727299
392,n04536866_9751_violin.jpg,z_plus,43049.921875,6.843389e+09,6.843346e+09,158963.0276187311,15896302.761873111
392,n04536866_9751_violin.jpg,epsilon,43049.921875,-3.5459925e+26,3.5459925e+26,8.236931384018139e+21,8.236931384018139e+23
392,n04536866_9751_violin.jpg,alpha_beta,43049.921875,2.847933e+12,2.847933e+12,66154195.32135757,6615419532.135757
392,n04536866_9751_violin.jpg,composite,43049.921875,65396.242,22346.32,0.5190792303266981,51.907923032669814
393,n02219486_8874_ant.jpg,z_plus,1473.2510986328125,3.7310894e+09,3.731088e+09,2532553.938334031,253255393.8334031
393,n02219486_8874_ant.jpg,epsilon,1473.2510986328125,-3.1732756e+23,3.1732756e+23,2.1539271694938292e+20,2.153927169493829e+22
393,n02219486_8874_ant.jpg,alpha_beta,1473.2510986328125,4.860825e+12,4.860825e+12,3299386674.445097,329938667444.5097
393,n02219486_8874_ant.jpg,composite,1473.2510986328125,65399.074,63925.824,43.39099036004808,4339.099036004808
394,n02828884_6930_bench.jpg,z_plus,33203.5546875,6.680629e+09,6.680596e+09,201201.22772622338,20120122.77262234
394,n02828884_6930_bench.jpg,epsilon,33203.5546875,-1.7760818e+26,1.7760818e+26,5.349071406527487e+21,5.349071406527486e+23
394,n02828884_6930_bench.jpg,alpha_beta,33203.5546875,7.7513197e+12,7.7513197e+12,233448489.3567698,23344848935.67698
394,n02828884_6930_bench.jpg,composite,33203.5546875,65365.867,32162.312,0.9686406411210858,96.86406411210858
395,n03314780_8148_face_powder.jpg,z_plus,9097.443359375,1.1021283e+10,1.1021274e+10,1211469.3850378592,121146938.50378592
395,n03314780_8148_face_powder.jpg,epsilon,9097.443359375,-8.5459845e+24,8.5459845e+24,9.393830990143415e+20,9.393830990143414e+22
395,n03314780_8148_face_powder.jpg,alpha_beta,9097.443359375,2.094496e+13,2.094496e+13,2302290736.2576456,230229073625.76456
395,n03314780_8148_face_powder.jpg,composite,9097.443359375,65374.883,56277.438,6.186071765096442,618.6071765096442
396,n07739125_3030_apple.jpg,z_plus,18134.833984375,1.0707133e+10,1.0707115e+10,590417.0403337949,59041704.03337949
396,n07739125_3030_apple.jpg,epsilon,18134.833984375,-5.319796e+26,5.319796e+26,2.9334682758495538e+22,2.9334682758495536e+24
396,n07739125_3030_apple.jpg,alpha_beta,18134.833984375,9.882485e+12,9.882485e+12,544944876.5611099,54494487656.11099
396,n07739125_3030_apple.jpg,composite,18134.833984375,65365.5,47230.664,2.6044166769429156,260.44166769429154
397,n01982650_8985_lobster.jpg,z_plus,32461.021484375,8.5089116e+09,8.5088794e+09,262126.05059564923,26212605.059564922
397,n01982650_8985_lobster.jpg,epsilon,32461.021484375,6.0931403e+25,6.0931403e+25,1.8770636495745864e+21,1.8770636495745866e+23
397,n01982650_8985_lobster.jpg,alpha_beta,32461.021484375,4.329881e+12,4.329881e+12,133387082.31113552,13338708231.113552
397,n01982650_8985_lobster.jpg,composite,32461.021484375,65379.66,32918.64,1.0140974966189606,101.40974966189606
398,n01443537_5048_goldfish.jpg,z_plus,23604.009765625,8.5063455e+09,8.506322e+09,360376.13966706494,36037613.96670649
398,n01443537_5048_goldfish.jpg,epsilon,23604.009765625,-1.4361522e+27,1.4361522e+27,6.084357010011959e+22,6.08435701001196e+24
398,n01443537_5048_goldfish.jpg,alpha_beta,23604.009765625,4.07519e+12,4.07519e+12,172648206.85842153,17264820685.84215
398,n01443537_5048_goldfish.jpg,composite,23604.009765625,65360.81,41756.797,1.7690552278879965,176.90552278879966
399,n04536866_19280_violin.jpg,z_plus,12144.4931640625,9.166158e+09,9.166146e+09,754757.3548086253,75475735.48086253
399,n04536866_19280_violin.jpg,epsilon,12144.4931640625,4.0686037e+25,4.0686037e+25,3.3501634627515397e+21,3.3501634627515396e+23
399,n04536866_19280_violin.jpg,alpha_beta,12144.4931640625,6.515761e+12,6.515761e+12,536519803.5389936,53651980353.89936
399,n04536866_19280_violin.jpg,composite,12144.4931640625,65413.273,53268.78,4.386249844301981,438.6249844301981
400,n03759954_16247_microphone.jpg,z_plus,8188.44091796875,5.3238497e+09,5.3238415e+09,650165.4697558712,65016546.97558712
400,n03759954_16247_microphone.jpg,epsilon,8188.44091796875,2.6765303e+24,2.6765303e+24,3.268669039915975e+20,3.2686690399159753e+22
400,n03759954_16247_microphone.jpg,alpha_beta,8188.44091796875,2.8472037e+12,2.8472037e+12,347710105.5259172,34771010552.59172
400,n03759954_16247_microphone.jpg,composite,8188.44091796875,65399.234,57210.793,6.9867748380768555,698.6774838076856
401,n02121808_25532_domestic_cat.jpg,z_plus,4077.93017578125,4.6315105e+09,4.6315064e+09,1135749.3219244638,113574932.19244638
401,n02121808_25532_domestic_cat.jpg,epsilon,4077.93017578125,7.3637286e+25,7.3637286e+25,1.8057515063813123e+22,1.8057515063813123e+24
401,n02121808_25532_domestic_cat.jpg,alpha_beta,4077.93017578125,3.5694306e+12,3.5694306e+12,875304482.152712,87530448215.2712
401,n02121808_25532_domestic_cat.jpg,composite,4077.93017578125,65417.37,61339.44,15.041807672561129,1504.1807672561129
402,n01990800_353_isopod.jpg,z_plus,1077.9676513671875,1.29087e+10,1.2908699e+10,11975033.395126384,1197503339.5126383
402,n01990800_353_isopod.jpg,epsilon,1077.9676513671875,9.7374e+25,9.7374e+25,9.033109455076637e+22,9.033109455076636e+24
402,n01990800_353_isopod.jpg,alpha_beta,1077.9676513671875,1.713958e+14,1.713958e+14,158999023354.21246,15899902335421.246
402,n01990800_353_isopod.jpg,composite,1077.9676513671875,65417.836,64339.867,59.68626897647438,5968.626897647438
403,n03636649_17304_lamp.jpg,z_plus,48749.01171875,7.4288205e+09,7.428772e+09,152388.15266366868,15238815.266366867
403,n03636649_17304_lamp.jpg,epsilon,48749.01171875,-3.7974033e+27,3.7974033e+27,7.789703246047837e+22,7.789703246047837e+24
403,n03636649_17304_lamp.jpg,alpha_beta,48749.01171875,3.2601976e+12,3.2601976e+12,66877204.66739197,6687720466.739197
403,n03636649_17304_lamp.jpg,composite,48749.01171875,65359.9,16610.887,0.3407430455120535,34.074304551205344
404,n03961711_5567_plate_rack.jpg,z_plus,15906.1025390625,1.1497173e+10,1.1497157e+10,722814.1890676455,72281418.90676455
404,n03961711_5567_plate_rack.jpg,epsilon,15906.1025390625,-2.31072e+26,2.31072e+26,1.4527254264437484e+22,1.4527254264437484e+24
404,n03961711_5567_plate_rack.jpg,alpha_beta,15906.1025390625,1.4867505e+13,1.4867505e+13,934704482.8923472,93470448289.23473
404,n03961711_5567_plate_rack.jpg,composite,15906.1025390625,65402.406,49496.305,3.111780812800807,311.17808128008073
405,n03483316_5201_hair_dryer.jpg,z_plus,22217.587890625,1.2771903e+10,1.2771881e+10,574854.5261922284,57485452.61922284
405,n03483316_5201_hair_dryer.jpg,epsilon,22217.587890625,-9.32086e+25,9.32086e+25,4.195262041117145e+21,4.195262041117145e+23
405,n03483316_5201_hair_dryer.jpg,alpha_beta,22217.587890625,3.6469633e+13,3.6469633e+13,1641475791.3004227,164147579130.04227
405,n03483316_5201_hair_dryer.jpg,composite,22217.587890625,65390.14,43172.555,1.9431701992147976,194.31701992147975
406,n03838899_27257_oboe.jpg,z_plus,19300.201171875,6.555711e+09,6.5556915e+09,339669.5952347309,33966959.52347309
406,n03838899_27257_oboe.jpg,epsilon,19300.201171875,2.4443657e+26,2.4443657e+26,1.2664975230675943e+22,1.2664975230675942e+24
406,n03838899_27257_oboe.jpg,alpha_beta,19300.201171875,2.3793503e+12,2.3793503e+12,123281112.82130872,12328111282.13087
406,n03838899_27257_oboe.jpg,composite,19300.201171875,65366.207,46066.008,2.3868149042729554,238.68149042729553
407,n04116512_19943_rubber_eraser.jpg,z_plus,17071.46484375,9.310585e+09,9.310567e+09,545387.7279551747,54538772.795517474
407,n04116512_19943_rubber_eraser.jpg,epsilon,17071.46484375,-5.3392746e+27,5.3392746e+27,3.127601906523675e+23,3.127601906523675e+25
407,n04116512_19943_rubber_eraser.jpg,alpha_beta,17071.46484375,7.9264555e+12,7.9264555e+12,464310212.426409,46431021242.6409
407,n04116512_19943_rubber_eraser.jpg,composite,17071.46484375,65378.22,48306.754,2.829678316909791,282.9678316909791
408,n02958343_46237_car.jpg,z_plus,4564.95849609375,9.566799e+09,9.566795e+09,2095702.4604241727,209570246.04241726
408,n02958343_46237_car.jpg,epsilon,4564.95849609375,-1.6633516e+23,1.6633516e+23,3.6437386264533307e+19,3.6437386264533307e+21
408,n02958343_46237_car.jpg,alpha_beta,4564.95849609375,9.886342e+13,9.886342e+13,21657024828.348404,2165702482834.8403
408,n02958343_46237_car.jpg,composite,4564.95849609375,65340.527,60775.57,13.313498986790906,1331.3498986790905
409,n03908618_16597_pencil_box.jpg,z_plus,770.42626953125,2.4903255e+09,2.4903247e+09,3232398.52336805,323239852.336805
409,n03908618_16597_pencil_box.jpg,epsilon,770.42626953125,-1.2397682e+25,1.2397682e+25,1.6091977237456109e+22,1.609197723745611e+24
409,n03908618_16597_pencil_box.jpg,alpha_beta,770.42626953125,9.200031e+12,9.200031e+12,11941481067.868607,1194148106786.8606
409,n03908618_16597_pencil_box.jpg,composite,770.42626953125,65439.14,64668.715,83.93887566036969,8393.887566036969
410,n04591713_6743_wine_bottle.jpg,z_plus,13862.4423828125,1.1612998e+10,1.1612983e+10,837729.9595053787,83772995.95053788
410,n04591713_6743_wine_bottle.jpg,epsilon,13862.4423828125,-1.0618703e+29,1.0618703e+29,7.660051952561671e+24,7.660051952561671e+26
410,n04591713_6743_wine_bottle.jpg,alpha_beta,13862.4423828125,2.5827136e+13,2.5827136e+13,1863101393.2578137,186310139325.78137
410,n04591713_6743_wine_bottle.jpg,composite,13862.4423828125,65417.586,51555.145,3.719052033368051,371.90520333680513
411,n03001627_5399_chair.jpg,z_plus,13933.7587890625,1.0276108e+10,1.0276094e+10,737496.1851690462,73749618.51690462
411,n03001627_5399_chair.jpg,epsilon,13933.7587890625,2.1639075e+25,2.1639075e+25,1.5529962641759538e+21,1.5529962641759537e+23
411,n03001627_5399_chair.jpg,alpha_beta,13933.7587890625,1.6644994e+13,1.6644994e+13,1194580296.9685774,119458029696.85774
411,n03001627_5399_chair.jpg,composite,13933.7587890625,65358.008,51424.25,3.6906229523911738,369.06229523911736
412,n02802426_12131_basketball.jpg,z_plus,18054.15234375,1.0205389e+10,1.020537e+10,565264.4429763183,56526444.29763183
412,n02802426_12131_basketball.jpg,epsilon,18054.15234375,2.9099099e+26,2.9099099e+26,1.6117676488051458e+22,1.6117676488051458e+24
412,n02802426_12131_basketball.jpg,alpha_beta,18054.15234375,6.346761e+12,6.346761e+12,351540239.78117007,35154023978.117004
412,n02802426_12131_basketball.jpg,composite,18054.15234375,65374.07,47319.918,2.6209991512079283,262.09991512079284
413,n03908714_5365_pencil_sharpener.jpg,z_plus,20015.2265625,6.3168783e+09,6.3168584e+09,315602.6412328893,31560264.123288933
413,n03908714_5365_pencil_sharpener.jpg,epsilon,20015.2265625,-1.4586592e+25,1.4586592e+25,7.287747754617712e+20,7.2877477546177126e+22
413,n03908714_5365_pencil_sharpener.jpg,alpha_beta,20015.2265625,5.345905e+12,5.345905e+12,267091916.08431152,26709191608.431152
413,n03908714_5365_pencil_sharpener.jpg,composite,20015.2265625,65377.383,45362.156,2.2663823518734016,226.63823518734017
414,n04228054_19874_ski.jpg,z_plus,4395.111328125,1.5707576e+10,1.5707572e+10,3573873.572548943,357387357.2548943
414,n04228054_19874_ski.jpg,epsilon,4395.111328125,-2.109206e+26,2.109206e+26,4.798982117804649e+22,4.7989821178046486e+24
414,n04228054_19874_ski.jpg,alpha_beta,4395.111328125,4.4388223e+13,4.4388223e+13,10099453563.087416,1009945356308.7416
414,n04228054_19874_ski.jpg,composite,4395.111328125,65346.633,60951.523,13.86802719818446,1386.8027198184461
415,n03642806_23679_laptop.jpg,z_plus,25157.96484375,9.407872e+09,9.407846e+09,373951.0114760662,37395101.14760662
415,n03642806_23679_laptop.jpg,epsilon,25157.96484375,-2.1832953e+25,2.1832953e+25,8.678346228321912e+20,8.678346228321912e+22
415,n03642806_23679_laptop.jpg,alpha_beta,25157.96484375,5.500339e+12,5.500339e+12,218632111.0071124,21863211100.711243
415,n03642806_23679_laptop.jpg,composite,25157.96484375,65399.758,40241.793,1.599564719113028,159.9564719113028
416,n02828884_9371_bench.jpg,z_plus,4837.0869140625,6.453546e+09,6.4535414e+09,1334179.3295540686,133417932.95540686
416,n02828884_9371_bench.jpg,epsilon,4837.0869140625,1.4885874e+24,1.4885874e+24,3.077446035930759e+20,3.0774460359307594e+22
416,n02828884_9371_bench.jpg,alpha_beta,4837.0869140625,1.0840489e+13,1.0840489e+13,2241119347.055356,224111934705.5356
416,n02828884_9371_bench.jpg,composite,4837.0869140625,65426.03,60588.945,12.525916194795213,1252.5916194795213
417,n04409515_2270_tennis_ball.jpg,z_plus,16694.162109375,8.3110487e+09,8.311032e+09,497840.60760571185,49784060.76057118
417,n04409515_2270_tennis_ball.jpg,epsilon,16694.162109375,1.2522407e+25,1.2522407e+25,7.501069694075611e+20,7.5010696940756115e+22
417,n04409515_2270_tennis_ball.jpg,alpha_beta,16694.162109375,9.326225e+12,9.326225e+12,558651861.36045,55865186136.045006
417,n04409515_2270_tennis_ball.jpg,composite,16694.162109375,65432.49,48738.33,2.919483338287875,291.9483338287875
418,n01443537_4691_goldfish.jpg,z_plus,48513.17578125,8.0772014e+09,8.077153e+09,166494.00163824353,16649400.163824353
418,n01443537_4691_goldfish.jpg,epsilon,48513.17578125,1.1336268e+25,1.1336268e+25,2.336740006216238e+20,2.336740006216238e+22
418,n01443537_4691_goldfish.jpg,alpha_beta,48513.17578125,2.5981406e+12,2.5981406e+12,53555360.98059591,5355536098.059591
418,n01443537_4691_goldfish.jpg,composite,48513.17578125,65340.664,16827.488,0.346864290169875,34.6864290169875
419,n07753113_31494_fig.jpg,z_plus,4946.89013671875,1.0087541e+10,1.0087536e+10,2039167.1003813674,203916710.03813675
419,n07753113_31494_fig.jpg,epsilon,4946.89013671875,2.129149e+25,2.129149e+25,4.3040151844590673e+21,4.3040151844590676e+23
419,n07753113_31494_fig.jpg,alpha_beta,4946.89013671875,7.552778e+13,7.552778e+13,15267729412.480133,1526772941248.0132
419,n07753113_31494_fig.jpg,composite,4946.89013671875,65463.08,60516.188,12.233177982021626,1223.3177982021625
420,n02828884_603_bench.jpg,z_plus,12563.4833984375,1.791488e+10,1.7914868e+10,1425947.49750906,142594749.750906
420,n02828884_603_bench.jpg,epsilon,12563.4833984375,3.9607026e+26,3.9607026e+26,3.1525513331499585e+22,3.1525513331499585e+24
420,n02828884_603_bench.jpg,alpha_beta,12563.4833984375,9.43831e+13,9.43831e+13,7512494307.404167,751249430740.4167
420,n02828884_603_bench.jpg,composite,12563.4833984375,65371.05,52807.566,4.203258342571885,420.32583425718843
421,n02129165_16177_lion.jpg,z_plus,17789.94921875,7.3034045e+09,7.3033866e+09,410534.4278499721,41053442.78499721
421,n02129165_16177_lion.jpg,epsilon,17789.94921875,8.555563e+26,8.555563e+26,4.809211596220067e+22,4.8092115962200666e+24
421,n02129165_16177_lion.jpg,alpha_beta,17789.94921875,3.662615e+12,3.662615e+12,205881132.28493777,20588113228.49378
421,n02129165_16177_lion.jpg,composite,17789.94921875,65387.406,47597.457,2.675525176939866,267.5525176939866
422,n02268443_40549_dragonfly.jpg,z_plus,21261.06640625,1.0220646e+10,1.0220625e+10,480720.2376732626,48072023.76732626
422,n02268443_40549_dragonfly.jpg,epsilon,21261.06640625,-1.7346743e+26,1.7346743e+26,8.158924043152049e+21,8.15892404315205e+23
422,n02268443_40549_dragonfly.jpg,alpha_beta,21261.06640625,1.3983157e+13,1.3983157e+13,657688427.0309597,65768842703.09597
422,n02268443_40549_dragonfly.jpg,composite,21261.06640625,65322.86,44061.793,2.0724168828989367,207.24168828989366
423,n07720875_3114_bell_pepper.jpg,z_plus,28016.8203125,7.8578627e+09,7.8578345e+09,280468.46174381406,28046846.174381405
423,n07720875_3114_bell_pepper.jpg,epsilon,28016.8203125,6.0808585e+26,6.0808585e+26,2.1704313464582044e+22,2.1704313464582043e+24
423,n07720875_3114_bell_pepper.jpg,alpha_beta,28016.8203125,3.218893e+12,3.218893e+12,114891443.02545075,11489144302.545074
423,n07720875_3114_bell_pepper.jpg,composite,28016.8203125,65386.89,37370.07,1.3338440942145606,133.38440942145607
424,n02131653_4506_bear.jpg,z_plus,9148.63671875,9.1125e+09,9.112491e+09,996049.060437943,99604906.0437943
424,n02131653_4506_bear.jpg,epsilon,9148.63671875,2.4864695e+24,2.4864695e+24,2.7178579370868844e+20,2.7178579370868843e+22
424,n02131653_4506_bear.jpg,alpha_beta,9148.63671875,2.334823e+13,2.334823e+13,2552099451.315362,255209945131.5362
424,n02131653_4506_bear.jpg,composite,9148.63671875,65341.53,56192.895,6.1422150926681045,614.2215092668105
425,n02129165_6654_lion.jpg,z_plus,11424.841796875,9.791213e+09,9.791201e+09,857009.7909519674,85700979.09519674
425,n02129165_6654_lion.jpg,epsilon,11424.841796875,2.7446322e+26,2.7446322e+26,2.4023371652849836e+22,2.4023371652849836e+24
425,n02129165_6654_lion.jpg,alpha_beta,11424.841796875,2.2554742e+13,2.2554742e+13,1974184171.1887293,197418417118.87292
425,n02129165_6654_lion.jpg,composite,11424.841796875,65386.14,53961.297,4.723154844013257,472.31548440132565
426,n04409515_1508_tennis_ball.jpg,z_plus,31304.52734375,1.2844807e+10,1.2844775e+10,410316.8619335206,41031686.19335206
426,n04409515_1508_tennis_ball.jpg,epsilon,31304.52734375,9.228493e+24,9.228493e+24,2.9479738302324746e+20,2.9479738302324745e+22
426,n04409515_1508_tennis_ball.jpg,alpha_beta,31304.52734375,3.5113098e+13,3.5113098e+13,1121661985.0345469,112166198503.45468
426,n04409515_1508_tennis_ball.jpg,composite,31304.52734375,65354.477,34049.95,1.0877004736360296,108.77004736360296
427,n07739125_8731_apple.jpg,z_plus,23275.03515625,7.214996e+09,7.214973e+09,309987.6274971927,30998762.74971927
427,n07739125_8731_apple.jpg,epsilon,23275.03515625,1.2936288e+27,1.2936288e+27,5.558010256474713e+22,5.558010256474713e+24
427,n07739125_8731_apple.jpg,alpha_beta,23275.03515625,4.4491793e+12,4.4491793e+12,191156715.3948242,19115671539.48242
427,n07739125_8731_apple.jpg,composite,23275.03515625,65376.11,42101.074,1.808851154729314,180.8851154729314
428,n02786058_8556_band_aid.jpg,z_plus,12519.7373046875,8.010461e+09,8.010449e+09,639825.6369964071,63982563.699640706
428,n02786058_8556_band_aid.jpg,epsilon,12519.7373046875,2.8530435e+25,2.8530435e+25,2.2788365814983728e+21,2.2788365814983728e+23
428,n02786058_8556_band_aid.jpg,alpha_beta,12519.7373046875,2.3251726e+13,2.3251726e+13,1857205589.9221218,185720558992.2122
428,n02786058_8556_band_aid.jpg,composite,12519.7373046875,65363.605,52843.867,4.220844727126229,422.0844727126229
429,n02799071_7869_baseball.jpg,z_plus,1511.4410400390625,1.9192461e+10,1.919246e+10,12698119.711961295,1269811971.1961296
429,n02799071_7869_baseball.jpg,epsilon,1511.4410400390625,-2.3340329e+27,2.3340329e+27,1.5442434199903774e+24,1.5442434199903773e+26
429,n02799071_7869_baseball.jpg,alpha_beta,1511.4410400390625,1.27730155e+14,1.27730155e+14,84508857011.17549,8450885701117.549
429,n02799071_7869_baseball.jpg,composite,1511.4410400390625,65396.887,63885.445,42.2679043509409,4226.79043509409
430,n02445715_10727_skunk.jpg,z_plus,21036.3359375,5.724196e+09,5.724175e+09,272108.929283433,27210892.9283433
430,n02445715_10727_skunk.jpg,epsilon,21036.3359375,3.0876001e+29,3.0876001e+29,1.4677461614358872e+25,1.4677461614358873e+27
430,n02445715_10727_skunk.jpg,alpha_beta,21036.3359375,-1.5991859e+11,1.599186e+11,7602017.992254854,760201799.2254854
430,n02445715_10727_skunk.jpg,composite,21036.3359375,65385.742,44349.406,2.108228656442937,210.8228656442937
431,n02951585_1789_can_opener.jpg,z_plus,5623.72216796875,1.0826762e+10,1.0826757e+10,1925194.1679595143,192519416.79595143
431,n02951585_1789_can_opener.jpg,epsilon,5623.72216796875,-7.8559776e+26,7.8559776e+26,1.3969355851796401e+23,1.39693558517964e+25
431,n02951585_1789_can_opener.jpg,alpha_beta,5623.72216796875,7.993157e+13,7.993157e+13,14213286211.673668,1421328621167.3667
431,n02951585_1789_can_opener.jpg,composite,5623.72216796875,65347.527,59723.805,10.619977819612167,1061.9977819612168
432,n02437136_3810_camel.jpg,z_plus,5843.71240234375,8.809129e+09,8.809123e+09,1507453.1752222094,150745317.52222094
432,n02437136_3810_camel.jpg,epsilon,5843.71240234375,1.826776e+26,1.826776e+26,3.1260540547231163e+22,3.126054054723116e+24
432,n02437136_3810_camel.jpg,alpha_beta,5843.71240234375,1.7160292e+13,1.7160292e+13,2936539495.54303,293653949554.303
432,n02437136_3810_camel.jpg,composite,5843.71240234375,65423.117,59579.406,10.195472012978284,1019.5472012978283
433,n03790512_8658_motorcycle.jpg,z_plus,25597.513671875,7.8176573e+09,7.817632e+09,305405.9016907269,30540590.16907269
433,n03790512_8658_motorcycle.jpg,epsilon,25597.513671875,2.3912802e+27,2.3912802e+27,9.341845625510983e+22,9.341845625510983e+24
433,n03790512_8658_motorcycle.jpg,alpha_beta,25597.513671875,4.0133727e+12,4.0133727e+12,156787600.03544775,15678760003.544775
433,n03790512_8658_motorcycle.jpg,composite,25597.513671875,65403.55,39806.04,1.5550744331171082,155.50744331171083
434,n07753275_24866_pineapple.jpg,z_plus,15722.482421875,1.2018975e+10,1.2018959e+10,764444.1276828537,76444412.76828538
434,n07753275_24866_pineapple.jpg,epsilon,15722.482421875,-3.2280876e+26,3.2280876e+26,2.053166620655536e+22,2.0531666206555362e+24
434,n07753275_24866_pineapple.jpg,alpha_beta,15722.482421875,2.845819e+13,2.845819e+13,1810031539.4563742,181003153945.63742
434,n07753275_24866_pineapple.jpg,composite,15722.482421875,65394.47,49671.984,3.159296543775252,315.9296543775252
435,n04317175_9155_stethoscope.jpg,z_plus,40603.5703125,7.89424e+09,7.8942e+09,194421.3217518347,19442132.17518347
435,n04317175_9155_stethoscope.jpg,epsilon,40603.5703125,3.8691632e+27,3.8691632e+27,9.529120761980427e+22,9.529120761980427e+24
435,n04317175_9155_stethoscope.jpg,alpha_beta,40603.5703125,2.8499834e+12,2.8499834e+12,70190463.76270388,7019046376.270388
435,n04317175_9155_stethoscope.jpg,composite,40603.5703125,65369.9,24766.328,0.6099544432765057,60.995444327650574
436,n04409515_22090_tennis_ball.jpg,z_plus,212.96873474121094,2.0091995e+09,2.0091992e+09,9434245.052129578,943424505.2129577
436,n04409515_22090_tennis_ball.jpg,epsilon,212.96873474121094,6.7882756e+24,6.7882756e+24,3.1874517085511462e+22,3.1874517085511464e+24
436,n04409515_22090_tennis_ball.jpg,alpha_beta,212.96873474121094,5.020949e+12,5.020949e+12,23575990605.74611,2357599060574.611
436,n04409515_22090_tennis_ball.jpg,composite,212.96873474121094,65526.723,65313.754,306.6823587288968,30668.23587288968
437,n01784675_2573_centipede.jpg,z_plus,3163.654052734375,9.684323e+09,9.68432e+09,3061118.5972204176,306111859.7220418
437,n01784675_2573_centipede.jpg,epsilon,3163.654052734375,1.4611843e+27,1.4611843e+27,4.618660203031579e+23,4.6186602030315785e+25
437,n01784675_2573_centipede.jpg,alpha_beta,3163.654052734375,1.2759669e+14,1.2759669e+14,40332062182.9573,4033206218295.73
437,n01784675_2573_centipede.jpg,composite,3163.654052734375,65452.67,62289.02,19.68894780938306,1968.894780938306
438,n07734744_5655_mushroom.jpg,z_plus,40121.48046875,1.2192328e+10,1.2192288e+10,303884.2934396721,30388429.34396721
438,n07734744_5655_mushroom.jpg,epsilon,40121.48046875,8.257616e+26,8.257616e+26,2.0581534545166276e+22,2.0581534545166276e+24
438,n07734744_5655_mushroom.jpg,alpha_beta,40121.48046875,1.8455332e+13,1.8455332e+13,459986312.7919747,45998631279.19747
438,n07734744_5655_mushroom.jpg,composite,40121.48046875,65373.367,25251.887,0.6293857161731028,62.93857161731028
439,n03950228_18009_pitcher.jpg,z_plus,471.6171875,4.282818e+09,4.2828175e+09,9081131.15786502,908113115.786502
439,n03950228_18009_pitcher.jpg,epsilon,471.6171875,-2.4280027e+27,2.4280027e+27,5.148248888038974e+24,5.148248888038974e+26
439,n03950228_18009_pitcher.jpg,alpha_beta,471.6171875,1.9387984e+13,1.9387984e+13,41109578080.06285,4110957808006.285
439,n03950228_18009_pitcher.jpg,composite,471.6171875,65348.91,64877.293,137.5634618248777,13756.346182487769
440,n02787622_7140_banjo.jpg,z_plus,23995.765625,9.751089e+09,9.751066e+09,406366.0961015739,40636609.61015739
440,n02787622_7140_banjo.jpg,epsilon,23995.765625,9.789432e+30,9.789432e+30,4.07964985334652e+26,4.07964985334652e+28
440,n02787622_7140_banjo.jpg,alpha_beta,23995.765625,8.3347196e+12,8.3347196e+12,347341264.8073259,34734126480.73259
440,n02787622_7140_banjo.jpg,composite,23995.765625,65425.867,41430.1,1.7265588525058064,172.65588525058064
441,n01776313_12698_tick.jpg,z_plus,2785.01123046875,8.055896e+09,8.0558935e+09,2892589.2347806464,289258923.47806466
441,n01776313_12698_tick.jpg,epsilon,2785.01123046875,2.861802e+24,2.861802e+24,1.0275728526878305e+21,1.0275728526878306e+23
441,n01776313_12698_tick.jpg,alpha_beta,2785.01123046875,3.8740907e+13,3.8740907e+13,13910502972.46864,1391050297246.864
441,n01776313_12698_tick.jpg,composite,2785.01123046875,65433.88,62648.867,22.495014203922246,2249.5014203922246
442,n04371430_4930_swimming_trunks.jpg,z_plus,45201.47265625,8.3122463e+09,8.312201e+09,183892.26561737896,18389226.561737895
442,n04371430_4930_swimming_trunks.jpg,epsilon,45201.47265625,-3.2169943e+28,3.2169943e+28,7.117012243994475e+23,7.117012243994475e+25
442,n04371430_4930_swimming_trunks.jpg,alpha_beta,45201.47265625,3.673393e+12,3.673393e+12,81267107.53305511,8126710753.305511
442,n04371430_4930_swimming_trunks.jpg,composite,45201.47265625,65383.312,20181.84,0.4464863345765133,44.64863345765133
443,n02892767_14415_brassiere.jpg,z_plus,11757.5654296875,1.036545e+10,1.0365439e+10,881597.388335743,88159738.8335743
443,n02892767_14415_brassiere.jpg,epsilon,11757.5654296875,9.796725e+24,9.796725e+24,8.332273012952589e+20,8.332273012952588e+22
443,n02892767_14415_brassiere.jpg,alpha_beta,11757.5654296875,4.7360814e+13,4.7360814e+13,4028114014.8795886,402811401487.95886
443,n02892767_14415_brassiere.jpg,composite,11757.5654296875,65416.125,53658.56,4.563747394359311,456.3747394359311
444,n02219486_28997_ant.jpg,z_plus,2124.080078125,3.9653676e+09,3.9653655e+09,1866862.527847114,186686252.7847114
444,n02219486_28997_ant.jpg,epsilon,2124.080078125,-7.811398e+24,7.811398e+24,3.6775438918318807e+21,3.6775438918318805e+23
444,n02219486_28997_ant.jpg,alpha_beta,2124.080078125,1.8747924e+12,1.8747924e+12,882637351.8300037,88263735183.00037
444,n02219486_28997_ant.jpg,composite,2124.080078125,65426.113,63302.03,29.80209263383757,2980.209263383757
445,n02769748_3362_backpack.jpg,z_plus,5622.56103515625,6.657387e+09,6.6573814e+09,1184047.8625971568,118404786.25971568
445,n02769748_3362_backpack.jpg,epsilon,5622.56103515625,5.752121e+25,5.752121e+25,1.0230428600069198e+22,1.0230428600069198e+24
445,n02769748_3362_backpack.jpg,alpha_beta,5622.56103515625,1.6645048e+13,1.6645048e+13,2960403299.1372366,296040329913.72363
445,n02769748_3362_backpack.jpg,composite,5622.56103515625,65430.97,59808.406,10.637217786703367,1063.7217786703368
446,n04332243_12293_strainer.jpg,z_plus,17650.302734375,8.118103e+09,8.1180856e+09,459940.30551040306,45994030.55104031
446,n04332243_12293_strainer.jpg,epsilon,17650.302734375,-4.6439794e+28,4.6439794e+28,2.6311047007364685e+24,2.6311047007364685e+26
446,n04332243_12293_strainer.jpg,alpha_beta,17650.302734375,4.89548e+12,4.89548e+12,277359546.129568,27735954612.9568
446,n04332243_12293_strainer.jpg,composite,17650.302734375,65415.93,47765.625,2.7062212880332606,270.62212880332606
447,n03249569_39070_drum.jpg,z_plus,16856.05859375,8.101008e+09,8.100991e+09,480598.1737037422,48059817.37037422
447,n03249569_39070_drum.jpg,epsilon,16856.05859375,1.68023e+25,1.68023e+25,9.968107168371938e+20,9.968107168371938e+22
447,n03249569_39070_drum.jpg,alpha_beta,16856.05859375,1.1936103e+13,1.1936103e+13,708119461.6697072,70811946166.97072
447,n03249569_39070_drum.jpg,composite,16856.05859375,65403.164,48547.105,2.8800982862475175,288.0098286247518
448,n03196217_5137_digital_clock.jpg,z_plus,8093.12841796875,6.959452e+09,6.959444e+09,859920.1209445102,85992012.09445103
448,n03196217_5137_digital_clock.jpg,epsilon,8093.12841796875,6.416587e+24,6.416587e+24,7.928438310067106e+20,7.928438310067106e+22
448,n03196217_5137_digital_clock.jpg,alpha_beta,8093.12841796875,1.0378031e+13,1.0378031e+13,1282326297.4388144,128232629743.88144
448,n03196217_5137_digital_clock.jpg,composite,8093.12841796875,65400.53,57307.402,7.080995059525596,708.0995059525595
449,n03793489_12136_computer_mouse.jpg,z_plus,18534.951171875,8.407222e+09,8.4072033e+09,453586.4837214498,45358648.37214498
449,n03793489_12136_computer_mouse.jpg,epsilon,18534.951171875,2.5507983e+28,2.5507983e+28,1.3762098826712976e+24,1.3762098826712977e+26
449,n03793489_12136_computer_mouse.jpg,alpha_beta,18534.951171875,1.1642164e+13,1.1642164e+13,628119497.4753013,62811949747.53013
449,n03793489_12136_computer_mouse.jpg,composite,18534.951171875,65349.3,46814.35,2.5257337409948906,252.57337409948906
450,n07747607_11507_orange.jpg,z_plus,38153.5703125,1.1222051e+10,1.1222013e+10,294127.46529577376,29412746.529577374
450,n07747607_11507_orange.jpg,epsilon,38153.5703125,2.8657997e+27,2.8657997e+27,7.511222822615687e+22,7.511222822615688e+24
450,n07747607_11507_orange.jpg,alpha_beta,38153.5703125,4.0932449e+12,4.0932449e+12,107283403.17914757,10728340317.914757
450,n07747607_11507_orange.jpg,composite,38153.5703125,65369.125,27215.555,0.713316066218391,71.3316066218391
451,n04004767_13120_printer.jpg,z_plus,25643.765625,7.9736325e+09,7.973607e+09,310937.44298716617,31093744.298716616
451,n04004767_13120_printer.jpg,epsilon,25643.765625,-3.1367945e+27,3.1367945e+27,1.22321912402913e+23,1.22321912402913e+25
451,n04004767_13120_printer.jpg,alpha_beta,25643.765625,6.0313174e+12,6.0313174e+12,235196245.73856884,23519624573.856884
451,n04004767_13120_printer.jpg,composite,25643.765625,65374.273,39730.508,1.5493242448669606,154.93242448669605
452,n02324045_35129_rabbit.jpg,z_plus,8023.82177734375,6.616386e+09,6.616378e+09,824591.8266381905,82459182.66381906
452,n02324045_35129_rabbit.jpg,epsilon,8023.82177734375,-2.2988748e+24,2.2988748e+24,2.8650620806792092e+20,2.8650620806792093e+22
452,n02324045_35129_rabbit.jpg,alpha_beta,8023.82177734375,1.109219e+13,1.109219e+13,1382407362.2161927,138240736221.61926
452,n02324045_35129_rabbit.jpg,composite,8023.82177734375,65419.953,57396.133,7.153216310780718,715.3216310780718
453,n01726692_4835_snake.jpg,z_plus,5596.70458984375,9.91593e+09,9.915924e+09,1771743.41093373,177174341.093373
453,n01726692_4835_snake.jpg,epsilon,5596.70458984375,-1.9136179e+27,1.9136179e+27,3.419186823689278e+23,3.4191868236892782e+25
453,n01726692_4835_snake.jpg,alpha_beta,5596.70458984375,2.4699608e+13,2.4699608e+13,4413241370.796945,441324137079.69446
453,n01726692_4835_snake.jpg,composite,5596.70458984375,65439.375,59842.67,10.692483570346885,1069.2483570346885
454,n03764736_9550_milk_can.jpg,z_plus,10337.81640625,1.0162285e+10,1.0162274e+10,983019.4215729296,98301942.15729296
454,n03764736_9550_milk_can.jpg,epsilon,10337.81640625,1.2673919e+25,1.2673919e+25,1.225976359816847e+21,1.2259763598168469e+23
454,n03764736_9550_milk_can.jpg,alpha_beta,10337.81640625,2.8720274e+13,2.8720274e+13,2778176087.99104,277817608799.104
454,n03764736_9550_milk_can.jpg,composite,10337.81640625,65405.086,55067.27,5.326779599021734,532.6779599021734
455,n02324045_16987_rabbit.jpg,z_plus,3111.31103515625,8.948474e+09,8.948471e+09,2876109.358043572,287610935.8043572
455,n02324045_16987_rabbit.jpg,epsilon,3111.31103515625,-3.4601289e+25,3.4601289e+25,1.1121128174040667e+22,1.1121128174040666e+24
455,n02324045_16987_rabbit.jpg,alpha_beta,3111.31103515625,4.916076e+13,4.916076e+13,15800658097.357775,1580065809735.7776
455,n02324045_16987_rabbit.jpg,composite,3111.31103515625,65430.582,62319.27,20.02990663005195,2002.990663005195
456,n03207941_20675_dishwasher.jpg,z_plus,8441.478515625,1.3318625e+10,1.3318617e+10,1577758.8088799776,157775880.88799775
456,n03207941_20675_dishwasher.jpg,epsilon,8441.478515625,1.2987189e+26,1.2987189e+26,1.5384970074903932e+22,1.538497007490393e+24
456,n03207941_20675_dishwasher.jpg,alpha_beta,8441.478515625,2.9777176e+13,2.9777176e+13,3527483482.9239383,352748348292.3938
456,n03207941_20675_dishwasher.jpg,composite,8441.478515625,65362.305,56920.83,6.742992713851488,674.2992713851488
457,n02219486_21998_ant.jpg,z_plus,19048.271484375,1.1873922e+10,1.1873903e+10,623358.5342239244,62335853.42239244
457,n02219486_21998_ant.jpg,epsilon,19048.271484375,-1.9954814e+25,1.9954814e+25,1.0475918426932373e+21,1.0475918426932372e+23
457,n02219486_21998_ant.jpg,alpha_beta,19048.271484375,8.962394e+12,8.962394e+12,470509570.2479483,47050957024.79483
457,n02219486_21998_ant.jpg,composite,19048.271484375,65321.957,46273.688,2.4292853836084367,242.92853836084367
458,n01770393_12410_scorpion.jpg,z_plus,4433.2060546875,7.5854377e+09,7.585433e+09,1711049.0679714167,171104906.79714167
458,n01770393_12410_scorpion.jpg,epsilon,4433.2060546875,-5.2393586e+25,5.2393586e+25,1.1818441455224412e+22,1.1818441455224413e+24
458,n01770393_12410_scorpion.jpg,alpha_beta,4433.2060546875,2.7799222e+13,2.7799222e+13,6270681222.070404,627068122207.0404
458,n01770393_12410_scorpion.jpg,composite,4433.2060546875,65383.508,60950.3,13.74858286065674,1374.8582860656738
459,n02840245_10033_binder.jpg,z_plus,12338.4150390625,8.5040963e+09,8.504084e+09,689236.335548449,68923633.5548449
459,n02840245_10033_binder.jpg,epsilon,12338.4150390625,5.347243e+24,5.347243e+24,4.333816785955184e+20,4.333816785955184e+22
459,n02840245_10033_binder.jpg,alpha_beta,12338.4150390625,3.2629204e+13,3.2629204e+13,2644521527.755367,264452152775.53668
459,n02840245_10033_binder.jpg,composite,12338.4150390625,65413.375,53074.96,4.301602820902388,430.16028209023875
460,n07693725_10869_bagel.jpg,z_plus,24706.734375,6.560558e+09,6.5605335e+09,265536.24628911464,26553624.628911465
460,n07693725_10869_bagel.jpg,epsilon,24706.734375,-3.4930976e+26,3.4930976e+26,1.4138240776267656e+22,1.4138240776267656e+24
460,n07693725_10869_bagel.jpg,alpha_beta,24706.734375,2.2443018e+12,2.2443018e+12,90837655.10017587,9083765510.017588
460,n07693725_10869_bagel.jpg,composite,24706.734375,65365.477,40658.742,1.6456542402722276,164.56542402722278
461,n03814639_6968_neck_brace.jpg,z_plus,46102.8671875,9.198364e+09,9.198318e+09,199517.25628235476,19951725.628235478
461,n03814639_6968_neck_brace.jpg,epsilon,46102.8671875,4.5809423e+26,4.5809423e+26,9.936350134555638e+21,9.936350134555637e+23
461,n03814639_6968_neck_brace.jpg,alpha_beta,46102.8671875,5.6158574e+12,5.6158574e+12,121811457.23072343,12181145723.072342
461,n03814639_6968_neck_brace.jpg,composite,46102.8671875,65357.93,19255.062,0.4176543385401475,41.76543385401475
462,n02992211_14789_cello.jpg,z_plus,46484.3984375,9.779658e+09,9.779612e+09,210384.81677134839,21038481.677134838
462,n02992211_14789_cello.jpg,epsilon,46484.3984375,-1.7832822e+27,1.7832822e+27,3.836302560205817e+22,3.836302560205817e+24
462,n02992211_14789_cello.jpg,alpha_beta,46484.3984375,5.3417335e+12,5.3417335e+12,114914544.0917353,11491454409.17353
462,n02992211_14789_cello.jpg,composite,46484.3984375,65373.094,18888.695,0.40634483713704816,40.63448371370482
463,n03950228_11894_pitcher.jpg,z_plus,18633.435546875,1.3929491e+10,1.3929473e+10,747552.591091306,74755259.10913059
463,n03950228_11894_pitcher.jpg,epsilon,18633.435546875,-6.8864315e+26,6.8864315e+26,3.6957390327497447e+22,3.6957390327497447e+24
463,n03950228_11894_pitcher.jpg,alpha_beta,18633.435546875,2.7039415e+13,2.7039415e+13,1451123456.7813938,145112345678.13937
463,n03950228_11894_pitcher.jpg,composite,18633.435546875,65368.133,46734.695,2.5081094248524307,250.81094248524306
464,n07697100_9282_hamburger.jpg,z_plus,28249.123046875,9.079409e+09,9.07938e+09,321403.958378951,32140395.8378951
464,n07697100_9282_hamburger.jpg,epsilon,28249.123046875,8.9182555e+25,8.9182555e+25,3.157002607259427e+21,3.157002607259427e+23
464,n07697100_9282_hamburger.jpg,alpha_beta,28249.123046875,3.9496938e+12,3.9496938e+12,139816508.88878784,13981650888.878784
464,n07697100_9282_hamburger.jpg,composite,28249.123046875,65397.094,37147.97,1.3150131665452922,131.50131665452923
465,n02129165_10881_lion.jpg,z_plus,3327.97607421875,1.2035049e+10,1.2035046e+10,3616325.998624145,361632599.8624145
465,n02129165_10881_lion.jpg,epsilon,3327.97607421875,7.5398013e+25,7.5398013e+25,2.2655815962505316e+22,2.2655815962505315e+24
465,n02129165_10881_lion.jpg,alpha_beta,3327.97607421875,3.9395613e+13,3.9395613e+13,11837709109.01767,1183770910901.767
465,n02129165_10881_lion.jpg,composite,3327.97607421875,65378.445,62050.47,18.645106625217505,1864.5106625217504
466,n04070727_10616_refrigerator.jpg,z_plus,16896.583984375,5.4402437e+09,5.440227e+09,321971.9927430592,32197199.274305917
466,n04070727_10616_refrigerator.jpg,epsilon,16896.583984375,-2.170626e+25,2.170626e+25,1.2846537923390532e+21,1.2846537923390532e+23
466,n04070727_10616_refrigerator.jpg,alpha_beta,16896.583984375,-5.182638e+12,5.182638e+12,306726984.8755407,30672698487.554066
466,n04070727_10616_refrigerator.jpg,composite,16896.583984375,65362.215,48465.633,2.868368710344966,286.8368710344966
467,n04252077_1184_snowmobile.jpg,z_plus,9246.2255859375,4.347085e+09,4.3470756e+09,470145.9577852997,47014595.77852997
467,n04252077_1184_snowmobile.jpg,epsilon,9246.2255859375,7.317161e+24,7.317161e+24,7.913673479656385e+20,7.913673479656385e+22
467,n04252077_1184_snowmobile.jpg,alpha_beta,9246.2255859375,5.7508716e+12,5.7508716e+12,621969635.354974,62196963535.497406
467,n04252077_1184_snowmobile.jpg,composite,9246.2255859375,65420.125,56173.9,6.075332892908031,607.533289290803
468,n03942813_8442_ping-pong_ball.jpg,z_plus,10828.796875,1.0842755e+10,1.0842744e+10,1001287.9485283538,100128794.85283539
468,n03942813_8442_ping-pong_ball.jpg,epsilon,10828.796875,-7.476796e+24,7.476796e+24,6.90454936762826e+20,6.90454936762826e+22
468,n03942813_8442_ping-pong_ball.jpg,alpha_beta,10828.796875,3.2232694e+13,3.2232694e+13,2976571999.2221227,297657199922.2123
468,n03942813_8442_ping-pong_ball.jpg,composite,10828.796875,65377.434,54548.637,5.037368171960004,503.7368171960004
469,n04540053_3263_volleyball.jpg,z_plus,32863.078125,7.997367e+09,7.997334e+09,243353.16325453788,24335316.325453788
469,n04540053_3263_volleyball.jpg,epsilon,32863.078125,-1.17209446e+27,1.17209446e+27,3.566599743465798e+22,3.5665997434657983e+24
469,n04540053_3263_volleyball.jpg,alpha_beta,32863.078125,3.8214057e+12,3.8214057e+12,116282647.60618445,11628264760.618444
469,n04540053_3263_volleyball.jpg,composite,32863.078125,65395.016,32531.938,0.9899236272469232,98.99236272469231
470,n07615774_3856_popsicle.jpg,z_plus,10755.0341796875,9.176376e+09,9.176365e+09,853215.7966852483,85321579.66852483
470,n07615774_3856_popsicle.jpg,epsilon,10755.0341796875,6.8554874e+22,6.8554874e+22,6.374212600943108e+18,6.374212600943108e+20
470,n07615774_3856_popsicle.jpg,alpha_beta,10755.0341796875,2.7057742e+14,2.7057742e+14,25158211068.72324,2515821106872.324
470,n07615774_3856_popsicle.jpg,composite,10755.0341796875,65370.39,54615.355,5.078120120891316,507.8120120891316
471,n02395003_15033_swine.jpg,z_plus,6124.95947265625,8.719819e+09,8.719813e+09,1423652.29466849,142365229.466849
471,n02395003_15033_swine.jpg,epsilon,6124.95947265625,-4.8884213e+25,4.8884213e+25,7.981148818750921e+21,7.98114881875092e+23
471,n02395003_15033_swine.jpg,alpha_beta,6124.95947265625,2.8312544e+13,2.8312544e+13,4622486741.224574,462248674122.4574
471,n02395003_15033_swine.jpg,composite,6124.95947265625,65381.055,59256.094,9.67452829925295,967.452829925295
472,n03134739_299_croquet_ball.jpg,z_plus,6703.3212890625,1.0060149e+10,1.0060142e+10,1500769.7131290974,150076971.31290972
472,n03134739_299_croquet_ball.jpg,epsilon,6703.3212890625,5.5474605e+23,5.5474605e+23,8.275689442634603e+19,8.275689442634603e+21
472,n03134739_299_croquet_ball.jpg,alpha_beta,6703.3212890625,1.9452198e+13,1.9452198e+13,2901874690.006035,290187469000.6035
472,n03134739_299_croquet_ball.jpg,composite,6703.3212890625,65403.234,58699.914,8.756840308142351,875.6840308142351
473,n07880968_4922_burrito.jpg,z_plus,28956.470703125,7.623118e+09,7.6230886e+09,263260.2818953709,26326028.189537093
473,n07880968_4922_burrito.jpg,epsilon,28956.470703125,-5.902389e+29,5.902389e+29,2.0383662129915603e+25,2.0383662129915603e+27
473,n07880968_4922_burrito.jpg,alpha_beta,28956.470703125,9.466926e+12,9.466926e+12,326936452.53673804,32693645253.673805
473,n07880968_4922_burrito.jpg,composite,28956.470703125,65381.82,36425.35,1.257934778583624,125.7934778583624
474,n02395003_5550_swine.jpg,z_plus,26863.67578125,7.8476047e+09,7.847578e+09,292125.9985380359,29212599.85380359
474,n02395003_5550_swine.jpg,epsilon,26863.67578125,3.456069e+26,3.456069e+26,1.2865212876000347e+22,1.2865212876000346e+24
474,n02395003_5550_swine.jpg,alpha_beta,26863.67578125,8.7505266e+12,8.7505266e+12,325738245.915969,32573824591.5969
474,n02395003_5550_swine.jpg,composite,26863.67578125,65378.777,38515.1,1.4337241811629104,143.37241811629104
475,n02892767_10638_brassiere.jpg,z_plus,9360.9072265625,1.1607812e+10,1.1607803e+10,1240029.689329734,124002968.93297341
475,n02892767_10638_brassiere.jpg,epsilon,9360.9072265625,-7.335576e+24,7.335576e+24,7.836394359888867e+20,7.836394359888867e+22
475,n02892767_10638_brassiere.jpg,alpha_beta,9360.9072265625,1.9731898e+13,1.9731898e+13,2107904412.417493,210790441241.7493
475,n02892767_10638_brassiere.jpg,composite,9360.9072265625,65360.543,55999.637,5.982287332133739,598.2287332133739
476,n03134739_23_croquet_ball.jpg,z_plus,14593.7001953125,7.75256e+09,7.7525453e+09,531225.4723781148,53122547.23781148
476,n03134739_23_croquet_ball.jpg,epsilon,14593.7001953125,2.758144e+25,2.758144e+25,1.8899552503357765e+21,1.8899552503357765e+23
476,n03134739_23_croquet_ball.jpg,alpha_beta,14593.7001953125,1.21575e+13,1.21575e+13,833064977.3386573,83306497733.86572
476,n03134739_23_croquet_ball.jpg,composite,14593.7001953125,65335.96,50742.26,3.476997679796447,347.6997679796447
477,n07747607_3088_orange.jpg,z_plus,20994.583984375,7.21109e+09,7.211069e+09,343472.81819760846,34347281.819760844
477,n07747607_3088_orange.jpg,epsilon,20994.583984375,1.9192145e+25,1.9192145e+25,9.14147416981859e+20,9.141474169818589e+22
477,n07747607_3088_orange.jpg,alpha_beta,20994.583984375,2.9737922e+12,2.9737922e+12,141645683.90881535,14164568390.881535
477,n07747607_3088_orange.jpg,composite,20994.583984375,65376.914,44382.33,2.1139894059357864,211.39894059357863
478,n04379243_2182_table.jpg,z_plus,6641.748046875,8.080048e+09,8.0800415e+09,1216553.4457153208,121655344.57153207
478,n04379243_2182_table.jpg,epsilon,6641.748046875,1.9596714e+25,1.9596714e+25,2.9505356061318945e+21,2.9505356061318946e+23
478,n04379243_2182_table.jpg,alpha_beta,6641.748046875,1.5267183e+13,1.5267183e+13,2298669351.226149,229866935122.6149
478,n04379243_2182_table.jpg,composite,6641.748046875,65367.68,58725.93,8.841938789762164,884.1938789762164
479,n04468005_3396_train.jpg,z_plus,13951.6923828125,7.713625e+09,7.7136113e+09,552879.9698524082,55287996.98524082
479,n04468005_3396_train.jpg,epsilon,13951.6923828125,-1.7445335e+27,1.7445335e+27,1.2504099711929693e+23,1.2504099711929692e+25
479,n04468005_3396_train.jpg,alpha_beta,13951.6923828125,9.031833e+12,9.031833e+12,647364676.7812866,64736467678.12866
479,n04468005_3396_train.jpg,composite,13951.6923828125,65413.1,51461.41,3.688542489629655,368.8542489629655
480,n02129604_20374_tiger.jpg,z_plus,18411.552734375,8.519998e+09,8.5199795e+09,462751.8190843537,46275181.90843537
480,n02129604_20374_tiger.jpg,epsilon,18411.552734375,-7.630976e+25,7.630976e+25,4.144667391102418e+21,4.144667391102418e+23
480,n02129604_20374_tiger.jpg,alpha_beta,18411.552734375,7.9676614e+12,7.9676614e+12,432753362.74206084,43275336274.206085
480,n02129604_20374_tiger.jpg,composite,18411.552734375,65406.977,46995.42,2.552496389251048,255.2496389251048
481,n03063338_2928_coffee_maker.jpg,z_plus,19456.404296875,7.2663347e+09,7.2663153e+09,373466.502501015,37346650.2501015
481,n03063338_2928_coffee_maker.jpg,epsilon,19456.404296875,5.916198e+28,5.916198e+28,3.0407459221255016e+24,3.0407459221255015e+26
481,n03063338_2928_coffee_maker.jpg,alpha_beta,19456.404296875,1.3512715e+13,1.3512715e+13,694512436.199409,69451243619.9409
481,n03063338_2928_coffee_maker.jpg,composite,19456.404296875,65381.215,45924.812,2.3603956722555295,236.03956722555296
482,n01726692_8553_snake.jpg,z_plus,55979.99609375,8.0110484e+09,8.0109926e+09,143104.55875316256,14310455.875316257
482,n01726692_8553_snake.jpg,epsilon,55979.99609375,-1.1091277e+27,1.1091277e+27,1.981292885300995e+22,1.981292885300995e+24
482,n01726692_8553_snake.jpg,alpha_beta,55979.99609375,3.5292253e+12,3.5292253e+12,63044400.13596151,6304440013.596151
482,n01726692_8553_snake.jpg,composite,55979.99609375,65369.867,9389.871,0.16773618701267085,16.773618701267086
483,n03394916_28561_french_horn.jpg,z_plus,21963.70703125,1.0596036e+10,1.0596014e+10,482432.8636747654,48243286.36747654
483,n03394916_28561_french_horn.jpg,epsilon,21963.70703125,-3.2103545e+28,3.2103545e+28,1.461663304582471e+24,1.461663304582471e+26
483,n03394916_28561_french_horn.jpg,alpha_beta,21963.70703125,7.434633e+12,7.434633e+12,338496272.2038522,33849627220.385216
483,n03394916_28561_french_horn.jpg,composite,21963.70703125,65386.816,43423.11,1.9770391816470483,197.70391816470482
484,n02484322_30035_monkey.jpg,z_plus,9167.5830078125,7.053397e+09,7.053388e+09,769383.5736189594,76938357.36189593
484,n02484322_30035_monkey.jpg,epsilon,9167.5830078125,-1.2816721e+27,1.2816721e+27,1.3980479950968975e+23,1.3980479950968974e+25
484,n02484322_30035_monkey.jpg,alpha_beta,9167.5830078125,5.033074e+12,5.033074e+12,549007747.6131198,54900774761.31198
484,n02484322_30035_monkey.jpg,composite,9167.5830078125,65352.32,56184.74,6.128631530618696,612.8631530618696
485,n02419796_9300_antelope.jpg,z_plus,1014.0808715820312,2.0807447e+09,2.0807437e+09,2051851.8180427311,205185181.80427313
485,n02419796_9300_antelope.jpg,epsilon,1014.0808715820312,-5.675927e+24,5.675927e+24,5.597114851286444e+21,5.597114851286444e+23
485,n02419796_9300_antelope.jpg,alpha_beta,1014.0808715820312,2.3458873e+12,2.3458873e+12,2313313859.0198946,231331385901.98947
485,n02419796_9300_antelope.jpg,composite,1014.0808715820312,65506.082,64492.0,63.5965057691353,6359.65057691353
486,n03337140_3759_filing_cabinet.jpg,z_plus,38158.48046875,9.326435e+09,9.326397e+09,244412.18113068305,24441218.113068305
486,n03337140_3759_filing_cabinet.jpg,epsilon,38158.48046875,2.0614849e+26,2.0614849e+26,5.402429206046536e+21,5.4024292060465356e+23
486,n03337140_3759_filing_cabinet.jpg,alpha_beta,38158.48046875,6.759055e+12,6.759055e+12,177131131.8658816,17713113186.588158
486,n03337140_3759_filing_cabinet.jpg,composite,38158.48046875,65395.938,27237.457,0.713798261792827,71.3798261792827
487,n02958343_4969_car.jpg,z_plus,6567.6015625,1.0180571e+10,1.0180565e+10,1550119.156150994,155011915.6150994
487,n02958343_4969_car.jpg,epsilon,6567.6015625,3.9281574e+26,3.9281574e+26,5.981114071337217e+22,5.981114071337217e+24
487,n02958343_4969_car.jpg,alpha_beta,6567.6015625,2.4175398e+13,2.4175398e+13,3681008599.65229,368100859965.229
487,n02958343_4969_car.jpg,composite,6567.6015625,65425.11,58857.508,8.961796365443117,896.1796365443117
488,n02834778_3678_bicycle.jpg,z_plus,24572.763671875,8.030157e+09,8.030132e+09,326789.95050079125,32678995.050079126
488,n02834778_3678_bicycle.jpg,epsilon,24572.763671875,-4.5498935e+26,4.5498935e+26,1.8516002289443729e+22,1.8516002289443728e+24
488,n02834778_3678_bicycle.jpg,alpha_beta,24572.763671875,3.6025045e+12,3.6025045e+12,146605588.6476919,14660558864.76919
488,n02834778_3678_bicycle.jpg,composite,24572.763671875,65408.816,40836.055,1.6618421612151688,166.18421612151687
489,n04392985_14368_tape_player.jpg,z_plus,10072.470703125,7.1239747e+09,7.1239644e+09,707270.8003796001,70727080.03796001
489,n04392985_14368_tape_player.jpg,epsilon,10072.470703125,-3.4542777e+28,3.4542777e+28,3.4294243956390624e+24,3.4294243956390624e+26
489,n04392985_14368_tape_player.jpg,alpha_beta,10072.470703125,6.6616353e+12,6.6616353e+12,661370532.2072126,66137053220.72126
489,n04392985_14368_tape_player.jpg,composite,10072.470703125,65385.98,55313.508,5.491553109738349,549.1553109738348
490,n03110669_35490_trumpet.jpg,z_plus,18743.615234375,9.674795e+09,9.674777e+09,516163.84859716665,51616384.85971667
490,n03110669_35490_trumpet.jpg,epsilon,18743.615234375,-3.547445e+25,3.547445e+25,1.892615104265391e+21,1.892615104265391e+23
490,n03110669_35490_trumpet.jpg,alpha_beta,18743.615234375,1.343341e+13,1.343341e+13,716692576.5639371,71669257656.3937
490,n03110669_35490_trumpet.jpg,composite,18743.615234375,65382.742,46639.125,2.4882673068567542,248.82673068567541
491,n03211117_3052_tv_or_monitor.jpg,z_plus,7905.93798828125,7.967449e+09,7.9674414e+09,1007779.3956654994,100777939.56654994
491,n03211117_3052_tv_or_monitor.jpg,epsilon,7905.93798828125,-4.5696555e+27,4.5696555e+27,5.780029501576177e+23,5.780029501576177e+25
491,n03211117_3052_tv_or_monitor.jpg,alpha_beta,7905.93798828125,1.4871586e+13,1.4871586e+13,1881065400.2652,188106540026.52
491,n03211117_3052_tv_or_monitor.jpg,composite,7905.93798828125,65404.594,57498.656,7.272844327291887,727.2844327291887
492,n02131653_14212_bear.jpg,z_plus,25879.537109375,6.300181e+09,6.300155e+09,243441.55976876,24344155.976875998
492,n02131653_14212_bear.jpg,epsilon,25879.537109375,-4.9453424e+25,4.9453424e+25,1.9109083764895258e+21,1.910908376489526e+23
492,n02131653_14212_bear.jpg,alpha_beta,25879.537109375,1.4822542e+12,1.4822542e+12,57275142.993457496,5727514299.34575
492,n02131653_14212_bear.jpg,composite,25879.537109375,65385.87,39506.336,1.5265472396408162,152.65472396408163
493,n04019541_26831_puck.jpg,z_plus,12265.568359375,6.825188e+09,6.8251756e+09,556450.0031327716,55645000.313277155
493,n04019541_26831_puck.jpg,epsilon,12265.568359375,1.7387216e+27,1.7387216e+27,1.4175630277619819e+23,1.4175630277619819e+25
493,n04019541_26831_puck.jpg,alpha_beta,12265.568359375,8.902618e+12,8.902618e+12,725821877.7316335,72582187773.16336
493,n04019541_26831_puck.jpg,composite,12265.568359375,65390.42,53124.85,4.331218090019489,433.1218090019489
494,n01495701_2358_ray.jpg,z_plus,22203.208984375,1.1385596e+10,1.1385573e+10,512789.5424491038,51278954.24491038
494,n01495701_2358_ray.jpg,epsilon,22203.208984375,1.4494056e+26,1.4494056e+26,6.527910450751058e+21,6.527910450751059e+23
494,n01495701_2358_ray.jpg,alpha_beta,22203.208984375,1.5155137e+13,1.5155137e+13,682565168.6701863,68256516867.01863
494,n01495701_2358_ray.jpg,composite,22203.208984375,65356.883,43153.67,1.943578151490015,194.3578151490015
495,n02883205_4699_bow_tie.jpg,z_plus,52232.0078125,8.62184e+09,8.621788e+09,165067.1402667484,16506714.02667484
495,n02883205_4699_bow_tie.jpg,epsilon,52232.0078125,1.6274281e+28,1.6274281e+28,3.115767791743711e+23,3.1157677917437108e+25
495,n02883205_4699_bow_tie.jpg,alpha_beta,52232.0078125,4.2035142e+12,4.2035142e+12,80477744.26718377,8047774426.718376
495,n02883205_4699_bow_tie.jpg,composite,52232.0078125,65386.125,13154.117,0.2518401596722029,25.18401596722029
496,n02118333_412_fox.jpg,z_plus,25411.0625,9.002465e+09,9.00244e+09,354272.462239611,35427246.2239611
496,n02118333_412_fox.jpg,epsilon,25411.0625,-2.1913876e+26,2.1913876e+26,8.623754331658137e+21,8.623754331658137e+23
496,n02118333_412_fox.jpg,alpha_beta,25411.0625,3.7971742e+12,3.7971742e+12,149429965.39715135,14942996539.715136
496,n02118333_412_fox.jpg,composite,25411.0625,65360.137,39949.074,1.5721134926470874,157.21134926470876
497,n03916031_14529_perfume.jpg,z_plus,12620.1201171875,1.0182837e+10,1.0182825e+10,806872.2694747632,80687226.94747631
497,n03916031_14529_perfume.jpg,epsilon,12620.1201171875,-7.597555e+25,7.597555e+25,6.020192203781899e+21,6.020192203781899e+23
497,n03916031_14529_perfume.jpg,alpha_beta,12620.1201171875,4.2975887e+12,4.2975887e+12,340534693.49683285,34053469349.683285
497,n03916031_14529_perfume.jpg,composite,12620.1201171875,65290.406,52670.285,4.17351694493886,417.351694493886
498,n03958227_8704_plastic_bag.jpg,z_plus,11965.05859375,1.2128489e+10,1.2128477e+10,1013657.9849541521,101365798.49541521
498,n03958227_8704_plastic_bag.jpg,epsilon,11965.05859375,-1.4202469e+25,1.4202469e+25,1.186995338405179e+21,1.186995338405179e+23
498,n03958227_8704_plastic_bag.jpg,alpha_beta,11965.05859375,3.416612e+13,3.416612e+13,2855491315.737974,285549131573.7974
498,n03958227_8704_plastic_bag.jpg,composite,11965.05859375,65351.082,53386.023,4.461827162750541,446.1827162750541
499,n07714571_8557_head_cabbage.jpg,z_plus,24237.02734375,9.755851e+09,9.755826e+09,402517.43902559613,40251743.902559616
499,n07714571_8557_head_cabbage.jpg,epsilon,24237.02734375,-2.606304e+25,2.606304e+25,1.0753398099898818e+21,1.0753398099898817e+23
499,n07714571_8557_head_cabbage.jpg,alpha_beta,24237.02734375,1.3230925e+13,1.3230925e+13,545897169.6617453,54589716966.17453
499,n07714571_8557_head_cabbage.jpg,composite,24237.02734375,65386.86,41149.832,1.697808540941371,169.7808540941371
