Image_Index,File_Name,Rule,Initial_Sum(R_out),Final_Sum(R_in),Absolute_Error,RCE_Value,RCE_Percentage(%)
0,n03950228_34570_pitcher.jpg,z_plus,9.306283,6.3077784,2.9985046,0.3222021766664477,32.22021766664477
0,n03950228_34570_pitcher.jpg,epsilon,9.306283,30792982.0,30792972.0,3308836.83702538,330883683.702538
0,n03950228_34570_pitcher.jpg,alpha_beta,9.306283,2.8805908e+17,2.8805908e+17,3.0953182461130704e+16,3.0953182461130706e+18
0,n03950228_34570_pitcher.jpg,composite,9.306283,848.0053,838.69904,90.12180650566263,9012.180650566263
1,n02129604_9026_tiger.jpg,z_plus,9.437154,6.2785563,3.1585975,0.33469810183291493,33.46981018329149
1,n02129604_9026_tiger.jpg,epsilon,9.437154,-1168502300.0,1168502300.0,123819352.17241468,12381935217.241468
1,n02129604_9026_tiger.jpg,alpha_beta,9.437154,-2.2985777e+19,2.2985777e+19,2.435668317797988e+18,2.4356683177979878e+20
1,n02129604_9026_tiger.jpg,composite,9.437154,621.3314,611.8943,64.83885914762203,6483.885914762203
2,n01662784_2198_turtle.jpg,z_plus,7.344393,4.611505,2.7328877,0.3721053363703439,37.21053363703439
2,n01662784_2198_turtle.jpg,epsilon,7.344393,272200400.0,272200400.0,37062340.24333513,3706234024.333513
2,n01662784_2198_turtle.jpg,alpha_beta,7.344393,9.8123065e+19,9.8123065e+19,1.3360269291081423e+19,1.3360269291081423e+21
2,n01662784_2198_turtle.jpg,composite,7.344393,307.78928,300.4449,40.90806338337148,4090.8063383371477
3,n04254120_621_soap_dispenser.jpg,z_plus,10.879579,5.3864374,5.493141,0.5049038552524525,50.49038552524525
3,n04254120_621_soap_dispenser.jpg,epsilon,10.879579,17796119000.0,17796119000.0,1635736014.8194225,163573601481.94226
3,n04254120_621_soap_dispenser.jpg,alpha_beta,10.879579,-4.816818e+18,4.816818e+18,4.427393960223319e+17,4.427393960223319e+19
3,n04254120_621_soap_dispenser.jpg,composite,10.879579,461.39664,450.51706,41.40942183942492,4140.942183942492
4,n02787622_3030_banjo.jpg,z_plus,9.697545,7.1311255,2.5664196,0.26464631899379965,26.464631899379963
4,n02787622_3030_banjo.jpg,epsilon,9.697545,98478040.0,98478030.0,10154944.521124342,1015494452.1124343
4,n02787622_3030_banjo.jpg,alpha_beta,9.697545,-1.3255131e+21,1.3255131e+21,1.3668542777350953e+20,1.3668542777350953e+22
4,n02787622_3030_banjo.jpg,composite,9.697545,1751.4614,1741.7639,179.6087470151206,17960.87470151206
5,n02691156_2138_airplane.jpg,z_plus,22.345211,7.806342,14.538869,0.6506480911977074,65.06480911977074
5,n02691156_2138_airplane.jpg,epsilon,22.345211,2823517200.0,2823517200.0,126358940.18644838,12635894018.644838
5,n02691156_2138_airplane.jpg,alpha_beta,22.345211,-1.161917e+19,1.161917e+19,5.199848179888017e+17,5.199848179888017e+19
5,n02691156_2138_airplane.jpg,composite,22.345211,676.35187,654.00665,29.26831400036627,2926.831400036627
6,n02484322_3182_monkey.jpg,z_plus,12.770178,5.4617066,7.308471,0.5723077073137282,57.230770731372814
6,n02484322_3182_monkey.jpg,epsilon,12.770178,25209352.0,25209340.0,1974079.007476346,197407900.74763462
6,n02484322_3182_monkey.jpg,alpha_beta,12.770178,2.474265e+19,2.474265e+19,1.9375337849023624e+18,1.9375337849023624e+20
6,n02484322_3182_monkey.jpg,composite,12.770178,169.18904,156.41887,12.24876199467027,1224.876199467027
7,n02274259_3025_butterfly.jpg,z_plus,14.7800865,6.525161,8.254926,0.5585167392358902,55.85167392358902
7,n02274259_3025_butterfly.jpg,epsilon,14.7800865,68203750.0,68203736.0,4614569.469224457,461456946.92244565
7,n02274259_3025_butterfly.jpg,alpha_beta,14.7800865,-2.2816707e+19,2.2816707e+19,1.5437465017890033e+18,1.5437465017890033e+20
7,n02274259_3025_butterfly.jpg,composite,14.7800865,733.23376,718.4537,48.60957163039601,4860.957163039601
8,n04252225_8055_snowplow.jpg,z_plus,11.024833,5.838996,5.185837,0.4703778207460202,47.03778207460202
8,n04252225_8055_snowplow.jpg,epsilon,11.024833,159673440.0,159673420.0,14483069.989428319,1448306998.942832
8,n04252225_8055_snowplow.jpg,alpha_beta,11.024833,5.3183976e+20,5.3183976e+20,4.824016553275594e+19,4.824016553275595e+21
8,n04252225_8055_snowplow.jpg,composite,11.024833,1373.6912,1362.6664,123.59973304243125,12359.973304243125
9,n02121808_538_domestic_cat.jpg,z_plus,16.919258,7.7081137,9.211144,0.5444177506317037,54.441775063170375
9,n02121808_538_domestic_cat.jpg,epsilon,16.919258,187429680.0,187429660.0,11077889.03540113,1107788903.540113
9,n02121808_538_domestic_cat.jpg,alpha_beta,16.919258,-1.6720956e+18,1.6720956e+18,9.882795260822634e+16,9.882795260822634e+18
9,n02121808_538_domestic_cat.jpg,composite,16.919258,1481.9629,1465.0436,86.5902966208915,8659.02966208915
10,n04026417_1879_purse.jpg,z_plus,19.096218,4.9945154,14.101703,0.738455258983627,73.8455258983627
10,n04026417_1879_purse.jpg,epsilon,19.096218,-416430720.0,416430750.0,21806975.05644202,2180697505.6442018
10,n04026417_1879_purse.jpg,alpha_beta,19.096218,-4.4513587e+21,4.4513587e+21,2.3310158537393376e+20,2.3310158537393376e+22
10,n04026417_1879_purse.jpg,composite,19.096218,190.67752,171.5813,8.985093165494286,898.5093165494286
11,n04254120_4148_soap_dispenser.jpg,z_plus,18.016172,5.910121,12.106051,0.6719546843506594,67.19546843506595
11,n04254120_4148_soap_dispenser.jpg,epsilon,18.016172,-1948518700.0,1948518700.0,108153863.74256887,10815386374.256887
11,n04254120_4148_soap_dispenser.jpg,alpha_beta,18.016172,1.2337072e+17,1.2337072e+17,6847776351518647.0,6.847776351518647e+17
11,n04254120_4148_soap_dispenser.jpg,composite,18.016172,136.51576,118.49959,6.57740086604313,657.740086604313
12,n07695742_612_pretzel.jpg,z_plus,12.942834,2.7729037,10.16993,0.7857576273870126,78.57576273870126
12,n07695742_612_pretzel.jpg,epsilon,12.942834,98118350.0,98118340.0,7580900.50039158,758090050.039158
12,n07695742_612_pretzel.jpg,alpha_beta,12.942834,3.1652026e+18,3.1652026e+18,2.4455251685109984e+17,2.4455251685109985e+19
12,n07695742_612_pretzel.jpg,composite,12.942834,44.116535,31.173702,2.408568515778744,240.8568515778744
13,n03642806_7780_laptop.jpg,z_plus,15.3197155,6.370936,8.94878,0.5841348724329524,58.413487243295236
13,n03642806_7780_laptop.jpg,epsilon,15.3197155,1132003000.0,1132003000.0,73891903.79776491,7389190379.776491
13,n03642806_7780_laptop.jpg,alpha_beta,15.3197155,-1.1312554e+22,1.1312554e+22,7.384310513303479e+20,7.384310513303479e+22
13,n03642806_7780_laptop.jpg,composite,15.3197155,628.66974,613.35004,40.03664667179651,4003.664667179651
14,n02076196_1965_seal.jpg,z_plus,9.266196,4.3825917,4.8836045,0.5270344371899339,52.70344371899339
14,n02076196_1965_seal.jpg,epsilon,9.266196,15437724.0,15437715.0,1666025.0420239787,166602504.20239785
14,n02076196_1965_seal.jpg,alpha_beta,9.266196,5.8694767e+19,5.8694767e+19,6.334289263358634e+18,6.334289263358634e+20
14,n02076196_1965_seal.jpg,composite,9.266196,53.444187,44.17799,4.767651014361393,476.7651014361393
15,n03793489_3923_computer_mouse.jpg,z_plus,15.490663,8.19058,7.300082,0.47125693759191045,47.125693759191044
15,n03793489_3923_computer_mouse.jpg,epsilon,15.490663,117167480.0,117167464.0,7563747.736864673,756374773.6864673
15,n03793489_3923_computer_mouse.jpg,alpha_beta,15.490663,4.937588e+20,4.937588e+20,3.1874607853473776e+19,3.1874607853473775e+21
15,n03793489_3923_computer_mouse.jpg,composite,15.490663,4430.0767,4414.586,284.9836742558517,28498.367425585173
16,n03188531_17375_diaper.jpg,z_plus,17.381886,14.11856,3.2633257,0.1877429054329364,18.774290543293638
16,n03188531_17375_diaper.jpg,epsilon,17.381886,-1112771000.0,1112771000.0,64019000.82170679,6401900082.170679
16,n03188531_17375_diaper.jpg,alpha_beta,17.381886,-1.5236754e+21,1.5236754e+21,8.76588109803419e+19,8.765881098034191e+21
16,n03188531_17375_diaper.jpg,composite,17.381886,8131.727,8114.345,466.8276753429451,46682.76753429451
17,n01674464_3490_lizard.jpg,z_plus,15.409535,8.67786,6.731675,0.4368512722369194,43.685127223691936
17,n01674464_3490_lizard.jpg,epsilon,15.409535,-60263796.0,60263812.0,3910813.0388359656,391081303.88359654
17,n01674464_3490_lizard.jpg,alpha_beta,15.409535,1.0032276e+19,1.0032276e+19,6.510433882690188e+17,6.510433882690187e+19
17,n01674464_3490_lizard.jpg,composite,15.409535,1218.6888,1203.2793,78.08666938593468,7808.666938593468
18,n01674464_134_lizard.jpg,z_plus,14.353413,5.646341,8.707071,0.6066202880995599,60.66202880995599
18,n01674464_134_lizard.jpg,epsilon,14.353413,-12003807.0,12003821.0,836304.3207997659,83630432.07997659
18,n01674464_134_lizard.jpg,alpha_beta,14.353413,-1.1471441e+22,1.1471441e+22,7.992134633496588e+20,7.992134633496588e+22
18,n01674464_134_lizard.jpg,composite,14.353413,1201.3895,1187.0361,82.70062064542103,8270.062064542102
19,n02118333_12193_fox.jpg,z_plus,17.205988,5.77006,11.435928,0.6646481672769573,66.46481672769573
19,n02118333_12193_fox.jpg,epsilon,17.205988,882651650.0,882651650.0,51299097.240121186,5129909724.012118
19,n02118333_12193_fox.jpg,alpha_beta,17.205988,-2.129347e+21,2.129347e+21,1.2375615677050095e+20,1.2375615677050095e+22
19,n02118333_12193_fox.jpg,composite,17.205988,520.5444,503.33838,29.25367499477742,2925.367499477742
20,n02454379_4660_armadillo.jpg,z_plus,16.164248,8.696762,7.4674854,0.4619754443547807,46.19754443547807
20,n02454379_4660_armadillo.jpg,epsilon,16.164248,427573700.0,427573660.0,26451813.71013437,2645181371.013437
20,n02454379_4660_armadillo.jpg,alpha_beta,16.164248,-4.2711076e+17,4.2711076e+17,2.6423175878919732e+16,2.642317587891973e+18
20,n02454379_4660_armadillo.jpg,composite,16.164248,589.68085,573.5166,35.48056295675079,3548.0562956750787
21,n02509815_44_red_panda.jpg,z_plus,10.023216,6.537936,3.48528,0.34772072661082976,34.77207266108297
21,n02509815_44_red_panda.jpg,epsilon,10.023216,7094346.0,7094336.0,707790.3762697142,70779037.62697142
21,n02509815_44_red_panda.jpg,alpha_beta,10.023216,-3.910126e+17,3.910126e+17,3.9010690379297064e+16,3.9010690379297065e+18
21,n02509815_44_red_panda.jpg,composite,10.023216,631.7811,621.75793,62.03177893719748,6203.177893719748
22,n03483316_230_hair_dryer.jpg,z_plus,18.602339,7.850273,10.752066,0.5779953681552571,57.79953681552571
22,n03483316_230_hair_dryer.jpg,epsilon,18.602339,56241220.0,56241200.0,3023340.270767918,302334027.07679176
22,n03483316_230_hair_dryer.jpg,alpha_beta,18.602339,5.081201e+17,5.081201e+17,2.7314849888894456e+16,2.7314849888894454e+18
22,n03483316_230_hair_dryer.jpg,composite,18.602339,1472.5619,1453.9596,78.16004272323879,7816.0042723238785
23,n03814639_2265_neck_brace.jpg,z_plus,7.9490075,3.1120467,4.836961,0.6084987069335372,60.84987069335372
23,n03814639_2265_neck_brace.jpg,epsilon,7.9490075,28403738.0,28403730.0,3573242.314417833,357324231.4417833
23,n03814639_2265_neck_brace.jpg,alpha_beta,7.9490075,4.2973214e+18,4.2973214e+18,5.406110566423086e+17,5.406110566423086e+19
23,n03814639_2265_neck_brace.jpg,composite,7.9490075,130.9157,122.96669,15.469439408088913,1546.9439408088913
24,n01662784_3789_turtle.jpg,z_plus,22.602358,8.742854,13.859504,0.6131884039966188,61.31884039966188
24,n01662784_3789_turtle.jpg,epsilon,22.602358,759582340.0,759582340.0,33606331.71654428,3360633171.654428
24,n01662784_3789_turtle.jpg,alpha_beta,22.602358,-3.5502784e+17,3.5502784e+17,1.570755759011674e+16,1.570755759011674e+18
24,n01662784_3789_turtle.jpg,composite,22.602358,341.24643,318.64407,14.097824456376582,1409.7824456376582
25,n03720891_5553_maraca.jpg,z_plus,17.583496,6.232396,11.3511,0.6455542121310962,64.55542121310963
25,n03720891_5553_maraca.jpg,epsilon,17.583496,432174140.0,432174100.0,24578394.971693743,2457839497.1693745
25,n03720891_5553_maraca.jpg,alpha_beta,17.583496,-7.645365e+19,7.645365e+19,4.3480347833009213e+18,4.3480347833009216e+20
25,n03720891_5553_maraca.jpg,composite,17.583496,1806.0957,1788.5122,101.71539251316783,10171.539251316783
26,n02419796_445_antelope.jpg,z_plus,17.563839,5.6312475,11.932591,0.679384015399213,67.9384015399213
26,n02419796_445_antelope.jpg,epsilon,17.563839,252349500.0,252349490.0,14367558.742620822,1436755874.262082
26,n02419796_445_antelope.jpg,alpha_beta,17.563839,-1.5015484e+23,1.5015484e+23,8.549089967148824e+21,8.549089967148825e+23
26,n02419796_445_antelope.jpg,composite,17.563839,263.78183,246.21799,14.018460749095162,1401.8460749095161
27,n04141076_43723_saxophone.jpg,z_plus,15.175144,4.183189,10.991955,0.724339397444471,72.4339397444471
27,n04141076_43723_saxophone.jpg,epsilon,15.175144,982052540.0,982052540.0,64714544.47351053,6471454447.351053
27,n04141076_43723_saxophone.jpg,alpha_beta,15.175144,2.8196066e+21,2.8196066e+21,1.8580427186118554e+20,1.8580427186118555e+22
27,n04141076_43723_saxophone.jpg,composite,15.175144,43.889145,28.714,1.8921731701514724,189.21731701514724
28,n03991062_19806_flower_pot.jpg,z_plus,13.705673,5.5662456,8.139427,0.5938728477715023,59.38728477715023
28,n03991062_19806_flower_pot.jpg,epsilon,13.705673,-557979970.0,557979970.0,40711605.99653749,4071160599.653749
28,n03991062_19806_flower_pot.jpg,alpha_beta,13.705673,5.4097598e+20,5.4097598e+20,3.947095245964945e+19,3.947095245964945e+21
28,n03991062_19806_flower_pot.jpg,composite,13.705673,121.46326,107.75758,7.862261262041648,786.2261262041648
29,n04118538_8452_rugby_ball.jpg,z_plus,18.068663,7.561426,10.5072365,0.5815171098980266,58.151710989802666
29,n04118538_8452_rugby_ball.jpg,epsilon,18.068663,216422240.0,216422220.0,11977766.603921006,1197776660.3921006
29,n04118538_8452_rugby_ball.jpg,alpha_beta,18.068663,-4.433375e+17,4.433375e+17,2.4536264458192324e+16,2.453626445819232e+18
29,n04118538_8452_rugby_ball.jpg,composite,18.068663,321.3257,303.25705,16.78359132207206,1678.359132207206
30,n07768694_1682_pomegranate.jpg,z_plus,14.7798395,6.7186065,8.0612335,0.5454209101125151,54.542091011251514
30,n07768694_1682_pomegranate.jpg,epsilon,14.7798395,123318170.0,123318150.0,8343673.276071582,834367327.6071582
30,n07768694_1682_pomegranate.jpg,alpha_beta,14.7798395,3.375925e+18,3.375925e+18,2.28414192518756e+17,2.28414192518756e+19
30,n07768694_1682_pomegranate.jpg,composite,14.7798395,536.80414,522.0243,35.32002437528745,3532.0024375287453
31,n03141823_6920_crutch.jpg,z_plus,18.224789,9.728627,8.496161,0.46618710462015783,46.618710462015784
31,n03141823_6920_crutch.jpg,epsilon,18.224789,-1029027800.0,1029027800.0,56463084.14408033,5646308414.408033
31,n03141823_6920_crutch.jpg,alpha_beta,18.224789,-2.0791008e+19,2.0791008e+19,1.1408093008590903e+18,1.1408093008590904e+20
31,n03141823_6920_crutch.jpg,composite,18.224789,2174.4875,2156.2627,118.31482574302362,11831.482574302361
32,n02484322_11526_monkey.jpg,z_plus,17.057417,11.39445,5.6629667,0.3319943902292664,33.19943902292664
32,n02484322_11526_monkey.jpg,epsilon,17.057417,32573588.0,32573570.0,1909642.6005592528,190964260.05592528
32,n02484322_11526_monkey.jpg,alpha_beta,17.057417,1.3331972e+18,1.3331972e+18,7.815938150041365e+16,7.815938150041364e+18
32,n02484322_11526_monkey.jpg,composite,17.057417,1450.9895,1433.9321,84.06502203074446,8406.502203074446
33,n03255030_9287_dumbbell.jpg,z_plus,15.965523,7.613032,8.352491,0.5231580262432202,52.31580262432202
33,n03255030_9287_dumbbell.jpg,epsilon,15.965523,28637796.0,28637780.0,1793726.4202203122,179372642.02203122
33,n03255030_9287_dumbbell.jpg,alpha_beta,15.965523,1.0119173e+19,1.0119173e+19,6.338140563834383e+17,6.3381405638343836e+19
33,n03255030_9287_dumbbell.jpg,composite,15.965523,392.72354,376.75803,23.5982267301084,2359.82267301084
34,n03793489_1770_computer_mouse.jpg,z_plus,10.720988,4.1755176,6.5454707,0.6105286702032815,61.05286702032815
34,n03793489_1770_computer_mouse.jpg,epsilon,10.720988,76853176.0,76853170.0,7168477.945445723,716847794.5445722
34,n03793489_1770_computer_mouse.jpg,alpha_beta,10.720988,-2.1111824e+21,2.1111824e+21,1.969205002681712e+20,1.969205002681712e+22
34,n03793489_1770_computer_mouse.jpg,composite,10.720988,432.73276,422.01178,39.3631416223231,3936.31416223231
35,n02787622_7389_banjo.jpg,z_plus,13.357741,8.112406,5.2453356,0.39268132529086053,39.26813252908605
35,n02787622_7389_banjo.jpg,epsilon,13.357741,91815090.0,91815070.0,6873547.671485647,687354767.1485647
35,n02787622_7389_banjo.jpg,alpha_beta,13.357741,-4.5883565e+17,4.5883565e+17,3.4349793048066464e+16,3.4349793048066463e+18
35,n02787622_7389_banjo.jpg,composite,13.357741,724.4375,711.0798,53.23353357056285,5323.353357056285
36,n04442312_5180_toaster.jpg,z_plus,13.759879,8.275677,5.4842024,0.3985647213768236,39.85647213768236
36,n04442312_5180_toaster.jpg,epsilon,13.759879,493556030.0,493556030.0,35869212.79889448,3586921279.889448
36,n04442312_5180_toaster.jpg,alpha_beta,13.759879,1.3112366e+17,1.3112366e+17,9529419426625708.0,9.529419426625708e+17
36,n04442312_5180_toaster.jpg,composite,13.759879,363.79083,350.03094,25.438518895658017,2543.8518895658017
37,n06874185_10683_traffic_light.jpg,z_plus,9.780699,3.5995588,6.18114,0.6319732451391269,63.19732451391269
37,n06874185_10683_traffic_light.jpg,epsilon,9.780699,-5664564000.0,5664564000.0,579157415.3350534,57915741533.50534
37,n06874185_10683_traffic_light.jpg,alpha_beta,9.780699,-6.458844e+19,6.458844e+19,6.603663142852044e+18,6.603663142852044e+20
37,n06874185_10683_traffic_light.jpg,composite,9.780699,87.26376,77.48306,7.922037526030928,792.2037526030928
38,n01443537_2625_goldfish.jpg,z_plus,19.517498,6.252252,13.265245,0.6796591154165836,67.96591154165836
38,n01443537_2625_goldfish.jpg,epsilon,19.517498,-24234632.0,24234652.0,1241688.4571192213,124168845.71192214
38,n01443537_2625_goldfish.jpg,alpha_beta,19.517498,-4.3325504e+19,4.3325504e+19,2.2198287704719823e+18,2.2198287704719822e+20
38,n01443537_2625_goldfish.jpg,composite,19.517498,692.0533,672.53577,34.4580932455307,3445.80932455307
39,n04317175_7903_stethoscope.jpg,z_plus,26.159578,10.728737,15.430841,0.5898734778744894,58.98734778744894
39,n04317175_7903_stethoscope.jpg,epsilon,26.159578,-2280814600.0,2280814600.0,87188507.54087716,8718850754.087717
39,n04317175_7903_stethoscope.jpg,alpha_beta,26.159578,1.4036266e+20,1.4036266e+20,5.365631613130515e+18,5.3656316131305154e+20
39,n04317175_7903_stethoscope.jpg,composite,26.159578,1131.0067,1104.8472,42.23489974758989,4223.489974758989
40,n04442312_12329_toaster.jpg,z_plus,22.212746,6.721036,15.49171,0.697424350013202,69.7424350013202
40,n04442312_12329_toaster.jpg,epsilon,22.212746,-590005440.0,590005440.0,26561571.84850621,2656157184.8506207
40,n04442312_12329_toaster.jpg,alpha_beta,22.212746,5.1978175e+20,5.1978175e+20,2.3400157842023485e+19,2.3400157842023485e+21
40,n04442312_12329_toaster.jpg,composite,22.212746,424.93726,402.72452,18.13033489198189,1813.0334891981888
41,n02346627_3512_porcupine.jpg,z_plus,14.304886,7.9514174,6.3534684,0.44414673965011964,44.414673965011964
41,n02346627_3512_porcupine.jpg,epsilon,14.304886,465868220.0,465868220.0,32567070.327450234,3256707032.7450233
41,n02346627_3512_porcupine.jpg,alpha_beta,14.304886,6.616187e+20,6.616187e+20,4.6251238253186195e+19,4.6251238253186195e+21
41,n02346627_3512_porcupine.jpg,composite,14.304886,2094.918,2080.613,145.44772022002266,14544.772022002266
42,n04116512_9541_rubber_eraser.jpg,z_plus,20.022532,5.4616547,14.560877,0.7272245689188086,72.72245689188085
42,n04116512_9541_rubber_eraser.jpg,epsilon,20.022532,-159807280.0,159807300.0,7981373.180359256,798137318.0359256
42,n04116512_9541_rubber_eraser.jpg,alpha_beta,20.022532,9.676308e+18,9.676308e+18,4.83270966526384e+17,4.83270966526384e+19
42,n04116512_9541_rubber_eraser.jpg,composite,20.022532,239.89467,219.87213,10.98123537642869,1098.123537642869
43,n07753592_9306_banana.jpg,z_plus,9.677478,3.5996995,6.0777783,0.6280332997267484,62.80332997267484
43,n07753592_9306_banana.jpg,epsilon,9.677478,-208706240.0,208706260.0,21566182.790821787,2156618279.0821786
43,n07753592_9306_banana.jpg,alpha_beta,9.677478,8.7466915e+19,8.7466915e+19,9.038193289346254e+18,9.038193289346254e+20
43,n07753592_9306_banana.jpg,composite,9.677478,232.3512,222.67372,23.009478817726215,2300.9478817726217
44,n02924116_58545_bus.jpg,z_plus,13.350577,2.045382,11.305195,0.8467944534351736,84.67944534351736
44,n02924116_58545_bus.jpg,epsilon,13.350577,-668924700.0,668924700.0,50104550.10231258,5010455010.231258
44,n02924116_58545_bus.jpg,alpha_beta,13.350577,-4.757628e+19,4.757628e+19,3.5636122905864474e+18,3.563612290586447e+20
44,n02924116_58545_bus.jpg,composite,13.350577,56.891006,43.54043,3.2613142489982576,326.1314248998258
45,n07747607_813_orange.jpg,z_plus,20.187305,12.648079,7.5392265,0.37346373690723733,37.34637369072373
45,n07747607_813_orange.jpg,epsilon,20.187305,-13828210.0,13828230.0,684996.322726864,68499632.2726864
45,n07747607_813_orange.jpg,alpha_beta,20.187305,-7.0596435e+19,7.0596435e+19,3.4970707513892844e+18,3.4970707513892844e+20
45,n07747607_813_orange.jpg,composite,20.187305,1329.5916,1309.4043,64.8627574405495,6486.27574405495
46,n02342885_7641_hamster.jpg,z_plus,13.509986,9.253772,4.256214,0.315042085576346,31.5042085576346
46,n02342885_7641_hamster.jpg,epsilon,13.509986,68770940.0,68770930.0,5090377.47211314,509037747.21131396
46,n02342885_7641_hamster.jpg,alpha_beta,13.509986,2.424824e+20,2.424824e+20,1.7948383356349321e+19,1.7948383356349322e+21
46,n02342885_7641_hamster.jpg,composite,13.509986,4375.4365,4361.927,322.8668617497245,32286.68617497245
47,n02454379_10511_armadillo.jpg,z_plus,30.667469,10.021825,20.645645,0.6732099451809409,67.3209945180941
47,n02454379_10511_armadillo.jpg,epsilon,30.667469,577635460.0,577635460.0,18835445.974257488,1883544597.4257488
47,n02454379_10511_armadillo.jpg,alpha_beta,30.667469,3.4553098e+18,3.4553098e+18,1.126701993371267e+17,1.126701993371267e+19
47,n02454379_10511_armadillo.jpg,composite,30.667469,1134.779,1104.1116,36.002696255822755,3600.2696255822757
48,n04330267_15330_stove.jpg,z_plus,21.890123,8.230491,13.659633,0.6240089401494833,62.40089401494833
48,n04330267_15330_stove.jpg,epsilon,21.890123,280636160.0,280636130.0,12820216.829215232,1282021682.9215233
48,n04330267_15330_stove.jpg,alpha_beta,21.890123,3.5567986e+18,3.5567986e+18,1.6248417425411517e+17,1.6248417425411516e+19
48,n04330267_15330_stove.jpg,composite,21.890123,1315.057,1293.1669,59.07535779306347,5907.535779306347
49,n02892767_5122_brassiere.jpg,z_plus,23.864002,9.280436,14.583567,0.6111115195949683,61.11115195949684
49,n02892767_5122_brassiere.jpg,epsilon,23.864002,452620500.0,452620480.0,18966662.660384715,1896666266.0384715
49,n02892767_5122_brassiere.jpg,alpha_beta,23.864002,-1.981479e+19,1.981479e+19,8.303213030393526e+17,8.303213030393525e+19
49,n02892767_5122_brassiere.jpg,composite,23.864002,3831.9812,3808.1172,159.57579751257722,15957.579751257723
50,n07873807_1051_pizza.jpg,z_plus,19.623861,10.42224,9.201621,0.46889961707491107,46.8899617074911
50,n07873807_1051_pizza.jpg,epsilon,19.623861,-257418300.0,257418320.0,13117618.183436118,1311761818.3436117
50,n07873807_1051_pizza.jpg,alpha_beta,19.623861,-2.72144e+18,2.72144e+18,1.3868014781424736e+17,1.3868014781424736e+19
50,n07873807_1051_pizza.jpg,composite,19.623861,2156.4587,2136.835,108.88962812979184,10888.962812979185
51,n02084071_77_dog.jpg,z_plus,12.48474,3.5351746,8.949566,0.7168403749151119,71.68403749151119
51,n02084071_77_dog.jpg,epsilon,12.48474,579056.0,579043.5,46380.09986765665,4638009.986765665
51,n02084071_77_dog.jpg,alpha_beta,12.48474,2.5712498e+22,2.5712498e+22,2.0595140666158607e+21,2.0595140666158607e+23
51,n02084071_77_dog.jpg,composite,12.48474,273.47186,260.98712,20.90448949542972,2090.448949542972
52,n03062245_872_cocktail_shaker.jpg,z_plus,16.392788,6.072832,10.319956,0.6295424467842426,62.95424467842427
52,n03062245_872_cocktail_shaker.jpg,epsilon,16.392788,-50481224.0,50481240.0,3079478.622072644,307947862.2072644
52,n03062245_872_cocktail_shaker.jpg,alpha_beta,16.392788,-1.159919e+18,1.159919e+18,7.075788076379987e+16,7.075788076379987e+18
52,n03062245_872_cocktail_shaker.jpg,composite,16.392788,266.48007,250.08728,15.255933357705564,1525.5933357705565
53,n02118333_6_fox.jpg,z_plus,19.718807,8.391431,11.327376,0.5744453119524698,57.44453119524698
53,n02118333_6_fox.jpg,epsilon,19.718807,-20998544.0,20998564.0,1064900.313906833,106490031.39068331
53,n02118333_6_fox.jpg,alpha_beta,19.718807,3.9393093e+21,3.9393093e+21,1.9977421787577172e+20,1.997742178757717e+22
53,n02118333_6_fox.jpg,composite,19.718807,2718.5686,2698.8499,136.8667903289101,13686.67903289101
54,n02992211_25528_cello.jpg,z_plus,20.000853,9.129537,10.871316,0.5435426269684575,54.354262696845744
54,n02992211_25528_cello.jpg,epsilon,20.000853,-747307260.0,747307260.0,37363770.408923134,3736377040.8923135
54,n02992211_25528_cello.jpg,alpha_beta,20.000853,-6.708854e+19,6.708854e+19,3.354284026856672e+18,3.3542840268566725e+20
54,n02992211_25528_cello.jpg,composite,20.000853,1376.3973,1356.3965,67.8169332309046,6781.69332309046
55,n04542943_3211_waffle_iron.jpg,z_plus,14.390371,6.826653,7.5637183,0.5256096697461925,52.56096697461925
55,n04542943_3211_waffle_iron.jpg,epsilon,14.390371,232017380.0,232017360.0,16123097.506106852,1612309750.610685
55,n04542943_3211_waffle_iron.jpg,alpha_beta,14.390371,1.37846125e+20,1.37846125e+20,9.579052653883046e+18,9.579052653883046e+20
55,n04542943_3211_waffle_iron.jpg,composite,14.390371,229.86684,215.47647,14.973656071918773,1497.3656071918774
56,n02951585_3935_can_opener.jpg,z_plus,19.567924,8.586964,10.980961,0.5611714643349173,56.117146433491726
56,n02951585_3935_can_opener.jpg,epsilon,19.567924,36598990.0,36598972.0,1870355.3357967476,187035533.57967475
56,n02951585_3935_can_opener.jpg,alpha_beta,19.567924,-1.239795e+18,1.239795e+18,6.335853441158947e+16,6.335853441158947e+18
56,n02951585_3935_can_opener.jpg,composite,19.567924,1017.53094,997.963,50.99994190335387,5099.994190335387
57,n03814639_5954_neck_brace.jpg,z_plus,15.219648,4.5935674,10.626081,0.6981817985402244,69.81817985402245
57,n03814639_5954_neck_brace.jpg,epsilon,15.219648,26245284.0,26245268.0,1724433.2704277937,172443327.0427794
57,n03814639_5954_neck_brace.jpg,alpha_beta,15.219648,-2.5400526e+19,2.5400526e+19,1.668929898657653e+18,1.668929898657653e+20
57,n03814639_5954_neck_brace.jpg,composite,15.219648,92.84463,77.62498,5.100313441181557,510.0313441181557
58,n02777292_14330_balance_beam.jpg,z_plus,19.565596,5.964704,13.600891,0.6951432183303778,69.51432183303778
58,n02777292_14330_balance_beam.jpg,epsilon,19.565596,-141412290.0,141412300.0,7227600.257609754,722760025.7609754
58,n02777292_14330_balance_beam.jpg,alpha_beta,19.565596,-1.13114174e+21,1.13114174e+21,5.7812793767247815e+19,5.781279376724781e+21
58,n02777292_14330_balance_beam.jpg,composite,19.565596,211.93909,192.37349,9.832232712928064,983.2232712928064
59,n04442312_14257_toaster.jpg,z_plus,21.878214,8.164339,13.713875,0.6268278978326863,62.68278978326863
59,n04442312_14257_toaster.jpg,epsilon,21.878214,-799001660.0,799001660.0,36520424.75937894,3652042475.937894
59,n04442312_14257_toaster.jpg,alpha_beta,21.878214,-8.837683e+20,8.837683e+20,4.039490201604702e+19,4.0394902016047023e+21
59,n04442312_14257_toaster.jpg,composite,21.878214,270.11987,248.24165,11.346522836135625,1134.6522836135625
60,n01770393_9910_scorpion.jpg,z_plus,14.138252,7.0634885,7.074764,0.5003987512118215,50.039875121182156
60,n01770393_9910_scorpion.jpg,epsilon,14.138252,-694841.0,694855.1,49147.17266717977,4914717.266717977
60,n01770393_9910_scorpion.jpg,alpha_beta,14.138252,-2.7756055e+18,2.7756055e+18,1.9631885561133443e+17,1.9631885561133445e+19
60,n01770393_9910_scorpion.jpg,composite,14.138252,545.6348,531.4966,37.59280654237921,3759.2806542379208
61,n04252077_2529_snowmobile.jpg,z_plus,28.072891,12.058328,16.014565,0.570463668288748,57.046366828874795
61,n04252077_2529_snowmobile.jpg,epsilon,28.072891,3743462.0,3743434.0,133346.93489470833,13334693.489470834
61,n04252077_2529_snowmobile.jpg,alpha_beta,28.072891,-2.0720526e+18,2.0720526e+18,7.380973329052773e+16,7.380973329052772e+18
61,n04252077_2529_snowmobile.jpg,composite,28.072891,261.2372,233.16432,8.305675391122158,830.5675391122157
62,n03337140_18624_filing_cabinet.jpg,z_plus,25.188244,11.864504,13.32374,0.5289666114026562,52.89666114026562
62,n03337140_18624_filing_cabinet.jpg,epsilon,25.188244,-590482300.0,590482300.0,23442773.82411681,2344277382.411681
62,n03337140_18624_filing_cabinet.jpg,alpha_beta,25.188244,-2.2703793e+20,2.2703793e+20,9.013646545593331e+18,9.01364654559333e+20
62,n03337140_18624_filing_cabinet.jpg,composite,25.188244,305.2811,280.09286,11.11998384919415,1111.998384919415
63,n03633091_27358_ladle.jpg,z_plus,16.873842,10.517975,6.3558674,0.3766698357920151,37.666983579201506
63,n03633091_27358_ladle.jpg,epsilon,16.873842,34282280.0,34282264.0,2031680.9598919302,203168095.98919302
63,n03633091_27358_ladle.jpg,alpha_beta,16.873842,-2.383859e+21,2.383859e+21,1.4127540317130315e+20,1.4127540317130316e+22
63,n03633091_27358_ladle.jpg,composite,16.873842,3979.6738,3962.8,234.84870798098146,23484.870798098145
64,n02206856_5952_bee.jpg,z_plus,16.739729,6.3237457,10.415983,0.6222312944548206,62.22312944548206
64,n02206856_5952_bee.jpg,epsilon,16.739729,28156184.0,28156168.0,1681996.6512046799,168199665.120468
64,n02206856_5952_bee.jpg,alpha_beta,16.739729,6.1346187e+19,6.1346187e+19,3.664706113588885e+18,3.664706113588885e+20
64,n02206856_5952_bee.jpg,composite,16.739729,802.79926,786.0595,46.957720320893316,4695.772032089331
65,n03062245_2005_cocktail_shaker.jpg,z_plus,7.4329753,4.0233793,3.409596,0.4587121350256187,45.87121350256187
65,n03062245_2005_cocktail_shaker.jpg,epsilon,7.4329753,3502529.0,3502521.5,471213.9300666742,47121393.00666742
65,n03062245_2005_cocktail_shaker.jpg,alpha_beta,7.4329753,-1.0378075e+19,1.0378075e+19,1.396220805386614e+18,1.396220805386614e+20
65,n03062245_2005_cocktail_shaker.jpg,composite,7.4329753,125.52423,118.091255,15.887481194230638,1588.7481194230638
66,n02062744_3014_whale.jpg,z_plus,12.45754,5.017119,7.4404206,0.5972624523574858,59.72624523574858
66,n02062744_3014_whale.jpg,epsilon,12.45754,-96519870.0,96519890.0,7747909.411781653,774790941.1781653
66,n02062744_3014_whale.jpg,alpha_beta,12.45754,2.2658707e+20,2.2658707e+20,1.8188750169846622e+19,1.818875016984662e+21
66,n02062744_3014_whale.jpg,composite,12.45754,673.38586,660.92834,53.05448492252915,5305.448492252915
67,n03710721_15514_maillot.jpg,z_plus,14.387702,1.7689677,12.618734,0.8770500229429009,87.7050022942901
67,n03710721_15514_maillot.jpg,epsilon,14.387702,-260107090.0,260107100.0,18078432.830682874,1807843283.0682874
67,n03710721_15514_maillot.jpg,alpha_beta,14.387702,-9.886637e+24,9.886637e+24,6.871588951153546e+23,6.871588951153546e+25
67,n03710721_15514_maillot.jpg,composite,14.387702,16.417645,2.0299425,0.14108872383047086,14.108872383047085
68,n02815834_1310_beaker.jpg,z_plus,24.909636,8.351618,16.558018,0.6647234039581925,66.47234039581924
68,n02815834_1310_beaker.jpg,epsilon,24.909636,-25202234.0,25202258.0,1011747.3599583664,101174735.99583663
68,n02815834_1310_beaker.jpg,alpha_beta,24.909636,-2.134878e+16,2.134878e+16,857049038370982.4,8.570490383709824e+16
68,n02815834_1310_beaker.jpg,composite,24.909636,391.977,367.06735,14.735958365766068,1473.5958365766069
69,n04517823_9843_vacuum.jpg,z_plus,26.883657,8.215432,18.668224,0.6944079080371484,69.44079080371483
69,n04517823_9843_vacuum.jpg,epsilon,26.883657,65750030.0,65750004.0,2445723.916343047,244572391.63430467
69,n04517823_9843_vacuum.jpg,alpha_beta,26.883657,-4.635865e+19,4.635865e+19,1.7244175820355917e+18,1.7244175820355918e+20
69,n04517823_9843_vacuum.jpg,composite,26.883657,644.45184,617.5682,22.97188086368407,2297.188086368407
70,n03928116_38427_piano.jpg,z_plus,11.464127,6.888285,4.5758414,0.3991443562454552,39.91443562454552
70,n03928116_38427_piano.jpg,epsilon,11.464127,21407396.0,21407384.0,1867336.6728668641,186733667.28668642
70,n03928116_38427_piano.jpg,alpha_beta,11.464127,-2.3896584e+16,2.3896584e+16,2084466153733281.2,2.0844661537332813e+17
70,n03928116_38427_piano.jpg,composite,11.464127,345.8388,334.3747,29.167044890862407,2916.7044890862408
71,n03908714_4340_pencil_sharpener.jpg,z_plus,16.400303,8.736146,7.664157,0.46731801029007103,46.7318010290071
71,n03908714_4340_pencil_sharpener.jpg,epsilon,16.400303,13859580.0,13859564.0,845079.7582630207,84507975.82630207
71,n03908714_4340_pencil_sharpener.jpg,alpha_beta,16.400303,-2.4270556e+19,2.4270556e+19,1.4798846134522642e+18,1.4798846134522642e+20
71,n03908714_4340_pencil_sharpener.jpg,composite,16.400303,488.71658,472.31628,28.799241538785672,2879.9241538785673
72,n07693725_10941_bagel.jpg,z_plus,21.87001,11.829078,10.040933,0.4591187878861258,45.91187878861258
72,n07693725_10941_bagel.jpg,epsilon,21.87001,-82558070.0,82558100.0,3774945.4425002113,377494544.2500211
72,n07693725_10941_bagel.jpg,alpha_beta,21.87001,-4.8392805e+19,4.8392805e+19,2.2127472479048358e+18,2.2127472479048358e+20
72,n07693725_10941_bagel.jpg,composite,21.87001,1379.7252,1357.8552,62.08754368213943,6208.754368213943
73,n04591157_2640_tie.jpg,z_plus,16.879078,10.061864,6.817214,0.4038854520096222,40.38854520096222
73,n04591157_2640_tie.jpg,epsilon,16.879078,116654296.0,116654280.0,6911176.108409376,691117610.8409376
73,n04591157_2640_tie.jpg,alpha_beta,16.879078,4.5259832e+20,4.5259832e+20,2.6814161559661933e+19,2.6814161559661933e+21
73,n04591157_2640_tie.jpg,composite,16.879078,620.1248,603.2457,35.73925842813483,3573.925842813483
74,n03000684_16691_chain_saw.jpg,z_plus,10.750793,4.5232143,6.227579,0.5792669295650036,57.92669295650036
74,n03000684_16691_chain_saw.jpg,epsilon,10.750793,-670411700.0,670411700.0,62359277.44469661,6235927744.469662
74,n03000684_16691_chain_saw.jpg,alpha_beta,10.750793,-8.360152e+18,8.360152e+18,7.776311662570593e+17,7.776311662570593e+19
74,n03000684_16691_chain_saw.jpg,composite,10.750793,114.450455,103.69966,9.64576816210856,964.576816210856
75,n03770439_3065_miniskirt.jpg,z_plus,18.067215,11.410931,6.6562843,0.36841784107287034,36.84178410728703
75,n03770439_3065_miniskirt.jpg,epsilon,18.067215,32112156.0,32112138.0,1777370.6716266233,177737067.16266233
75,n03770439_3065_miniskirt.jpg,alpha_beta,18.067215,2.5551213e+18,2.5551213e+18,1.4142308410557277e+17,1.4142308410557276e+19
75,n03770439_3065_miniskirt.jpg,composite,18.067215,419.17487,401.10767,22.200857561735027,2220.085756173503
76,n02411705_3019_sheep.jpg,z_plus,18.896404,6.2198906,12.676514,0.6708426371769064,67.08426371769065
76,n02411705_3019_sheep.jpg,epsilon,18.896404,21754714.0,21754696.0,1151261.1443003542,115126114.43003541
76,n02411705_3019_sheep.jpg,alpha_beta,18.896404,-1.3381194e+18,1.3381194e+18,7.081344026970636e+16,7.081344026970636e+18
76,n02411705_3019_sheep.jpg,composite,18.896404,367.39975,348.50336,18.44283981241953,1844.283981241953
77,n04118776_1258_ruler.jpg,z_plus,18.713482,13.377112,5.3363695,0.28516176421999606,28.516176421999607
77,n04118776_1258_ruler.jpg,epsilon,18.713482,18146116.0,18146098.0,969680.4738431609,96968047.38431609
77,n04118776_1258_ruler.jpg,alpha_beta,18.713482,-6.881256e+20,6.881256e+20,3.6771649906482373e+19,3.6771649906482374e+21
77,n04118776_1258_ruler.jpg,composite,18.713482,1178.8616,1160.1481,61.995307833993145,6199.530783399315
78,n01982650_3364_lobster.jpg,z_plus,19.11242,11.190991,7.9214277,0.4144649441343032,41.446494413430315
78,n01982650_3364_lobster.jpg,epsilon,19.11242,-1608277100.0,1608277100.0,84148276.00366552,8414827600.366552
78,n01982650_3364_lobster.jpg,alpha_beta,19.11242,-3.5307012e+19,3.5307012e+19,1.8473334734193505e+18,1.8473334734193505e+20
78,n01982650_3364_lobster.jpg,composite,19.11242,4207.0005,4187.888,219.11868692476105,21911.868692476106
79,n01776313_1303_tick.jpg,z_plus,24.158772,4.8496213,19.30915,0.7992604542453027,79.92604542453027
79,n01776313_1303_tick.jpg,epsilon,24.158772,134462900.0,134462860.0,5565798.902959329,556579890.2959329
79,n01776313_1303_tick.jpg,alpha_beta,24.158772,-2.64738e+18,2.64738e+18,1.0958255498884504e+17,1.0958255498884504e+19
79,n01776313_1303_tick.jpg,composite,24.158772,514.8047,490.6459,20.30922409354506,2030.9224093545058
80,n04004767_2519_printer.jpg,z_plus,12.675524,3.7095199,8.966003,0.7073477663318568,70.73477663318567
80,n04004767_2519_printer.jpg,epsilon,12.675524,-4525019000.0,4525019000.0,356988730.5690591,35698873056.90591
80,n04004767_2519_printer.jpg,alpha_beta,12.675524,1.1253002e+21,1.1253002e+21,8.877741431485653e+19,8.877741431485653e+21
80,n04004767_2519_printer.jpg,composite,12.675524,66.27897,53.603447,4.228894046501697,422.8894046501697
81,n02503517_6661_elephant.jpg,z_plus,19.59976,11.992955,7.606805,0.3881070393603258,38.81070393603258
81,n02503517_6661_elephant.jpg,epsilon,19.59976,701910660.0,701910660.0,35812206.576769635,3581220657.6769633
81,n02503517_6661_elephant.jpg,alpha_beta,19.59976,-2.2043445e+21,2.2043445e+21,1.1246793499652822e+20,1.124679349965282e+22
81,n02503517_6661_elephant.jpg,composite,19.59976,2635.8008,2616.201,133.4812732496254,13348.12732496254
82,n04336792_143_stretcher.jpg,z_plus,21.209486,9.020495,12.188991,0.5746952372142443,57.46952372142443
82,n04336792_143_stretcher.jpg,epsilon,21.209486,610998500.0,610998500.0,28807795.141742136,2880779514.1742134
82,n04336792_143_stretcher.jpg,alpha_beta,21.209486,-3.1289097e+19,3.1289097e+19,1.475240703519048e+18,1.475240703519048e+20
82,n04336792_143_stretcher.jpg,composite,21.209486,9747.117,9725.907,458.56402284229716,45856.40228422971
83,n02807133_2901_bathing_cap.jpg,z_plus,15.505235,3.658173,11.847061,0.7640684821405932,76.40684821405932
83,n02807133_2901_bathing_cap.jpg,epsilon,15.505235,-580839200.0,580839200.0,37460843.29030849,3746084329.030849
83,n02807133_2901_bathing_cap.jpg,alpha_beta,15.505235,-1.5826989e+21,1.5826989e+21,1.0207513267596871e+20,1.0207513267596872e+22
83,n02807133_2901_bathing_cap.jpg,composite,15.505235,114.46576,98.960526,6.382394546363743,638.2394546363744
84,n02062744_3044_whale.jpg,z_plus,13.144859,1.1662832,11.978576,0.9112745461524151,91.1274546152415
84,n02062744_3044_whale.jpg,epsilon,13.144859,10060002.0,10059989.0,765317.357831829,76531735.7831829
84,n02062744_3044_whale.jpg,alpha_beta,13.144859,3.270491e+20,3.270491e+20,2.488037908467811e+19,2.4880379084678114e+21
84,n02062744_3044_whale.jpg,composite,13.144859,13.377843,0.23298359,0.01772431211242571,1.772431211242571
85,n04557648_2511_water_bottle.jpg,z_plus,13.449555,3.8091743,9.640381,0.7167806350523982,71.67806350523982
85,n04557648_2511_water_bottle.jpg,epsilon,13.449555,196481970.0,196481950.0,14608806.476140127,1460880647.6140127
85,n04557648_2511_water_bottle.jpg,alpha_beta,13.449555,-6.157797e+17,6.157797e+17,4.5784390799979896e+16,4.5784390799979894e+18
85,n04557648_2511_water_bottle.jpg,composite,13.449555,85.083275,71.63372,5.326103226313487,532.6103226313487
86,n07753275_25056_pineapple.jpg,z_plus,13.934876,6.25149,7.6833863,0.5513781451374352,55.13781451374352
86,n07753275_25056_pineapple.jpg,epsilon,13.934876,103259496.0,103259480.0,7410146.794103818,741014679.4103818
86,n07753275_25056_pineapple.jpg,alpha_beta,13.934876,3.1126976e+19,3.1126976e+19,2.2337461259644708e+18,2.233746125964471e+20
86,n07753275_25056_pineapple.jpg,composite,13.934876,214.18329,200.24841,14.37030417210252,1437.030417210252
87,n04591713_5607_wine_bottle.jpg,z_plus,7.3166127,3.265962,4.0506506,0.5536237533417006,55.36237533417005
87,n04591713_5607_wine_bottle.jpg,epsilon,7.3166127,-649625100.0,649625100.0,88787682.59689309,8878768259.689308
87,n04591713_5607_wine_bottle.jpg,alpha_beta,7.3166127,5.7029986e+18,5.7029986e+18,7.794588568621213e+17,7.794588568621213e+19
87,n04591713_5607_wine_bottle.jpg,composite,7.3166127,273.03204,265.71542,36.316726564405414,3631.6726564405412
88,n02121808_5315_domestic_cat.jpg,z_plus,15.56292,3.8340876,11.728832,0.7536395826098218,75.36395826098217
88,n02121808_5315_domestic_cat.jpg,epsilon,15.56292,251984060.0,251984050.0,16191309.483692667,1619130948.3692667
88,n02121808_5315_domestic_cat.jpg,alpha_beta,15.56292,-2.1760063e+22,2.1760063e+22,1.3981992531155474e+21,1.3981992531155475e+23
88,n02121808_5315_domestic_cat.jpg,composite,15.56292,233.04855,217.48563,13.974603195493188,1397.4603195493187
89,n07734744_5110_mushroom.jpg,z_plus,14.970207,5.414628,9.555579,0.6383064073878915,63.83064073878914
89,n07734744_5110_mushroom.jpg,epsilon,14.970207,458822880.0,458822880.0,30649066.736322075,3064906673.6322074
89,n07734744_5110_mushroom.jpg,alpha_beta,14.970207,-3.5539006e+18,3.5539006e+18,2.373982224108574e+17,2.373982224108574e+19
89,n07734744_5110_mushroom.jpg,composite,14.970207,282.0737,267.1035,17.842337201147384,1784.2337201147384
90,n07739125_9099_apple.jpg,z_plus,15.980909,8.119934,7.8609753,0.49189786976821587,49.18978697682159
90,n07739125_9099_apple.jpg,epsilon,15.980909,-25924976.0,25924992.0,1622247.610232388,162224761.02323878
90,n07739125_9099_apple.jpg,alpha_beta,15.980909,-3.9979312e+18,3.9979312e+18,2.501691936864682e+17,2.501691936864682e+19
90,n07739125_9099_apple.jpg,composite,15.980909,773.48114,757.50024,47.400321697595096,4740.03216975951
91,n03271574_692_electric_fan.jpg,z_plus,20.060923,11.220404,8.840519,0.4406835676132032,44.068356761320324
91,n03271574_692_electric_fan.jpg,epsilon,20.060923,42616936.0,42616916.0,2124374.6760527054,212437467.60527053
91,n03271574_692_electric_fan.jpg,alpha_beta,20.060923,1.551733e+19,1.551733e+19,7.735102631401349e+17,7.735102631401349e+19
91,n03271574_692_electric_fan.jpg,composite,20.060923,2006.7344,1986.6735,99.03200860607073,9903.200860607074
92,n03950228_10344_pitcher.jpg,z_plus,11.393098,6.674985,4.718113,0.41412028544573604,41.4120285445736
92,n03950228_10344_pitcher.jpg,epsilon,11.393098,611426600.0,611426600.0,53666406.67185847,5366640667.185846
92,n03950228_10344_pitcher.jpg,alpha_beta,11.393098,4.987107e+18,4.987107e+18,4.377305602119035e+17,4.3773056021190345e+19
92,n03950228_10344_pitcher.jpg,composite,11.393098,429.54825,418.15515,36.70249793571963,3670.2497935719625
93,n04530566_8181_watercraft.jpg,z_plus,23.29513,11.728365,11.566765,0.4965314613942485,49.65314613942485
93,n04530566_8181_watercraft.jpg,epsilon,23.29513,68987690.0,68987660.0,2961462.9607305625,296146296.0730562
93,n04530566_8181_watercraft.jpg,alpha_beta,23.29513,2.0802592e+18,2.0802592e+18,8.930017785321314e+16,8.930017785321313e+18
93,n04530566_8181_watercraft.jpg,composite,23.29513,1751.3755,1728.0803,74.18204314842407,7418.204314842407
94,n03000684_3268_chain_saw.jpg,z_plus,12.61132,5.100844,7.5104756,0.5955344807465692,59.55344807465692
94,n03000684_3268_chain_saw.jpg,epsilon,12.61132,-109634776.0,109634790.0,8693364.054949513,869336405.4949512
94,n03000684_3268_chain_saw.jpg,alpha_beta,12.61132,1.0044844e+21,1.0044844e+21,7.964942967162521e+19,7.964942967162521e+21
94,n03000684_3268_chain_saw.jpg,composite,12.61132,418.72626,406.11493,32.20241369800615,3220.241369800615
95,n02355227_12248_squirrel.jpg,z_plus,12.7804985,2.4985788,10.2819195,0.804500659722608,80.4500659722608
95,n02355227_12248_squirrel.jpg,epsilon,12.7804985,80982940.0,80982930.0,6336445.167946373,633644516.7946373
95,n02355227_12248_squirrel.jpg,alpha_beta,12.7804985,-1.6166727e+19,1.6166727e+19,1.2649528096253862e+18,1.2649528096253862e+20
95,n02355227_12248_squirrel.jpg,composite,12.7804985,205.14706,192.36656,15.051569530310385,1505.1569530310385
96,n03001627_6675_chair.jpg,z_plus,14.730165,6.3795896,8.3505745,0.5669030021374599,56.69030021374599
96,n03001627_6675_chair.jpg,epsilon,14.730165,-264937220.0,264937230.0,17986033.454027504,1798603345.4027505
96,n03001627_6675_chair.jpg,alpha_beta,14.730165,-1.051743e+20,1.051743e+20,7.140063067055583e+18,7.140063067055583e+20
96,n03001627_6675_chair.jpg,composite,14.730165,1120.4469,1105.7167,75.06478781250783,7506.478781250783
97,n02970849_5009_cart.jpg,z_plus,14.406546,5.511764,8.894781,0.617412482833559,61.7412482833559
97,n02970849_5009_cart.jpg,epsilon,14.406546,-5222655000.0,5222655000.0,362519587.0330921,36251958703.30921
97,n02970849_5009_cart.jpg,alpha_beta,14.406546,1.7933729e+21,1.7933729e+21,1.2448320115469528e+20,1.2448320115469529e+22
97,n02970849_5009_cart.jpg,composite,14.406546,706.9395,692.53296,48.07071565162127,4807.071565162127
98,n02444819_7927_otter.jpg,z_plus,20.821182,6.6912894,14.129892,0.6786306453804662,67.86306453804663
98,n02444819_7927_otter.jpg,epsilon,20.821182,-124998320.0,124998344.0,6003422.019330043,600342201.9330044
98,n02444819_7927_otter.jpg,alpha_beta,20.821182,5.796361e+17,5.796361e+17,2.7838768526697796e+16,2.7838768526697795e+18
98,n02444819_7927_otter.jpg,composite,20.821182,889.54803,868.72687,41.72322479878935,4172.322479878935
99,n04023962_20755_punching_bag.jpg,z_plus,19.027588,9.896954,9.130634,0.47986294215885245,47.986294215885245
99,n04023962_20755_punching_bag.jpg,epsilon,19.027588,69749870.0,69749860.0,3665722.4445511787,366572244.4551179
99,n04023962_20755_punching_bag.jpg,alpha_beta,19.027588,2.6031408e+21,2.6031408e+21,1.3680876604495603e+20,1.3680876604495604e+22
99,n04023962_20755_punching_bag.jpg,composite,19.027588,1158.9382,1139.9106,59.90831055537954,5990.831055537954
100,n02777292_18680_balance_beam.jpg,z_plus,9.802216,6.4352026,3.367013,0.3434950956844335,34.349509568443345
100,n02777292_18680_balance_beam.jpg,epsilon,9.802216,3175992.0,3175982.2,324006.5702489203,32400657.02489203
100,n02777292_18680_balance_beam.jpg,alpha_beta,9.802216,3.8921256e+21,3.8921256e+21,3.970659091428626e+20,3.970659091428626e+22
100,n02777292_18680_balance_beam.jpg,composite,9.802216,592.08014,582.27795,59.402688047140536,5940.268804714054
101,n07753113_12066_fig.jpg,z_plus,8.291027,4.2113914,4.0796356,0.49205431192398924,49.205431192398926
101,n07753113_12066_fig.jpg,epsilon,8.291027,186909540.0,186909520.0,22543590.609447926,2254359060.9447927
101,n07753113_12066_fig.jpg,alpha_beta,8.291027,2.8999006e+18,2.8999006e+18,3.4976373807133696e+17,3.4976373807133696e+19
101,n07753113_12066_fig.jpg,composite,8.291027,252.87538,244.58435,29.499885661720498,2949.98856617205
102,n04039381_8917_racket.jpg,z_plus,11.006536,3.854002,7.1525335,0.6498442230968221,64.98442230968222
102,n04039381_8917_racket.jpg,epsilon,11.006536,2551807200.0,2551807200.0,231844727.59769598,23184472759.769596
102,n04039381_8917_racket.jpg,alpha_beta,11.006536,9.956315e+23,9.956315e+23,9.045821179584644e+22,9.045821179584643e+24
102,n04039381_8917_racket.jpg,composite,11.006536,731.58496,720.5784,65.46823277318754,6546.823277318754
103,n03961711_9189_plate_rack.jpg,z_plus,9.912432,6.3656497,3.546782,0.35781149547214997,35.781149547214994
103,n03961711_9189_plate_rack.jpg,epsilon,9.912432,-75359656.0,75359660.0,7602540.541466782,760254054.1466782
103,n03961711_9189_plate_rack.jpg,alpha_beta,9.912432,-9.866218e+19,9.866218e+19,9.953377802311315e+18,9.953377802311315e+20
103,n03961711_9189_plate_rack.jpg,composite,9.912432,478.9078,468.99536,47.313855436735125,4731.385543673512
104,n01982650_8073_lobster.jpg,z_plus,11.155275,3.3887253,7.76655,0.6962221750068399,69.62221750068399
104,n01982650_8073_lobster.jpg,epsilon,11.155275,121588590.0,121588584.0,10899648.841500666,1089964884.1500666
104,n01982650_8073_lobster.jpg,alpha_beta,11.155275,5.884543e+19,5.884543e+19,5.27512136506002e+18,5.2751213650600205e+20
104,n01982650_8073_lobster.jpg,composite,11.155275,202.66179,191.50652,17.16734993674519,1716.734993674519
105,n03838899_34130_oboe.jpg,z_plus,18.681696,3.3357766,15.34592,0.8214414611546568,82.14414611546567
105,n03838899_34130_oboe.jpg,epsilon,18.681696,-373814880.0,373814900.0,20009688.264833283,2000968826.4833283
105,n03838899_34130_oboe.jpg,alpha_beta,18.681696,1.6461978e+20,1.6461978e+20,8.811821937829399e+18,8.811821937829398e+20
105,n03838899_34130_oboe.jpg,composite,18.681696,191.67647,172.99477,9.260121072476347,926.0121072476346
106,n07693725_1357_bagel.jpg,z_plus,19.068363,9.115581,9.952783,0.5219526464534721,52.19526464534721
106,n07693725_1357_bagel.jpg,epsilon,19.068363,-26238574.0,26238594.0,1376027.598047892,137602759.80478922
106,n07693725_1357_bagel.jpg,alpha_beta,19.068363,4.827053e+19,4.827053e+19,2.53144595062846e+18,2.53144595062846e+20
106,n07693725_1357_bagel.jpg,composite,19.068363,1010.13947,991.0711,51.974629182673496,5197.46291826735
107,n02391049_2847_zebra.jpg,z_plus,19.301903,8.225905,11.075997,0.5738292998071444,57.38292998071444
107,n02391049_2847_zebra.jpg,epsilon,19.301903,389805300.0,389805280.0,20195173.740360133,2019517374.0360134
107,n02391049_2847_zebra.jpg,alpha_beta,19.301903,9.540316e+20,9.540316e+20,4.942681448599037e+19,4.942681448599037e+21
107,n02391049_2847_zebra.jpg,composite,19.301903,787.3098,768.00793,39.78923444193111,3978.9234441931108
108,n03633091_11227_ladle.jpg,z_plus,16.746578,4.246076,12.500502,0.7464510940860846,74.64510940860846
108,n03633091_11227_ladle.jpg,epsilon,16.746578,-19007248.0,19007264.0,1134993.8926674437,113499389.26674438
108,n03633091_11227_ladle.jpg,alpha_beta,16.746578,-1.8560146e+19,1.8560146e+19,1.108294796875072e+18,1.108294796875072e+20
108,n03633091_11227_ladle.jpg,composite,16.746578,370.24167,353.4951,21.10849643895671,2110.849643895671
109,n04252077_1991_snowmobile.jpg,z_plus,13.897253,5.7255206,8.171732,0.5880105893447227,58.80105893447227
109,n04252077_1991_snowmobile.jpg,epsilon,13.897253,-749240100.0,749240100.0,53912821.90648194,5391282190.648193
109,n04252077_1991_snowmobile.jpg,alpha_beta,13.897253,7.046817e+21,7.046817e+21,5.070654769564364e+20,5.0706547695643645e+22
109,n04252077_1991_snowmobile.jpg,composite,13.897253,186.01436,172.11711,12.384973544169505,1238.4973544169504
110,n07873807_9267_pizza.jpg,z_plus,17.323042,9.353248,7.9697943,0.4600689827809205,46.00689827809205
110,n07873807_9267_pizza.jpg,epsilon,17.323042,612011500.0,612011500.0,35329333.20464704,3532933320.464704
110,n07873807_9267_pizza.jpg,alpha_beta,17.323042,1.5918043e+19,1.5918043e+19,9.188942293190323e+17,9.188942293190323e+19
110,n07873807_9267_pizza.jpg,composite,17.323042,1020.9095,1003.5864,57.93361411903906,5793.361411903907
111,n02355227_12611_squirrel.jpg,z_plus,15.215725,8.114015,7.1017103,0.46673493012596007,46.673493012596005
111,n02355227_12611_squirrel.jpg,epsilon,15.215725,190385870.0,190385860.0,12512440.693743903,1251244069.3743904
111,n02355227_12611_squirrel.jpg,alpha_beta,15.215725,-3.2357475e+19,3.2357475e+19,2.1265812198861233e+18,2.1265812198861233e+20
111,n02355227_12611_squirrel.jpg,composite,15.215725,636.3735,621.1578,40.823409865818405,4082.3409865818403
112,n03337140_6179_filing_cabinet.jpg,z_plus,13.8528805,5.565322,8.287559,0.5982552558814795,59.825525588147954
112,n03337140_6179_filing_cabinet.jpg,epsilon,13.8528805,-91305336.0,91305350.0,6591073.3972646985,659107339.7264699
112,n03337140_6179_filing_cabinet.jpg,alpha_beta,13.8528805,-1.7230719e+21,1.7230719e+21,1.2438365234084228e+20,1.2438365234084228e+22
112,n03337140_6179_filing_cabinet.jpg,composite,13.8528805,247.83557,233.9827,16.890544669717215,1689.0544669717215
113,n03062245_2732_cocktail_shaker.jpg,z_plus,23.383684,7.5507526,15.8329315,0.6770931137572974,67.70931137572974
113,n03062245_2732_cocktail_shaker.jpg,epsilon,23.383684,-596074600.0,596074600.0,25491048.371104985,2549104837.1104984
113,n03062245_2732_cocktail_shaker.jpg,alpha_beta,23.383684,3.5161436e+19,3.5161436e+19,1.5036739307930885e+18,1.5036739307930885e+20
113,n03062245_2732_cocktail_shaker.jpg,composite,23.383684,990.6489,967.26526,41.36496422884356,4136.496422884356
114,n02786058_2393_band_aid.jpg,z_plus,17.753506,7.2972803,10.456225,0.5889667971670681,58.896679716706814
114,n02786058_2393_band_aid.jpg,epsilon,17.753506,-1088351600.0,1088351600.0,61303476.27751195,6130347627.751195
114,n02786058_2393_band_aid.jpg,alpha_beta,17.753506,-7.0313936e+19,7.0313936e+19,3.9605662610737925e+18,3.960566261073792e+20
114,n02786058_2393_band_aid.jpg,composite,17.753506,284.3406,266.5871,15.016025654642243,1501.6025654642244
115,n03958227_1109_plastic_bag.jpg,z_plus,16.36944,5.326538,11.042902,0.6746047475666855,67.46047475666856
115,n03958227_1109_plastic_bag.jpg,epsilon,16.36944,274606720.0,274606700.0,16775570.004984533,1677557000.4984534
115,n03958227_1109_plastic_bag.jpg,alpha_beta,16.36944,3.7575263e+21,3.7575263e+21,2.2954519262253413e+20,2.295451926225341e+22
115,n03958227_1109_plastic_bag.jpg,composite,16.36944,333.12616,316.7567,19.350491667660545,1935.0491667660544
116,n04070727_39078_refrigerator.jpg,z_plus,9.782897,6.2593923,3.5235047,0.36016986944500157,36.016986944500154
116,n04070727_39078_refrigerator.jpg,epsilon,9.782897,2314633.5,2314623.8,236599.01058117894,23659901.058117893
116,n04070727_39078_refrigerator.jpg,alpha_beta,9.782897,-2.2761018e+16,2.2761018e+16,2326613285606315.5,2.3266132856063155e+17
116,n04070727_39078_refrigerator.jpg,composite,9.782897,504.9393,495.1564,50.6144961725338,5061.44961725338
117,n03720891_10274_maraca.jpg,z_plus,19.968637,8.760784,11.207853,0.5612728127064766,56.12728127064766
117,n03720891_10274_maraca.jpg,epsilon,19.968637,-32601133000.0,32601133000.0,1632616802.6823685,163261680268.23685
117,n03720891_10274_maraca.jpg,alpha_beta,19.968637,1.09984e+23,1.09984e+23,5.507837024617707e+21,5.5078370246177074e+23
117,n03720891_10274_maraca.jpg,composite,19.968637,493.28244,473.3138,23.702859698256617,2370.2859698256616
118,n02454379_6001_armadillo.jpg,z_plus,17.948105,6.495614,11.452491,0.6380891406806413,63.80891406806413
118,n02454379_6001_armadillo.jpg,epsilon,17.948105,-143615740.0,143615760.0,8001722.807229773,800172280.7229773
118,n02454379_6001_armadillo.jpg,alpha_beta,17.948105,2.837359e+21,2.837359e+21,1.5808682784968786e+20,1.5808682784968787e+22
118,n02454379_6001_armadillo.jpg,composite,17.948105,136.61046,118.66235,6.611414098881199,661.1414098881199
119,n04070727_16103_refrigerator.jpg,z_plus,18.2965,5.7785506,12.517948,0.6841717629870517,68.41717629870517
119,n04070727_16103_refrigerator.jpg,epsilon,18.2965,-163980400.0,163980420.0,8962392.954501983,896239295.4501983
119,n04070727_16103_refrigerator.jpg,alpha_beta,18.2965,9.763651e+18,9.763651e+18,5.3363493337402566e+17,5.3363493337402565e+19
119,n04070727_16103_refrigerator.jpg,composite,18.2965,329.4218,311.1253,17.004635743055445,1700.4635743055446
120,n02880940_18435_bowl.jpg,z_plus,17.083395,6.5064416,10.576954,0.6191365290491193,61.91365290491193
120,n02880940_18435_bowl.jpg,epsilon,17.083395,43027630.0,43027616.0,2518680.6244730838,251868062.44730836
120,n02880940_18435_bowl.jpg,alpha_beta,17.083395,-8.239579e+19,8.239579e+19,4.823150882777135e+18,4.823150882777135e+20
120,n02880940_18435_bowl.jpg,composite,17.083395,1265.6053,1248.522,73.08394919574931,7308.394919574931
121,n04540053_735_volleyball.jpg,z_plus,23.823158,14.916088,8.90707,0.3738828437763489,37.38828437763489
121,n04540053_735_volleyball.jpg,epsilon,23.823158,1393657300.0,1393657300.0,58500108.52835304,5850010852.835304
121,n04540053_735_volleyball.jpg,alpha_beta,23.823158,4.7564078e+20,4.7564078e+20,1.9965479522645815e+19,1.9965479522645815e+21
121,n04540053_735_volleyball.jpg,composite,23.823158,5789.2725,5765.449,242.01028069320265,24201.028069320266
122,n04332243_12542_strainer.jpg,z_plus,16.792212,9.681787,7.110425,0.4234358875957451,42.34358875957451
122,n04332243_12542_strainer.jpg,epsilon,16.792212,-97318760.0,97318776.0,5795471.061409276,579547106.1409276
122,n04332243_12542_strainer.jpg,alpha_beta,16.792212,2.7522727e+19,2.7522727e+19,1.639017381468892e+18,1.639017381468892e+20
122,n04332243_12542_strainer.jpg,composite,16.792212,1360.9329,1344.1406,80.04547955527183,8004.547955527182
123,n04336792_7621_stretcher.jpg,z_plus,17.637943,6.8494945,10.788448,0.6116613580910224,61.166135809102244
123,n04336792_7621_stretcher.jpg,epsilon,17.637943,73080020.0,73080000.0,4143340.2345260945,414334023.4526095
123,n04336792_7621_stretcher.jpg,alpha_beta,17.637943,3.272949e+17,3.272949e+17,1.8556295676138732e+16,1.8556295676138732e+18
123,n04336792_7621_stretcher.jpg,composite,17.637943,1632.417,1614.779,91.5514370424777,9155.14370424777
124,n01882714_14215_koala_bear.jpg,z_plus,24.301556,11.645531,12.656025,0.5207907313913128,52.07907313913128
124,n01882714_14215_koala_bear.jpg,epsilon,24.301556,-579745300.0,579745300.0,23856303.222658135,2385630322.2658134
124,n01882714_14215_koala_bear.jpg,alpha_beta,24.301556,-1.883441e+18,1.883441e+18,7.750289916228821e+16,7.750289916228821e+18
124,n01882714_14215_koala_bear.jpg,composite,24.301556,3602.7642,3578.4626,147.25241051636843,14725.241051636844
125,n02503517_9218_elephant.jpg,z_plus,21.324844,9.11448,12.210364,0.572588673325349,57.258867332534905
125,n02503517_9218_elephant.jpg,epsilon,21.324844,-309194940.0,309194980.0,14499284.063257908,1449928406.325791
125,n02503517_9218_elephant.jpg,alpha_beta,21.324844,-4.5668114e+19,4.5668114e+19,2.1415450228266975e+18,2.1415450228266975e+20
125,n02503517_9218_elephant.jpg,composite,21.324844,387.47607,366.15125,17.170171979345735,1717.0171979345735
126,n04509417_2993_unicycle.jpg,z_plus,13.949741,8.078958,5.870784,0.42085251994540535,42.085251994540535
126,n04509417_2993_unicycle.jpg,epsilon,13.949741,35634296.0,35634284.0,2554476.3210176104,255447632.10176104
126,n04509417_2993_unicycle.jpg,alpha_beta,13.949741,-8.550767e+17,8.550767e+17,6.1296958958568264e+16,6.129695895856826e+18
126,n04509417_2993_unicycle.jpg,composite,13.949741,338.0229,324.07315,23.231480940492084,2323.1480940492083
127,n07753592_862_banana.jpg,z_plus,11.302669,5.665337,5.6373315,0.49876110668927365,49.87611066892737
127,n07753592_862_banana.jpg,epsilon,11.302669,-357808480.0,357808480.0,31656991.241117015,3165699124.1117015
127,n07753592_862_banana.jpg,alpha_beta,11.302669,-1.038195e+19,1.038195e+19,9.185397645005658e+17,9.185397645005657e+19
127,n07753592_862_banana.jpg,composite,11.302669,179.83833,168.53566,14.911138790755166,1491.1138790755165
128,n04409515_6040_tennis_ball.jpg,z_plus,14.763244,7.878928,6.8843155,0.4663145607903263,46.63145607903263
128,n04409515_6040_tennis_ball.jpg,epsilon,14.763244,817360300.0,817360300.0,55364548.46409588,5536454846.409588
128,n04409515_6040_tennis_ball.jpg,alpha_beta,14.763244,7.70139e+17,7.70139e+17,5.216597290619853e+16,5.216597290619853e+18
128,n04409515_6040_tennis_ball.jpg,composite,14.763244,315.98828,301.22504,20.40371636661736,2040.371636661736
129,n02870880_2338_bookshelf.jpg,z_plus,16.417559,9.7722845,6.645274,0.404766280751164,40.4766280751164
129,n02870880_2338_bookshelf.jpg,epsilon,16.417559,919199800.0,919199800.0,55988824.3080389,5598882430.80389
129,n02870880_2338_bookshelf.jpg,alpha_beta,16.417559,-5.340987e+18,5.340987e+18,3.253216413198459e+17,3.253216413198459e+19
129,n02870880_2338_bookshelf.jpg,composite,16.417559,481.3478,464.93024,28.31908483667643,2831.908483667643
130,n03124170_1312_hat_with_a_wide_brim.jpg,z_plus,10.803566,3.9922602,6.811306,0.6304683113300519,63.046831133005185
130,n03124170_1312_hat_with_a_wide_brim.jpg,epsilon,10.803566,-129437530.0,129437540.0,11981001.110149484,1198100111.0149484
130,n03124170_1312_hat_with_a_wide_brim.jpg,alpha_beta,10.803566,-6.1533645e+19,6.1533645e+19,5.695679092888436e+18,5.6956790928884354e+20
130,n03124170_1312_hat_with_a_wide_brim.jpg,composite,10.803566,756.7987,745.9951,69.05082253102788,6905.082253102788
131,n02777292_4842_balance_beam.jpg,z_plus,17.064373,4.73906,12.325314,0.7222834120877607,72.22834120877607
131,n02777292_4842_balance_beam.jpg,epsilon,17.064373,69253704.0,69253690.0,4058378.70102564,405837870.10256404
131,n02777292_4842_balance_beam.jpg,alpha_beta,17.064373,4.25618e+20,4.25618e+20,2.4941906461603185e+19,2.4941906461603183e+21
131,n02777292_4842_balance_beam.jpg,composite,17.064373,183.7448,166.68042,9.767743576182504,976.7743576182504
132,n01944390_7154_snail.jpg,z_plus,20.973532,8.499732,12.4738,0.5947400690375026,59.474006903750265
132,n01944390_7154_snail.jpg,epsilon,20.973532,-183747170.0,183747180.0,8760908.101592705,876090810.1592705
132,n01944390_7154_snail.jpg,alpha_beta,20.973532,1.5730512e+18,1.5730512e+18,7.500173268244518e+16,7.500173268244519e+18
132,n01944390_7154_snail.jpg,composite,20.973532,1264.2533,1243.2798,59.27851358158408,5927.8513581584075
133,n02445715_13210_skunk.jpg,z_plus,16.831985,18.925444,2.0934582,0.12437381073160939,12.437381073160939
133,n02445715_13210_skunk.jpg,epsilon,16.831985,51343340.0,51343324.0,3050342.6988680935,305034269.88680935
133,n02445715_13210_skunk.jpg,alpha_beta,16.831985,-3.195087e+21,3.195087e+21,1.8982234289754954e+20,1.8982234289754956e+22
133,n02445715_13210_skunk.jpg,composite,16.831985,3895.7021,3878.87,230.44637978290064,23044.637978290062
134,n03761084_13411_microwave.jpg,z_plus,18.956326,5.3580713,13.598254,0.7173465227128061,71.73465227128061
134,n03761084_13411_microwave.jpg,epsilon,18.956326,1826936700.0,1826936700.0,96376098.88664341,9637609888.664341
134,n03761084_13411_microwave.jpg,alpha_beta,18.956326,-1.3356052e+20,1.3356052e+20,7.045696611323398e+18,7.045696611323398e+20
134,n03761084_13411_microwave.jpg,composite,18.956326,295.64514,276.6888,14.59612052919739,1459.612052919739
135,n04154565_1120_screwdriver.jpg,z_plus,22.376415,12.923907,9.452508,0.42243173741425777,42.24317374142578
135,n04154565_1120_screwdriver.jpg,epsilon,22.376415,-40832412.0,40832436.0,1824797.9194645407,182479791.94645408
135,n04154565_1120_screwdriver.jpg,alpha_beta,22.376415,5.392287e+18,5.392287e+18,2.4098082674157926e+17,2.409808267415793e+19
135,n04154565_1120_screwdriver.jpg,composite,22.376415,3944.1663,3921.7898,175.2644358115373,17526.44358115373
136,n02870880_1312_bookshelf.jpg,z_plus,23.713587,5.0179744,18.695612,0.7883924142268661,78.83924142268661
136,n02870880_1312_bookshelf.jpg,epsilon,23.713587,64411530.0,64411504.0,2716227.811542557,271622781.1542557
136,n02870880_1312_bookshelf.jpg,alpha_beta,23.713587,6.52584e+21,6.52584e+21,2.7519414607194446e+20,2.751941460719445e+22
136,n02870880_1312_bookshelf.jpg,composite,23.713587,516.5608,492.8472,20.783325714136396,2078.3325714136395
137,n02445715_1874_skunk.jpg,z_plus,17.363462,7.6422696,9.721193,0.559864908400873,55.9864908400873
137,n02445715_1874_skunk.jpg,epsilon,17.363462,391403500.0,391403460.0,22541786.072157178,2254178607.215718
137,n02445715_1874_skunk.jpg,alpha_beta,17.363462,3.8337288e+18,3.8337288e+18,2.207928733368503e+17,2.207928733368503e+19
137,n02445715_1874_skunk.jpg,composite,17.363462,1105.0013,1087.638,62.63946160739619,6263.94616073962
138,n03995372_2270_power_drill.jpg,z_plus,23.902027,8.847252,15.054775,0.6298534913146211,62.98534913146211
138,n03995372_2270_power_drill.jpg,epsilon,23.902027,-2311631600.0,2311631600.0,96712785.20931916,9671278520.931915
138,n03995372_2270_power_drill.jpg,alpha_beta,23.902027,2.0151475e+21,2.0151475e+21,8.43086431188792e+19,8.43086431188792e+21
138,n03995372_2270_power_drill.jpg,composite,23.902027,745.64606,721.744,30.19593336561735,3019.5933365617348
139,n03481172_10708_hammer.jpg,z_plus,12.349433,5.3405924,7.0088406,0.567543513246132,56.7543513246132
139,n03481172_10708_hammer.jpg,epsilon,12.349433,-95341976.0,95341990.0,7720353.8344600685,772035383.4460069
139,n03481172_10708_hammer.jpg,alpha_beta,12.349433,-1.6544332e+18,1.6544332e+18,1.3396835541921653e+17,1.3396835541921653e+19
139,n03481172_10708_hammer.jpg,composite,12.349433,157.78455,145.43512,11.776663775728382,1177.6663775728382
140,n03110669_126388_trumpet.jpg,z_plus,10.747669,5.4491,5.298569,0.4929970483353359,49.29970483353359
140,n03110669_126388_trumpet.jpg,epsilon,10.747669,83873930.0,83873920.0,7803917.135479604,780391713.5479604
140,n03110669_126388_trumpet.jpg,alpha_beta,10.747669,3.661747e+19,3.661747e+19,3.407014878719748e+18,3.4070148787197483e+20
140,n03110669_126388_trumpet.jpg,composite,10.747669,696.50867,685.761,63.80555376509706,6380.555376509706
141,n03958227_3676_plastic_bag.jpg,z_plus,11.346133,5.250638,6.095495,0.5372310635492719,53.72310635492718
141,n03958227_3676_plastic_bag.jpg,epsilon,11.346133,135964780.0,135964770.0,11983357.255417269,1198335725.5417268
141,n03958227_3676_plastic_bag.jpg,alpha_beta,11.346133,-1.7993965e+19,1.7993965e+19,1.5859116771933573e+18,1.5859116771933572e+20
141,n03958227_3676_plastic_bag.jpg,composite,11.346133,849.90436,838.5582,73.90696110385059,7390.696110385059
142,n03314780_8491_face_powder.jpg,z_plus,17.04983,16.099407,0.9504223,0.05574380012875842,5.574380012875841
142,n03314780_8491_face_powder.jpg,epsilon,17.04983,-315135740.0,315135780.0,18483221.565068197,1848322156.5068197
142,n03314780_8491_face_powder.jpg,alpha_beta,17.04983,1.3513625e+19,1.3513625e+19,7.925958813635564e+17,7.925958813635563e+19
142,n03314780_8491_face_powder.jpg,composite,17.04983,3537.0396,3519.9897,206.45307622521068,20645.307622521068
143,n02317335_14997_starfish.jpg,z_plus,13.656942,8.692376,4.964566,0.3635196002734308,36.351960027343075
143,n02317335_14997_starfish.jpg,epsilon,13.656942,-64796228.0,64796240.0,4744564.211473787,474456421.14737874
143,n02317335_14997_starfish.jpg,alpha_beta,13.656942,3.8726036e+18,3.8726036e+18,2.835630072659749e+17,2.8356300726597493e+19
143,n02317335_14997_starfish.jpg,composite,13.656942,461.79437,448.13742,32.81389117421861,3281.389117421861
144,n02777292_15460_balance_beam.jpg,z_plus,9.836696,6.515715,3.3209805,0.33761139508302895,33.7611395083029
144,n02777292_15460_balance_beam.jpg,epsilon,9.836696,-84164470.0,84164480.0,8556174.02486845,855617402.4868449
144,n02777292_15460_balance_beam.jpg,alpha_beta,9.836696,2.3185073e+23,2.3185073e+23,2.356998110747921e+22,2.3569981107479212e+24
144,n02777292_15460_balance_beam.jpg,composite,9.836696,861.1944,851.3577,86.54915791154343,8654.915791154343
145,n07873807_12105_pizza.jpg,z_plus,14.958398,7.6660132,7.2923846,0.48751107502712987,48.75110750271298
145,n07873807_12105_pizza.jpg,epsilon,14.958398,72099520.0,72099500.0,4820001.757170544,482000175.7170544
145,n07873807_12105_pizza.jpg,alpha_beta,14.958398,-6.389561e+18,6.389561e+18,4.271554476142255e+17,4.2715544761422545e+19
145,n07873807_12105_pizza.jpg,composite,14.958398,737.2058,722.24744,48.28374288337531,4828.374288337531
146,n02691156_433_airplane.jpg,z_plus,22.28454,9.970228,12.314312,0.5525943942830127,55.25943942830127
146,n02691156_433_airplane.jpg,epsilon,22.28454,-4423608300.0,4423608300.0,198505703.2717191,19850570327.17191
146,n02691156_433_airplane.jpg,alpha_beta,22.28454,-1.7461293e+21,1.7461293e+21,7.835608455177452e+19,7.835608455177452e+21
146,n02691156_433_airplane.jpg,composite,22.28454,2278.3208,2256.0364,101.2377351739996,10123.773517399959
147,n04254680_5654_soccer_ball.jpg,z_plus,21.940386,12.103818,9.836568,0.44833158175317944,44.83315817531795
147,n04254680_5654_soccer_ball.jpg,epsilon,21.940386,-17984480.0,17984502.0,819698.5298239873,81969852.98239873
147,n04254680_5654_soccer_ball.jpg,alpha_beta,21.940386,3.6528295e+20,3.6528295e+20,1.6648884744463266e+19,1.6648884744463267e+21
147,n04254680_5654_soccer_ball.jpg,composite,21.940386,923.8282,901.8878,41.10628795697852,4110.628795697852
148,n07753113_7675_fig.jpg,z_plus,13.797034,4.4251423,9.371892,0.6792685874124106,67.92685874124106
148,n07753113_7675_fig.jpg,epsilon,13.797034,-693373300.0,693373300.0,50255243.17051896,5025524317.051896
148,n07753113_7675_fig.jpg,alpha_beta,13.797034,-8.900325e+20,8.900325e+20,6.450897451183016e+19,6.450897451183017e+21
148,n07753113_7675_fig.jpg,composite,13.797034,277.35892,263.5619,19.102793005629426,1910.2793005629426
149,n03636649_2054_lamp.jpg,z_plus,18.826532,12.73244,6.0940924,0.3236970171120877,32.36970171120877
149,n03636649_2054_lamp.jpg,epsilon,18.826532,-116326184.0,116326200.0,6178843.652425834,617884365.2425834
149,n03636649_2054_lamp.jpg,alpha_beta,18.826532,8.249888e+16,8.249888e+16,4382054075271462.5,4.3820540752714624e+17
149,n03636649_2054_lamp.jpg,composite,18.826532,2468.4202,2449.5938,130.11391065133645,13011.391065133645
150,n02769748_46333_backpack.jpg,z_plus,14.932478,9.606434,5.326044,0.35667516802932814,35.667516802932816
150,n02769748_46333_backpack.jpg,epsilon,14.932478,466813280.0,466813280.0,31261608.521974735,3126160852.1974735
150,n02769748_46333_backpack.jpg,alpha_beta,14.932478,-4.035959e+17,4.035959e+17,2.7028060140962776e+16,2.7028060140962775e+18
150,n02769748_46333_backpack.jpg,composite,14.932478,1546.9279,1531.9954,102.59485172170139,10259.485172170138
151,n04254680_8751_soccer_ball.jpg,z_plus,19.224562,4.912546,14.312016,0.744465115123609,74.4465115123609
151,n04254680_8751_soccer_ball.jpg,epsilon,19.224562,83390340.0,83390320.0,4337696.813835235,433769681.3835235
151,n04254680_8751_soccer_ball.jpg,alpha_beta,19.224562,-1.7252494e+19,1.7252494e+19,8.97419374349751e+17,8.974193743497511e+19
151,n04254680_8751_soccer_ball.jpg,composite,19.224562,223.35262,204.12805,10.618086124675589,1061.808612467559
152,n03790512_6395_motorcycle.jpg,z_plus,15.762992,7.138134,8.624858,0.5471586836968232,54.71586836968232
152,n03790512_6395_motorcycle.jpg,epsilon,15.762992,23482640.0,23482624.0,1489731.399960003,148973139.99600032
152,n03790512_6395_motorcycle.jpg,alpha_beta,15.762992,-8.146371e+19,8.146371e+19,5.168036257844311e+18,5.168036257844311e+20
152,n03790512_6395_motorcycle.jpg,composite,15.762992,1869.2979,1853.5349,117.58776018776439,11758.77601877644
153,n03196217_5430_digital_clock.jpg,z_plus,11.013442,3.0390217,7.9744205,0.7240625154396095,72.40625154396095
153,n03196217_5430_digital_clock.jpg,epsilon,11.013442,457288830.0,457288830.0,41520973.217893764,4152097321.7893763
153,n03196217_5430_digital_clock.jpg,alpha_beta,11.013442,-8.696817e+21,8.696817e+21,7.896547478934588e+20,7.896547478934588e+22
153,n03196217_5430_digital_clock.jpg,composite,11.013442,76.16102,65.147575,5.915278360653268,591.5278360653268
154,n03790512_5722_motorcycle.jpg,z_plus,13.566561,6.190099,7.376462,0.5437238015369412,54.372380153694124
154,n03790512_5722_motorcycle.jpg,epsilon,13.566561,231986380.0,231986370.0,17099865.79054741,1709986579.054741
154,n03790512_5722_motorcycle.jpg,alpha_beta,13.566561,-2.5727075e+19,2.5727075e+19,1.8963593674434463e+18,1.8963593674434462e+20
154,n03790512_5722_motorcycle.jpg,composite,13.566561,176.09987,162.53331,11.98043579184789,1198.043579184789
155,n03110669_8565_trumpet.jpg,z_plus,20.861032,14.455031,6.406001,0.3070797715792423,30.707977157924233
155,n03110669_8565_trumpet.jpg,epsilon,20.861032,-12382499.0,12382520.0,593571.7710875068,59357177.10875068
155,n03110669_8565_trumpet.jpg,alpha_beta,20.861032,-6793567000000000.0,6793567000000000.0,325658243859622.94,3.2565824385962292e+16
155,n03110669_8565_trumpet.jpg,composite,20.861032,959.10254,938.2415,44.97579478387177,4497.579478387177
156,n07714571_1112_head_cabbage.jpg,z_plus,30.177732,10.248432,19.9293,0.6603975407671898,66.03975407671898
156,n07714571_1112_head_cabbage.jpg,epsilon,30.177732,-49064692.0,49064724.0,1625858.5382771366,162585853.82771367
156,n07714571_1112_head_cabbage.jpg,alpha_beta,30.177732,-2.5986394e+19,2.5986394e+19,8.611115629554675e+17,8.611115629554675e+19
156,n07714571_1112_head_cabbage.jpg,composite,30.177732,1371.9896,1341.8119,44.4636418936483,4446.36418936483
157,n04591157_197_tie.jpg,z_plus,19.844603,9.529803,10.314799,0.5197785777850502,51.97785777850502
157,n04591157_197_tie.jpg,epsilon,19.844603,-3392010.0,3392029.8,170929.58830128232,17092958.83012823
157,n04591157_197_tie.jpg,alpha_beta,19.844603,1.293527e+19,1.293527e+19,6.518281462032928e+17,6.518281462032928e+19
157,n04591157_197_tie.jpg,composite,19.844603,837.1192,817.2746,41.18372205403483,4118.372205403483
158,n02274259_1690_butterfly.jpg,z_plus,7.8364882,4.5935493,3.242939,0.41382554184561265,41.382554184561265
158,n02274259_1690_butterfly.jpg,epsilon,7.8364882,88941976.0,88941970.0,11349722.62909132,1134972262.909132
158,n02274259_1690_butterfly.jpg,alpha_beta,7.8364882,-5.2509657e+18,5.2509657e+18,6.700661766080762e+17,6.700661766080762e+19
158,n02274259_1690_butterfly.jpg,composite,7.8364882,112.22413,104.38764,13.320716959471698,1332.0716959471697
159,n03494278_29099_harmonica.jpg,z_plus,14.946416,2.8177946,12.128621,0.811473545280315,81.1473545280315
159,n03494278_29099_harmonica.jpg,epsilon,14.946416,87114340.0,87114320.0,5828442.120847862,582844212.0847862
159,n03494278_29099_harmonica.jpg,alpha_beta,14.946416,1.9485066e+19,1.9485066e+19,1.303661413404752e+18,1.303661413404752e+20
159,n03494278_29099_harmonica.jpg,composite,14.946416,112.23851,97.29209,6.509392753844877,650.9392753844877
160,n03476991_14651_hair_spray.jpg,z_plus,20.65426,8.536846,12.117414,0.5866786852271194,58.66786852271194
160,n03476991_14651_hair_spray.jpg,epsilon,20.65426,64896856.0,64896836.0,3142055.634066351,314205563.4066351
160,n03476991_14651_hair_spray.jpg,alpha_beta,20.65426,-3.10121e+20,3.10121e+20,1.5014868225477302e+19,1.5014868225477302e+21
160,n03476991_14651_hair_spray.jpg,composite,20.65426,695.9646,675.31036,32.6959350256375,3269.5935025637505
161,n02084071_35839_dog.jpg,z_plus,16.92631,7.9146504,9.01166,0.532405458856897,53.240545885689706
161,n02084071_35839_dog.jpg,epsilon,16.92631,45810190.0,45810176.0,2706447.9569925927,270644795.6992593
161,n02084071_35839_dog.jpg,alpha_beta,16.92631,-3.0950318e+18,3.0950318e+18,1.8285331234615744e+17,1.8285331234615745e+19
161,n02084071_35839_dog.jpg,composite,16.92631,363.50888,346.58258,20.475968420273496,2047.5968420273496
162,n04270147_7710_spatula.jpg,z_plus,16.038261,4.4124417,11.62582,0.7248803258280567,72.48803258280567
162,n04270147_7710_spatula.jpg,epsilon,16.038261,2661028.0,2661012.0,165916.4875303689,16591648.75303689
162,n04270147_7710_spatula.jpg,alpha_beta,16.038261,-2.4879716e+25,2.4879716e+25,1.551272652985744e+24,1.551272652985744e+26
162,n04270147_7710_spatula.jpg,composite,16.038261,268.97897,252.9407,15.77108003214438,1577.108003214438
163,n01776313_4044_tick.jpg,z_plus,20.833284,5.7891326,15.044151,0.7221209595391261,72.21209595391261
163,n01776313_4044_tick.jpg,epsilon,20.833284,14447644.0,14447623.0,693487.5335608313,69348753.35608314
163,n01776313_4044_tick.jpg,alpha_beta,20.833284,-8.7777906e+18,8.7777906e+18,4.2133493653445574e+17,4.2133493653445575e+19
163,n01776313_4044_tick.jpg,composite,20.833284,431.42917,410.5959,19.708648850554276,1970.8648850554275
164,n02129604_7580_tiger.jpg,z_plus,15.426998,7.2933407,8.133657,0.527235265210582,52.7235265210582
164,n02129604_7580_tiger.jpg,epsilon,15.426998,-21634144.0,21634160.0,1402357.075853159,140235707.58531588
164,n02129604_7580_tiger.jpg,alpha_beta,15.426998,-2.3971074e+18,2.3971074e+18,1.553839185340271e+17,1.553839185340271e+19
164,n02129604_7580_tiger.jpg,composite,15.426998,656.58636,641.15936,41.56086342905027,4156.086342905027
165,n02342885_1420_hamster.jpg,z_plus,10.76876,3.7095242,7.0592356,0.6555291185619794,65.55291185619794
165,n02342885_1420_hamster.jpg,epsilon,10.76876,-125711170.0,125711176.0,11673691.229971109,1167369122.9971108
165,n02342885_1420_hamster.jpg,alpha_beta,10.76876,9.7074685e+19,9.7074685e+19,9.014472213636417e+18,9.014472213636417e+20
165,n02342885_1420_hamster.jpg,composite,10.76876,355.78458,345.0158,32.038583532797475,3203.8583532797475
166,n03928116_26188_piano.jpg,z_plus,9.754552,5.0368924,4.7176595,0.4836367192812935,48.36367192812935
166,n03928116_26188_piano.jpg,epsilon,9.754552,249012980.0,249012960.0,25527872.817331456,2552787281.7331457
166,n03928116_26188_piano.jpg,alpha_beta,9.754552,1.2018422e+19,1.2018422e+19,1.2320834407862848e+18,1.2320834407862849e+20
166,n03928116_26188_piano.jpg,composite,9.754552,1119.4773,1109.7228,113.76460866718202,11376.460866718202
167,n07745940_2123_strawberry.jpg,z_plus,13.02006,3.996889,9.02317,0.6930206740756993,69.30206740756994
167,n07745940_2123_strawberry.jpg,epsilon,13.02006,-5433341000.0,5433341000.0,417305381.12159437,41730538112.15944
167,n07745940_2123_strawberry.jpg,alpha_beta,13.02006,-4.257266e+20,4.257266e+20,3.269774665398313e+19,3.269774665398313e+21
167,n07745940_2123_strawberry.jpg,composite,13.02006,172.94516,159.9251,12.282977166205654,1228.2977166205656
168,n04379243_19752_table.jpg,z_plus,9.555031,6.4644046,3.0906262,0.3234553919065632,32.34553919065632
168,n04379243_19752_table.jpg,epsilon,9.555031,-880544830.0,880544830.0,92155101.14430572,9215510114.430573
168,n04379243_19752_table.jpg,alpha_beta,9.555031,-6.1978265e+19,6.1978265e+19,6.486453736905847e+18,6.486453736905846e+20
168,n04379243_19752_table.jpg,composite,9.555031,1145.0593,1135.5043,118.83836833242464,11883.836833242463
169,n04039381_17266_racket.jpg,z_plus,12.711089,3.0143757,9.696713,0.7628546495442217,76.28546495442217
169,n04039381_17266_racket.jpg,epsilon,12.711089,168761700.0,168761680.0,13276728.548181023,1327672854.8181024
169,n04039381_17266_racket.jpg,alpha_beta,12.711089,-3.61456e+19,3.61456e+19,2.8436273204995323e+18,2.8436273204995323e+20
169,n04039381_17266_racket.jpg,composite,12.711089,130.83385,118.12276,9.292890302432584,929.2890302432584
170,n07745940_1671_strawberry.jpg,z_plus,16.085318,8.298773,7.786545,0.48407777746705116,48.407777746705115
170,n07745940_1671_strawberry.jpg,epsilon,16.085318,-661411800.0,661411800.0,41118975.199968815,4111897519.9968815
170,n07745940_1671_strawberry.jpg,alpha_beta,16.085318,3.0017164e+19,3.0017164e+19,1.8661219591866422e+18,1.866121959186642e+20
170,n07745940_1671_strawberry.jpg,composite,16.085318,465.8131,449.72778,27.958899788724427,2795.8899788724425
171,n03804744_1360_nail.jpg,z_plus,9.829197,3.0785522,6.7506447,0.6867951401598426,68.67951401598425
171,n03804744_1360_nail.jpg,epsilon,9.829197,239050080.0,239050060.0,24320406.405505005,2432040640.5505004
171,n03804744_1360_nail.jpg,alpha_beta,9.829197,8.97888e+20,8.97888e+20,9.134907073718675e+19,9.134907073718675e+21
171,n03804744_1360_nail.jpg,composite,9.829197,265.18805,255.35886,25.979625598667113,2597.962559866711
172,n01944390_2487_snail.jpg,z_plus,10.675611,5.268304,5.4073067,0.5065102973934856,50.651029739348566
172,n01944390_2487_snail.jpg,epsilon,10.675611,93211730.0,93211720.0,8731277.674654644,873127767.4654644
172,n01944390_2487_snail.jpg,alpha_beta,10.675611,-1.2506585e+19,1.2506585e+19,1.1715100672627968e+18,1.1715100672627968e+20
172,n01944390_2487_snail.jpg,composite,10.675611,854.9608,844.2852,79.08542690471573,7908.542690471573
173,n03063338_8414_coffee_maker.jpg,z_plus,10.608071,3.7442596,6.8638115,0.6470367025782866,64.70367025782866
173,n03063338_8414_coffee_maker.jpg,epsilon,10.608071,-240986830.0,240986850.0,22717310.29552532,2271731029.552532
173,n03063338_8414_coffee_maker.jpg,alpha_beta,10.608071,-1.7500426e+22,1.7500426e+22,1.6497274373872555e+21,1.6497274373872555e+23
173,n03063338_8414_coffee_maker.jpg,composite,10.608071,346.77435,336.1663,31.689670995070916,3168.9670995070915
174,n03063338_187_coffee_maker.jpg,z_plus,19.622898,10.613138,9.00976,0.45914522186024326,45.91452218602433
174,n03063338_187_coffee_maker.jpg,epsilon,19.622898,-3395743500.0,3395743500.0,173050049.49876952,17305004949.876953
174,n03063338_187_coffee_maker.jpg,alpha_beta,19.622898,-4.672053e+18,4.672053e+18,2.3809189807772323e+17,2.3809189807772324e+19
174,n03063338_187_coffee_maker.jpg,composite,19.622898,1619.1437,1599.5208,81.51297242502356,8151.297242502356
175,n07747607_5642_orange.jpg,z_plus,16.151482,10.162681,5.988801,0.37078957459819445,37.07895745981944
175,n07747607_5642_orange.jpg,epsilon,16.151482,-1912861200.0,1912861200.0,118432551.75524919,11843255175.52492
175,n07747607_5642_orange.jpg,alpha_beta,16.151482,-4.9648387e+18,4.9648387e+18,3.0739215273388435e+17,3.0739215273388433e+19
175,n07747607_5642_orange.jpg,composite,16.151482,1895.3857,1879.2343,116.35057984444533,11635.057984444533
176,n03372029_58342_flute.jpg,z_plus,15.15679,12.670181,2.4866085,0.16405904820435124,16.405904820435126
176,n03372029_58342_flute.jpg,epsilon,15.15679,7165660.5,7165645.5,472768.0203852847,47276802.038528465
176,n03372029_58342_flute.jpg,alpha_beta,15.15679,-1.8011101e+19,1.8011101e+19,1.188318986721628e+18,1.1883189867216278e+20
176,n03372029_58342_flute.jpg,composite,15.15679,2856.2998,2841.143,187.450186188566,18745.0186188566
177,n03584254_2594_iPod.jpg,z_plus,17.380682,3.7570224,13.623659,0.7838391577344004,78.38391577344004
177,n03584254_2594_iPod.jpg,epsilon,17.380682,219977920.0,219977900.0,12656459.8612383,1265645986.12383
177,n03584254_2594_iPod.jpg,alpha_beta,17.380682,-6.819064e+19,6.819064e+19,3.923358016701607e+18,3.923358016701607e+20
177,n03584254_2594_iPod.jpg,composite,17.380682,122.7572,105.37652,6.062852901544104,606.2852901544104
178,n02764044_41120_axe.jpg,z_plus,19.787462,13.603334,6.184128,0.31252758610567927,31.252758610567927
178,n02764044_41120_axe.jpg,epsilon,19.787462,-113430690.0,113430700.0,5732453.340909715,573245334.0909715
178,n02764044_41120_axe.jpg,alpha_beta,19.787462,4.850914e+18,4.850914e+18,2.4515088657534134e+17,2.4515088657534136e+19
178,n02764044_41120_axe.jpg,composite,19.787462,1276.4714,1256.684,63.50910212763668,6350.910212763668
179,n03710721_17219_maillot.jpg,z_plus,23.084476,12.181601,10.902876,0.4723033642767665,47.23033642767665
179,n03710721_17219_maillot.jpg,epsilon,23.084476,-22455180.0,22455204.0,972740.4486425339,97274044.86425339
179,n03710721_17219_maillot.jpg,alpha_beta,23.084476,4.0804301e+21,4.0804301e+21,1.767607834789894e+20,1.767607834789894e+22
179,n03710721_17219_maillot.jpg,composite,23.084476,1019.0363,995.95184,43.14379165029019,4314.379165029019
180,n01495701_1287_ray.jpg,z_plus,14.174853,4.5759706,9.598883,0.6771768606338026,67.71768606338026
180,n01495701_1287_ray.jpg,epsilon,14.174853,-9284112.0,9284126.0,654971.5744178246,65497157.44178246
180,n01495701_1287_ray.jpg,alpha_beta,14.174853,-2.8040053e+17,2.8040053e+17,1.978154722771434e+16,1.978154722771434e+18
180,n01495701_1287_ray.jpg,composite,14.174853,163.00708,148.83223,10.499736836247765,1049.9736836247764
181,n04468005_24186_train.jpg,z_plus,10.8789215,3.4661613,7.4127603,0.6813874197962365,68.13874197962365
181,n04468005_24186_train.jpg,epsilon,10.8789215,-29327164.0,29327174.0,2695779.5378531637,269577953.78531635
181,n04468005_24186_train.jpg,alpha_beta,10.8789215,-3.435258e+18,3.435258e+18,3.1577193121939584e+17,3.1577193121939583e+19
181,n04468005_24186_train.jpg,composite,10.8789215,166.87265,155.99373,14.339080256928884,1433.9080256928885
182,n04154565_3382_screwdriver.jpg,z_plus,22.508545,5.1249695,17.383575,0.7723100493176053,77.23100493176052
182,n04154565_3382_screwdriver.jpg,epsilon,22.508545,-13517227.0,13517250.0,600538.5975111469,60053859.75111469
182,n04154565_3382_screwdriver.jpg,alpha_beta,22.508545,1.29593e+18,1.29593e+18,5.757502489253837e+16,5.757502489253837e+18
182,n04154565_3382_screwdriver.jpg,composite,22.508545,204.90361,182.39507,8.103369894970536,810.3369894970535
183,n02131653_3512_bear.jpg,z_plus,20.160704,7.796998,12.363706,0.613257644353246,61.3257644353246
183,n02131653_3512_bear.jpg,epsilon,20.160704,-384130780.0,384130800.0,19053442.899467833,1905344289.9467833
183,n02131653_3512_bear.jpg,alpha_beta,20.160704,2.285313e+22,2.285313e+22,1.1335481828841245e+21,1.1335481828841245e+23
183,n02131653_3512_bear.jpg,composite,20.160704,757.17114,737.01044,36.55678142186494,3655.678142186494
184,n04039381_8129_racket.jpg,z_plus,16.14964,5.6723766,10.4772625,0.6487614003133392,64.87614003133392
184,n04039381_8129_racket.jpg,epsilon,16.14964,-38708616.0,38708630.0,2396872.876655367,239687287.66553673
184,n04039381_8129_racket.jpg,alpha_beta,16.14964,1.8481042e+19,1.8481042e+19,1.1443625513813896e+18,1.1443625513813896e+20
184,n04039381_8129_racket.jpg,composite,16.14964,127.21114,111.06151,6.877027237593684,687.7027237593684
185,n07718747_4881_artichoke.jpg,z_plus,18.014637,6.781834,11.232803,0.6235375904723064,62.35375904723064
185,n07718747_4881_artichoke.jpg,epsilon,18.014637,-56391076.0,56391096.0,3130293.2175377146,313029321.7537715
185,n07718747_4881_artichoke.jpg,alpha_beta,18.014637,-1.3633602e+20,1.3633602e+20,7.568069243158075e+18,7.568069243158076e+20
185,n07718747_4881_artichoke.jpg,composite,18.014637,906.5067,888.49207,49.320564477956346,4932.056447795635
186,n04256520_823_sofa.jpg,z_plus,23.515736,5.439109,18.076626,0.768703395485105,76.8703395485105
186,n04256520_823_sofa.jpg,epsilon,23.515736,-6995947500.0,6995947500.0,297500687.66302264,29750068766.302265
186,n04256520_823_sofa.jpg,alpha_beta,23.515736,-2.9921755e+19,2.9921755e+19,1.2724141770379453e+18,1.2724141770379454e+20
186,n04256520_823_sofa.jpg,composite,23.515736,287.81964,264.3039,11.239448267015856,1123.9448267015855
187,n07583066_9023_guacamole.jpg,z_plus,21.437828,6.4233212,15.014507,0.7003744618252117,70.03744618252117
187,n07583066_9023_guacamole.jpg,epsilon,21.437828,-2287824100.0,2287824100.0,106719025.8764561,10671902587.645609
187,n07583066_9023_guacamole.jpg,alpha_beta,21.437828,9.931882e+18,9.931882e+18,4.6328769437526176e+17,4.632876943752618e+19
187,n07583066_9023_guacamole.jpg,composite,21.437828,541.12555,519.68774,24.241622918411874,2424.162291841187
188,n04332243_13118_strainer.jpg,z_plus,8.707111,3.498859,5.2082524,0.5981607693801166,59.81607693801166
188,n04332243_13118_strainer.jpg,epsilon,8.707111,-62440896.0,62440904.0,7171253.63635675,717125363.635675
188,n04332243_13118_strainer.jpg,alpha_beta,8.707111,2.2473648e+19,2.2473648e+19,2.581068199035534e+18,2.5810681990355337e+20
188,n04332243_13118_strainer.jpg,composite,8.707111,863.2948,854.5877,98.14824598207638,9814.824598207637
189,n03958227_1879_plastic_bag.jpg,z_plus,13.798536,7.7669325,6.031604,0.43711910316503116,43.711910316503115
189,n03958227_1879_plastic_bag.jpg,epsilon,13.798536,48232532.0,48232520.0,3495480.8934481237,349548089.3448124
189,n03958227_1879_plastic_bag.jpg,alpha_beta,13.798536,-1.4099469e+16,1.4099469e+16,1021809048361856.4,1.0218090483618563e+17
189,n03958227_1879_plastic_bag.jpg,composite,13.798536,870.7239,856.92535,62.10262706638434,6210.262706638434
190,n07745940_13408_strawberry.jpg,z_plus,12.790482,7.6152964,5.175185,0.4046122247926104,40.46122247926104
190,n07745940_13408_strawberry.jpg,epsilon,12.790482,26506718.0,26506706.0,2072377.4830748162,207237748.30748162
190,n07745940_13408_strawberry.jpg,alpha_beta,12.790482,2.9495473e+20,2.9495473e+20,2.3060486331766178e+19,2.3060486331766176e+21
190,n07745940_13408_strawberry.jpg,composite,12.790482,1098.125,1085.3345,84.85485607822007,8485.485607822007
191,n07880968_5436_burrito.jpg,z_plus,25.907013,14.074495,11.832518,0.4567302934961367,45.67302934961367
191,n07880968_5436_burrito.jpg,epsilon,25.907013,33041100.0,33041074.0,1275371.8105574118,127537181.05574118
191,n07880968_5436_burrito.jpg,alpha_beta,25.907013,5.9299226e+19,5.9299226e+19,2.2889256389138348e+18,2.2889256389138347e+20
191,n07880968_5436_burrito.jpg,composite,25.907013,2066.843,2040.936,78.77928805792125,7877.928805792125
192,n07718472_11793_cucumber.jpg,z_plus,15.673491,9.897721,5.775769,0.36850561298922996,36.850561298923
192,n07718472_11793_cucumber.jpg,epsilon,15.673491,-65285036.0,65285052.0,4165316.7107002004,416531671.07002
192,n07718472_11793_cucumber.jpg,alpha_beta,15.673491,1.8692227e+18,1.8692227e+18,1.1926014043904006e+17,1.1926014043904006e+19
192,n07718472_11793_cucumber.jpg,composite,15.673491,1538.9778,1523.3043,97.18985817683287,9718.985817683288
193,n03211117_11986_tv_or_monitor.jpg,z_plus,13.466763,5.3773737,8.089389,0.6006929149516085,60.06929149516085
193,n03211117_11986_tv_or_monitor.jpg,epsilon,13.466763,-3622942000.0,3622942000.0,269028427.59994,26902842759.994
193,n03211117_11986_tv_or_monitor.jpg,alpha_beta,13.466763,9.572948e+19,9.572948e+19,7.108574235180881e+18,7.10857423518088e+20
193,n03211117_11986_tv_or_monitor.jpg,composite,13.466763,684.9892,671.52246,49.86517425826472,4986.517425826472
194,n02346627_2043_porcupine.jpg,z_plus,14.056979,7.0858207,6.9711585,0.49592152161788156,49.59215216178816
194,n02346627_2043_porcupine.jpg,epsilon,14.056979,-132443736.0,132443750.0,9421921.331777755,942192133.1777755
194,n02346627_2043_porcupine.jpg,alpha_beta,14.056979,7.915864e+18,7.915864e+18,5.631269736980326e+17,5.631269736980326e+19
194,n02346627_2043_porcupine.jpg,composite,14.056979,684.7896,670.7326,47.71527341496895,4771.527341496895
195,n07693725_4210_bagel.jpg,z_plus,16.358727,5.307725,11.051002,0.6755416778379408,67.55416778379409
195,n07693725_4210_bagel.jpg,epsilon,16.358727,-325768320.0,325768350.0,19914041.105272774,1991404110.5272775
195,n07693725_4210_bagel.jpg,alpha_beta,16.358727,-3.1699675e+21,3.1699675e+21,1.9377838049086993e+20,1.9377838049086994e+22
195,n07693725_4210_bagel.jpg,composite,16.358727,54.85987,38.501144,2.353553890847099,235.35538908470988
196,n00007846_160891_person.jpg,z_plus,15.807292,7.043445,8.763847,0.5544180090480435,55.44180090480435
196,n00007846_160891_person.jpg,epsilon,15.807292,315783580.0,315783580.0,19977082.999953877,1997708299.9953878
196,n00007846_160891_person.jpg,alpha_beta,15.807292,-6.4170385e+17,6.4170385e+17,4.0595432078851816e+16,4.0595432078851814e+18
196,n00007846_160891_person.jpg,composite,15.807292,452.2605,436.45322,27.610878381413322,2761.087838141332
197,n04154565_5155_screwdriver.jpg,z_plus,13.501096,4.7655053,8.73559,0.647028221122987,64.70282211229869
197,n04154565_5155_screwdriver.jpg,epsilon,13.501096,1551037800.0,1551037800.0,114882365.85403688,11488236585.403688
197,n04154565_5155_screwdriver.jpg,alpha_beta,13.501096,3.0485362e+20,3.0485362e+20,2.2579916838126805e+19,2.2579916838126805e+21
197,n04154565_5155_screwdriver.jpg,composite,13.501096,403.97223,390.47113,28.92143992919887,2892.143992919887
198,n04154565_11358_screwdriver.jpg,z_plus,8.754704,6.168902,2.5858026,0.29536148959155883,29.536148959155884
198,n04154565_11358_screwdriver.jpg,epsilon,8.754704,149941460.0,149941440.0,17126956.18728738,1712695618.7287378
198,n04154565_11358_screwdriver.jpg,alpha_beta,8.754704,-4.4711212e+18,4.4711212e+18,5.1071068880154054e+17,5.107106888015405e+19
198,n04154565_11358_screwdriver.jpg,composite,8.754704,646.5195,637.7648,72.84823516622686,7284.823516622686
199,n07718472_10383_cucumber.jpg,z_plus,18.376837,7.386506,10.990331,0.5980534533245991,59.805345332459915
199,n07718472_10383_cucumber.jpg,epsilon,18.376837,-299504300.0,299504320.0,16297925.677987162,1629792567.7987163
199,n07718472_10383_cucumber.jpg,alpha_beta,18.376837,-7.44806e+20,7.44806e+20,4.052960904373004e+19,4.0529609043730036e+21
199,n07718472_10383_cucumber.jpg,composite,18.376837,1112.2284,1093.8516,59.52338673570761,5952.338673570761
200,n03481172_195_hammer.jpg,z_plus,17.711948,3.2650802,14.446868,0.8156566189101979,81.56566189101979
200,n03481172_195_hammer.jpg,epsilon,17.711948,230245710.0,230245700.0,12999456.121660654,1299945612.1660655
200,n03481172_195_hammer.jpg,alpha_beta,17.711948,1.878127e+19,1.878127e+19,1.0603729226616346e+18,1.0603729226616345e+20
200,n03481172_195_hammer.jpg,composite,17.711948,158.82127,141.10933,7.966900426228086,796.6900426228085
201,n04330267_1115_stove.jpg,z_plus,11.874332,4.496909,7.3774233,0.6212916246503154,62.12916246503154
201,n04330267_1115_stove.jpg,epsilon,11.874332,543455300.0,543455300.0,45767229.379037224,4576722937.903723
201,n04330267_1115_stove.jpg,alpha_beta,11.874332,-1.2614825e+22,1.2614825e+22,1.062360743241371e+21,1.0623607432413709e+23
201,n04330267_1115_stove.jpg,composite,11.874332,324.27182,312.3975,26.308636154794932,2630.863615479493
202,n02395003_18939_swine.jpg,z_plus,13.364448,2.2530274,11.11142,0.8314163080073774,83.14163080073774
202,n02395003_18939_swine.jpg,epsilon,13.364448,177055400.0,177055380.0,13248237.515657725,1324823751.5657725
202,n02395003_18939_swine.jpg,alpha_beta,13.364448,-6.570353e+18,6.570353e+18,4.91629204055073e+17,4.91629204055073e+19
202,n02395003_18939_swine.jpg,composite,13.364448,122.23065,108.8662,8.145956092593675,814.5956092593675
203,n03483316_5354_hair_dryer.jpg,z_plus,18.491846,3.7509508,14.740895,0.7971564982246162,79.71564982246161
203,n03483316_5354_hair_dryer.jpg,epsilon,18.491846,190368700.0,190368690.0,10294736.778514422,1029473677.8514422
203,n03483316_5354_hair_dryer.jpg,alpha_beta,18.491846,-2.860156e+21,2.860156e+21,1.546711934403737e+20,1.546711934403737e+22
203,n03483316_5354_hair_dryer.jpg,composite,18.491846,253.99495,235.5031,12.735510367330939,1273.551036733094
204,n02129165_2762_lion.jpg,z_plus,12.339441,5.1180267,7.2214146,0.585230270173045,58.5230270173045
204,n02129165_2762_lion.jpg,epsilon,12.339441,-1214160600.0,1214160600.0,98396727.24541065,9839672724.541065
204,n02129165_2762_lion.jpg,alpha_beta,12.339441,1.348224e+19,1.348224e+19,1.0926135016025846e+18,1.0926135016025847e+20
204,n02129165_2762_lion.jpg,composite,12.339441,227.62651,215.28706,17.447067363656302,1744.7067363656301
205,n03928116_13232_piano.jpg,z_plus,14.774667,7.2635064,7.5111604,0.5083810336892436,50.83810336892436
205,n03928116_13232_piano.jpg,epsilon,14.774667,16348291.0,16348276.0,1106507.2556607572,110650725.56607571
205,n03928116_13232_piano.jpg,alpha_beta,14.774667,2.0587914e+17,2.0587914e+17,1.3934604417144918e+16,1.393460441714492e+18
205,n03928116_13232_piano.jpg,composite,14.774667,1139.5295,1124.7549,76.12725884196571,7612.725884196571
206,n02828884_2302_bench.jpg,z_plus,22.983784,7.3895063,15.594277,0.6784904335113184,67.84904335113184
206,n02828884_2302_bench.jpg,epsilon,22.983784,-17361148.0,17361170.0,755366.0532701636,75536605.32701635
206,n02828884_2302_bench.jpg,alpha_beta,22.983784,1.7250932e+19,1.7250932e+19,7.505697028818131e+17,7.505697028818131e+19
206,n02828884_2302_bench.jpg,composite,22.983784,687.568,664.5842,28.9153533868653,2891.53533868653
207,n07880968_830_burrito.jpg,z_plus,25.227907,9.177294,16.050613,0.6362245305432399,63.62245305432399
207,n07880968_830_burrito.jpg,epsilon,25.227907,179960160.0,179960130.0,7133375.222258878,713337522.2258878
207,n07880968_830_burrito.jpg,alpha_beta,25.227907,4.623394e+18,4.623394e+18,1.8326506969764525e+17,1.8326506969764524e+19
207,n07880968_830_burrito.jpg,composite,25.227907,747.0429,721.815,28.611767010247174,2861.176701024717
208,n04356056_14405_sunglasses.jpg,z_plus,11.340806,4.5294495,6.8113565,0.6006060362427851,60.06060362427851
208,n04356056_14405_sunglasses.jpg,epsilon,11.340806,-29073716.0,29073728.0,2563638.5966308955,256363859.66308954
208,n04356056_14405_sunglasses.jpg,alpha_beta,11.340806,-3.4770518e+19,3.4770518e+19,3.0659653366305244e+18,3.0659653366305246e+20
208,n04356056_14405_sunglasses.jpg,composite,11.340806,189.93068,178.58987,15.747546879430875,1574.7546879430874
209,n06874185_8872_traffic_light.jpg,z_plus,15.686603,4.8935027,10.7931,0.6880457570557565,68.80457570557566
209,n06874185_8872_traffic_light.jpg,epsilon,15.686603,167115200.0,167115180.0,10653370.161209095,1065337016.1209096
209,n06874185_8872_traffic_light.jpg,alpha_beta,15.686603,1.4386603e+22,1.4386603e+22,9.171267364571084e+20,9.171267364571084e+22
209,n06874185_8872_traffic_light.jpg,composite,15.686603,128.95032,113.26372,7.220410982970208,722.0410982970208
210,n07753113_564_fig.jpg,z_plus,16.395206,11.554588,4.840618,0.2952459395734906,29.52459395734906
210,n07753113_564_fig.jpg,epsilon,16.395206,-183596050.0,183596060.0,11198155.054213732,1119815505.4213734
210,n07753113_564_fig.jpg,alpha_beta,16.395206,4.16761e+20,4.16761e+20,2.5419685910275682e+19,2.541968591027568e+21
210,n07753113_564_fig.jpg,composite,16.395206,1342.1771,1325.7819,80.86399303353657,8086.399303353657
211,n04468005_9150_train.jpg,z_plus,15.081786,5.151957,9.929829,0.6583987162148633,65.83987162148634
211,n04468005_9150_train.jpg,epsilon,15.081786,89721464.0,89721450.0,5948993.512292818,594899351.2292818
211,n04468005_9150_train.jpg,alpha_beta,15.081786,-6.2054054e+22,6.2054054e+22,4.1145030028724105e+21,4.114503002872411e+23
211,n04468005_9150_train.jpg,composite,15.081786,150.25475,135.17296,8.962662443928597,896.2662443928597
212,n03017168_55_chime.jpg,z_plus,17.003391,5.251422,11.751969,0.6911544381362276,69.11544381362276
212,n03017168_55_chime.jpg,epsilon,17.003391,57025470.0,57025456.0,3353769.5572008197,335376955.720082
212,n03017168_55_chime.jpg,alpha_beta,17.003391,3.4760473e+19,3.4760473e+19,2.0443258893100508e+18,2.044325889310051e+20
212,n03017168_55_chime.jpg,composite,17.003391,204.0528,187.04941,11.00071185937169,1100.0711859371688
213,n04356056_8589_sunglasses.jpg,z_plus,9.202665,5.315747,3.8869185,0.4223687818035592,42.236878180355916
213,n04356056_8589_sunglasses.jpg,epsilon,9.202665,144639870.0,144639860.0,15717170.060374489,1571717006.037449
213,n04356056_8589_sunglasses.jpg,alpha_beta,9.202665,1.1007736e+19,1.1007736e+19,1.1961465594498744e+18,1.1961465594498744e+20
213,n04356056_8589_sunglasses.jpg,composite,9.202665,351.31854,342.11588,37.1757380038184,3717.57380038184
214,n02355227_10230_squirrel.jpg,z_plus,13.456376,6.24479,7.211586,0.5359233390480408,53.59233390480408
214,n02355227_10230_squirrel.jpg,epsilon,13.456376,-261756660.0,261756670.0,19452241.116564,1945224111.6563997
214,n02355227_10230_squirrel.jpg,alpha_beta,13.456376,5.1670614e+17,5.1670614e+17,3.839861049346481e+16,3.8398610493464806e+18
214,n02355227_10230_squirrel.jpg,composite,13.456376,753.9965,740.54016,55.032659380902516,5503.265938090251
215,n03636649_4908_lamp.jpg,z_plus,11.920221,8.04007,3.8801517,0.32551004224880214,32.55100422488022
215,n03636649_4908_lamp.jpg,epsilon,11.920221,487706240.0,487706240.0,40914193.328223035,4091419332.8223033
215,n03636649_4908_lamp.jpg,alpha_beta,11.920221,-7.941968e+20,7.941968e+20,6.6626009207393346e+19,6.662600920739335e+21
215,n03636649_4908_lamp.jpg,composite,11.920221,896.0455,884.12524,74.17020369706961,7417.020369706961
216,n03584254_3743_iPod.jpg,z_plus,12.118212,6.541661,5.576551,0.4601793628356093,46.01793628356093
216,n03584254_3743_iPod.jpg,epsilon,12.118212,-1145841400.0,1145841400.0,94555321.51955168,9455532151.955168
216,n03584254_3743_iPod.jpg,alpha_beta,12.118212,-9.508981e+18,9.508981e+18,7.846851809195836e+17,7.846851809195835e+19
216,n03584254_3743_iPod.jpg,composite,12.118212,1002.5696,990.45135,81.7324680935722,8173.24680935722
217,n00007846_147031_person.jpg,z_plus,17.475063,7.9521637,9.5229,0.5449422099704685,54.49422099704685
217,n00007846_147031_person.jpg,epsilon,17.475063,182488480.0,182488460.0,10442792.715903657,1044279271.5903656
217,n00007846_147031_person.jpg,alpha_beta,17.475063,7.761168e+19,7.761168e+19,4.4412815236926423e+18,4.441281523692642e+20
217,n00007846_147031_person.jpg,composite,17.475063,468.61807,451.143,25.81638744200369,2581.6387442003693
218,n03804744_6191_nail.jpg,z_plus,20.62236,8.889701,11.732659,0.5689290269770816,56.89290269770816
218,n03804744_6191_nail.jpg,epsilon,20.62236,-116421140.0,116421160.0,5645384.849201687,564538484.9201686
218,n03804744_6191_nail.jpg,alpha_beta,20.62236,1.1442208e+22,1.1442208e+22,5.5484472316360065e+20,5.548447231636006e+22
218,n03804744_6191_nail.jpg,composite,20.62236,888.4994,867.877,42.0842718515272,4208.42718515272
219,n02880940_17711_bowl.jpg,z_plus,26.062405,14.697475,11.364929,0.436066025334467,43.6066025334467
219,n02880940_17711_bowl.jpg,epsilon,26.062405,-111879950.0,111879976.0,4292772.580773252,429277258.0773252
219,n02880940_17711_bowl.jpg,alpha_beta,26.062405,7.168847e+21,7.168847e+21,2.7506467174228e+20,2.7506467174228e+22
219,n02880940_17711_bowl.jpg,composite,26.062405,978.1389,952.07654,36.53064832166958,3653.0648321669582
220,n03467517_10919_guitar.jpg,z_plus,14.6172285,8.642175,5.975054,0.4087678990278034,40.876789902780345
220,n03467517_10919_guitar.jpg,epsilon,14.6172285,-6971685.5,6971700.0,476950.87996397796,47695087.99639779
220,n03467517_10919_guitar.jpg,alpha_beta,14.6172285,1.7545008e+17,1.7545008e+17,1.2002965127659066e+16,1.2002965127659067e+18
220,n03467517_10919_guitar.jpg,composite,14.6172285,3479.6726,3465.0554,237.05283240180867,23705.283240180866
221,n01503061_4034_bird.jpg,z_plus,24.75773,11.982637,12.775093,0.5160042067001581,51.600420670015815
221,n01503061_4034_bird.jpg,epsilon,24.75773,183539630.0,183539600.0,7413425.883730992,741342588.3730992
221,n01503061_4034_bird.jpg,alpha_beta,24.75773,-8.350104e+21,8.350104e+21,3.372725867569096e+20,3.3727258675690963e+22
221,n01503061_4034_bird.jpg,composite,24.75773,1954.4523,1929.6946,77.94311280860686,7794.311280860686
222,n04376876_7577_syringe.jpg,z_plus,17.659332,5.380288,12.279044,0.695328903671088,69.5328903671088
222,n04376876_7577_syringe.jpg,epsilon,17.659332,23885752.0,23885734.0,1352584.2102157888,135258421.02157888
222,n04376876_7577_syringe.jpg,alpha_beta,17.659332,5.9593112e+19,5.9593112e+19,3.3745960197324534e+18,3.374596019732453e+20
222,n04376876_7577_syringe.jpg,composite,17.659332,297.7389,280.07956,15.860144366875069,1586.014436687507
223,n03000684_2055_chain_saw.jpg,z_plus,19.624546,10.733778,8.890768,0.4530432463292506,45.30432463292506
223,n03000684_2055_chain_saw.jpg,epsilon,19.624546,36571450.0,36571428.0,1863555.3608754976,186355536.08754975
223,n03000684_2055_chain_saw.jpg,alpha_beta,19.624546,-1.3298587e+20,1.3298587e+20,6.776506801956367e+18,6.776506801956368e+20
223,n03000684_2055_chain_saw.jpg,composite,19.624546,1311.2806,1291.6561,65.81839521308976,6581.839521308976
224,n02834778_6714_bicycle.jpg,z_plus,25.073189,11.18237,13.890819,0.5540108486499894,55.40108486499894
224,n02834778_6714_bicycle.jpg,epsilon,25.073189,-2910290400.0,2910290400.0,116071811.09742208,11607181109.742208
224,n02834778_6714_bicycle.jpg,alpha_beta,25.073189,3.8610756e+22,3.8610756e+22,1.53992202810332e+21,1.53992202810332e+23
224,n02834778_6714_bicycle.jpg,composite,25.073189,1012.03625,986.9631,39.36328491292446,3936.3284912924464
225,n02672831_20_accordion.jpg,z_plus,13.963906,9.274523,4.6893835,0.3358217542908881,33.582175429088814
225,n02672831_20_accordion.jpg,epsilon,13.963906,112946910.0,112946900.0,8088488.540472703,808848854.0472703
225,n02672831_20_accordion.jpg,alpha_beta,13.963906,1.4173835e+17,1.4173835e+17,1.01503368927942e+16,1.01503368927942e+18
225,n02672831_20_accordion.jpg,composite,13.963906,1756.3312,1742.3673,124.77649688357728,12477.649688357727
226,n01882714_4157_koala_bear.jpg,z_plus,10.187241,7.312018,2.8752227,0.2822376338598766,28.22376338598766
226,n01882714_4157_koala_bear.jpg,epsilon,10.187241,84976180.0,84976170.0,8341431.337821845,834143133.7821845
226,n01882714_4157_koala_bear.jpg,alpha_beta,10.187241,-8.091391e+19,8.091391e+19,7.942672316629334e+18,7.942672316629334e+20
226,n01882714_4157_koala_bear.jpg,composite,10.187241,865.64984,855.4626,83.9739257082081,8397.39257082081
227,n02672831_2455_accordion.jpg,z_plus,19.639078,4.5723524,15.066726,0.76718090444597,76.718090444597
227,n02672831_2455_accordion.jpg,epsilon,19.639078,-3519089.2,3519109.0,179189.11339361058,17918911.339361057
227,n02672831_2455_accordion.jpg,alpha_beta,19.639078,1.6213772e+18,1.6213772e+18,8.255872388977163e+16,8.255872388977163e+18
227,n02672831_2455_accordion.jpg,composite,19.639078,253.26143,233.62234,11.895789776399802,1189.5789776399802
228,n04542943_1490_waffle_iron.jpg,z_plus,21.682823,8.324854,13.357969,0.6160622706665285,61.60622706665285
228,n04542943_1490_waffle_iron.jpg,epsilon,21.682823,241564130.0,241564110.0,11140805.326440943,1114080532.6440942
228,n04542943_1490_waffle_iron.jpg,alpha_beta,21.682823,4.118228e+20,4.118228e+20,1.8993043387546964e+19,1.8993043387546964e+21
228,n04542943_1490_waffle_iron.jpg,composite,21.682823,728.82837,707.14557,32.61316863155186,3261.3168631551857
229,n07718472_20689_cucumber.jpg,z_plus,19.5268,4.0871515,15.439649,0.7906901542690782,79.06901542690782
229,n07718472_20689_cucumber.jpg,epsilon,19.5268,-305844200.0,305844220.0,15662792.75388623,1566279275.388623
229,n07718472_20689_cucumber.jpg,alpha_beta,19.5268,7.779738e+19,7.779738e+19,3.9841335171344113e+18,3.984133517134411e+20
229,n07718472_20689_cucumber.jpg,composite,19.5268,84.77371,65.24691,3.341403075353803,334.1403075353803
230,n02076196_13108_seal.jpg,z_plus,17.042936,6.884746,10.15819,0.5960351889608952,59.603518896089525
230,n02076196_13108_seal.jpg,epsilon,17.042936,-318390530.0,318390560.0,18681672.800297223,1868167280.0297222
230,n02076196_13108_seal.jpg,alpha_beta,17.042936,3.4740132e+19,3.4740132e+19,2.0383888869353894e+18,2.0383888869353895e+20
230,n02076196_13108_seal.jpg,composite,17.042936,229.81631,212.77338,12.484549164179596,1248.4549164179596
231,n04252077_7312_snowmobile.jpg,z_plus,23.98443,5.332168,18.652262,0.7776820833236727,77.76820833236727
231,n04252077_7312_snowmobile.jpg,epsilon,23.98443,-325841700.0,325841730.0,13585552.115795016,1358555211.5795016
231,n04252077_7312_snowmobile.jpg,alpha_beta,23.98443,2.8252492e+19,2.8252492e+19,1.177951357001958e+18,1.1779513570019579e+20
231,n04252077_7312_snowmobile.jpg,composite,23.98443,147.89986,123.91543,5.166494535778907,516.6494535778907
232,n03445924_5829_golfcart.jpg,z_plus,24.978422,9.36604,15.612382,0.6250347532528573,62.50347532528573
232,n03445924_5829_golfcart.jpg,epsilon,24.978422,39758156.0,39758132.0,1591699.0967607992,159169909.67607993
232,n03445924_5829_golfcart.jpg,alpha_beta,24.978422,-1.7056613e+20,1.7056613e+20,6.82853902365007e+18,6.828539023650069e+20
232,n03445924_5829_golfcart.jpg,composite,24.978422,404.8875,379.9091,15.209491040356857,1520.9491040356857
233,n01982650_10568_lobster.jpg,z_plus,18.99648,11.207888,7.7885933,0.4100019006520064,41.00019006520064
233,n01982650_10568_lobster.jpg,epsilon,18.99648,13604569.0,13604550.0,716161.5901905288,71616159.01905288
233,n01982650_10568_lobster.jpg,alpha_beta,18.99648,-1.3644568e+19,1.3644568e+19,7.182681732935005e+17,7.182681732935006e+19
233,n01982650_10568_lobster.jpg,composite,18.99648,1473.8296,1454.8331,76.58434918896539,7658.434918896539
234,n03633091_10052_ladle.jpg,z_plus,21.362377,5.631272,15.731106,0.7363930372034379,73.63930372034379
234,n03633091_10052_ladle.jpg,epsilon,21.362377,330064320.0,330064300.0,15450728.418853879,1545072841.885388
234,n03633091_10052_ladle.jpg,alpha_beta,21.362377,-6.177356e+20,6.177356e+20,2.8916988250830336e+19,2.891698825083034e+21
234,n03633091_10052_ladle.jpg,composite,21.362377,105.06903,83.70665,3.918414562338594,391.84145623385945
235,n02206856_6027_bee.jpg,z_plus,15.026528,8.012911,7.0136175,0.46674902863699486,46.67490286369949
235,n02206856_6027_bee.jpg,epsilon,15.026528,161369950.0,161369940.0,10739003.190874403,1073900319.0874403
235,n02206856_6027_bee.jpg,alpha_beta,15.026528,-2.232163e+19,2.232163e+19,1.4854814914135724e+18,1.4854814914135723e+20
235,n02206856_6027_bee.jpg,composite,15.026528,1899.1725,1884.146,125.38797725075638,12538.797725075638
236,n02219486_23711_ant.jpg,z_plus,24.197914,13.045126,11.152788,0.46089874130610387,46.08987413061038
236,n02219486_23711_ant.jpg,epsilon,24.197914,-295644160.0,295644200.0,12217755.236193497,1221775523.6193497
236,n02219486_23711_ant.jpg,alpha_beta,24.197914,6.004832e+21,6.004832e+21,2.481549338531403e+20,2.481549338531403e+22
236,n02219486_23711_ant.jpg,composite,24.197914,1690.8657,1666.6678,68.87650886362108,6887.650886362108
237,n04004767_12593_printer.jpg,z_plus,19.056053,9.550332,9.505721,0.49882948011867545,49.88294801186755
237,n04004767_12593_printer.jpg,epsilon,19.056053,-1419732500.0,1419732500.0,74502965.95440023,7450296595.440022
237,n04004767_12593_printer.jpg,alpha_beta,19.056053,-3.9625344e+17,3.9625344e+17,2.0794098275714936e+16,2.0794098275714936e+18
237,n04004767_12593_printer.jpg,composite,19.056053,1021.99634,1002.9403,52.63106158753162,5263.106158753162
238,n03400231_1761_frying_pan.jpg,z_plus,21.864746,10.416558,11.448188,0.523591162616465,52.3591162616465
238,n03400231_1761_frying_pan.jpg,epsilon,21.864746,-92250690.0,92250710.0,4219153.133552763,421915313.3552763
238,n03400231_1761_frying_pan.jpg,alpha_beta,21.864746,-3.6674664e+21,3.6674664e+21,1.6773423168097413e+20,1.6773423168097412e+22
238,n03400231_1761_frying_pan.jpg,composite,21.864746,1153.7026,1131.8379,51.76542575524206,5176.542575524207
239,n03676483_6851_lipstick.jpg,z_plus,19.549747,11.898996,7.650751,0.39134782310608773,39.13478231060877
239,n03676483_6851_lipstick.jpg,epsilon,19.549747,15751792.0,15751772.0,805727.6456256142,80572764.56256142
239,n03676483_6851_lipstick.jpg,alpha_beta,19.549747,2.6937076e+17,2.6937076e+17,1.3778733606583392e+16,1.3778733606583393e+18
239,n03676483_6851_lipstick.jpg,composite,19.549747,1541.1776,1521.6278,77.8336298258927,7783.36298258927
240,n02355227_4298_squirrel.jpg,z_plus,20.84594,12.905357,7.9405823,0.3809174550812231,38.09174550812231
240,n02355227_4298_squirrel.jpg,epsilon,20.84594,19640640.0,19640620.0,942179.6446595389,94217964.46595389
240,n02355227_4298_squirrel.jpg,alpha_beta,20.84594,-5.293183e+21,5.293183e+21,2.5391914161962448e+20,2.539191416196245e+22
240,n02355227_4298_squirrel.jpg,composite,20.84594,1027.161,1006.31506,48.27391237760768,4827.391237760768
241,n04536866_11045_violin.jpg,z_plus,11.744874,5.1399226,6.6049514,0.5623688581769427,56.23688581769427
241,n04536866_11045_violin.jpg,epsilon,11.744874,-1492253300.0,1492253300.0,127055710.5851583,12705571058.515831
241,n04536866_11045_violin.jpg,alpha_beta,11.744874,-1.3695964e+20,1.3695964e+20,1.1661226570243914e+19,1.1661226570243914e+21
241,n04536866_11045_violin.jpg,composite,11.744874,242.54906,230.80418,19.65148233429448,1965.148233429448
242,n03584254_2436_iPod.jpg,z_plus,24.632158,15.285711,9.346447,0.3794408465780544,37.94408465780544
242,n03584254_2436_iPod.jpg,epsilon,24.632158,282109600.0,282109570.0,11452896.850872373,1145289685.0872374
242,n03584254_2436_iPod.jpg,alpha_beta,24.632158,-4.976656e+19,4.976656e+19,2.0203898059914975e+18,2.0203898059914976e+20
242,n03584254_2436_iPod.jpg,composite,24.632158,1542.9259,1518.2937,61.6386791562161,6163.86791562161
243,n03838899_31925_oboe.jpg,z_plus,19.455872,11.8708,7.5850716,0.3898602810647735,38.98602810647735
243,n03838899_31925_oboe.jpg,epsilon,19.455872,360763600.0,360763550.0,18542656.92803224,1854265692.803224
243,n03838899_31925_oboe.jpg,alpha_beta,19.455872,4.5552627e+18,4.5552627e+18,2.3413305518914192e+17,2.341330551891419e+19
243,n03838899_31925_oboe.jpg,composite,19.455872,1374.9381,1355.4822,69.66956848731364,6966.956848731364
244,n03188531_29832_diaper.jpg,z_plus,21.467184,10.493351,10.973833,0.5111910835376343,51.11910835376343
244,n03188531_29832_diaper.jpg,epsilon,21.467184,-1858758300.0,1858758300.0,86586031.31793399,8658603131.7934
244,n03188531_29832_diaper.jpg,alpha_beta,21.467184,-3.3962933e+19,3.3962933e+19,1.5820860952422449e+18,1.582086095242245e+20
244,n03188531_29832_diaper.jpg,composite,21.467184,424.56705,403.09985,18.77749090160257,1877.7490901602569
245,n04542943_2558_waffle_iron.jpg,z_plus,23.269451,7.8117313,15.45772,0.664292411036663,66.4292411036663
245,n04542943_2558_waffle_iron.jpg,epsilon,23.269451,177371790.0,177371780.0,7622516.531003598,762251653.1003598
245,n04542943_2558_waffle_iron.jpg,alpha_beta,23.269451,6.151072e+19,6.151072e+19,2.643410774417389e+18,2.643410774417389e+20
245,n04542943_2558_waffle_iron.jpg,composite,23.269451,694.5314,671.2619,28.847345721600178,2884.7345721600177
246,n04330267_20413_stove.jpg,z_plus,24.714323,18.798866,5.915457,0.2393533806741132,23.93533806741132
246,n04330267_20413_stove.jpg,epsilon,24.714323,1747802600.0,1747802600.0,70720230.56549394,7072023056.549395
246,n04330267_20413_stove.jpg,alpha_beta,24.714323,-3.4097554e+18,3.4097554e+18,1.379667744123822e+17,1.379667744123822e+19
246,n04330267_20413_stove.jpg,composite,24.714323,7222.1543,7197.44,291.22545369147196,29122.545369147196
247,n07718747_8558_artichoke.jpg,z_plus,16.808481,8.531477,8.277004,0.49243022822073734,49.24302282207373
247,n07718747_8558_artichoke.jpg,epsilon,16.808481,-134442080.0,134442100.0,7998467.812819483,799846781.2819483
247,n07718747_8558_artichoke.jpg,alpha_beta,16.808481,3.509244e+19,3.509244e+19,2.087781713806419e+18,2.087781713806419e+20
247,n07718747_8558_artichoke.jpg,composite,16.808481,1825.7977,1808.9893,107.62359992029198,10762.359992029198
248,n04074963_15621_remote_control.jpg,z_plus,21.9426,16.837431,5.1051693,0.23266017873042127,23.266017873042127
248,n04074963_15621_remote_control.jpg,epsilon,21.9426,-1106422000.0,1106422000.0,50423468.656011544,5042346865.601154
248,n04074963_15621_remote_control.jpg,alpha_beta,21.9426,5.5678794e+20,5.5678794e+20,2.53747473881982e+19,2.53747473881982e+21
248,n04074963_15621_remote_control.jpg,composite,21.9426,13719.985,13698.043,624.2670791932841,62426.70791932841
249,n02437136_176_camel.jpg,z_plus,13.827158,8.955677,4.871481,0.35231252514035094,35.23125251403509
249,n02437136_176_camel.jpg,epsilon,13.827158,21312664.0,21312650.0,1541361.5753981574,154136157.53981572
249,n02437136_176_camel.jpg,alpha_beta,13.827158,-6508829700000000.0,6508829700000000.0,470727945338688.9,4.707279453386889e+16
249,n02437136_176_camel.jpg,composite,13.827158,989.0242,975.197,70.52765457879461,7052.765457879461
250,n04141076_14874_saxophone.jpg,z_plus,19.314362,13.502237,5.8121243,0.30092241103968503,30.092241103968504
250,n04141076_14874_saxophone.jpg,epsilon,19.314362,-93470370.0,93470380.0,4839423.951210429,483942395.1210429
250,n04141076_14874_saxophone.jpg,alpha_beta,19.314362,-2.7246753e+22,2.7246753e+22,1.4106991252306112e+21,1.4106991252306113e+23
250,n04141076_14874_saxophone.jpg,composite,19.314362,2136.4075,2117.093,109.61237364990326,10961.237364990326
251,n02840245_9812_binder.jpg,z_plus,17.175,11.93809,5.236909,0.3049146518186431,30.491465181864307
251,n02840245_9812_binder.jpg,epsilon,17.175,-429136860.0,429136900.0,24986137.70235366,2498613770.235366
251,n02840245_9812_binder.jpg,alpha_beta,17.175,1.7127739e+19,1.7127739e+19,9.972483201482808e+17,9.972483201482808e+19
251,n02840245_9812_binder.jpg,composite,17.175,4010.49,3993.315,232.5074304840078,23250.743048400782
252,n04509417_4683_unicycle.jpg,z_plus,16.487017,6.0730767,10.41394,0.6316449259763726,63.164492597637256
252,n04509417_4683_unicycle.jpg,epsilon,16.487017,23460976.0,23460960.0,1422996.0736369726,142299607.36369726
252,n04509417_4683_unicycle.jpg,alpha_beta,16.487017,-9.471508e+17,9.471508e+17,5.74482823748976e+16,5.74482823748976e+18
252,n04509417_4683_unicycle.jpg,composite,16.487017,456.62192,440.1349,26.69584778547338,2669.584778547338
253,n04023962_20883_punching_bag.jpg,z_plus,11.577135,5.9642544,5.6128807,0.4848246707478562,48.48246707478562
253,n04023962_20883_punching_bag.jpg,epsilon,11.577135,24867424.0,24867412.0,2147976.3182340106,214797631.82340106
253,n04023962_20883_punching_bag.jpg,alpha_beta,11.577135,-1.6268675e+19,1.6268675e+19,1.40524190038554e+18,1.4052419003855402e+20
253,n04023962_20883_punching_bag.jpg,composite,11.577135,352.06665,340.4895,29.410514725159395,2941.0514725159396
254,n07753113_13676_fig.jpg,z_plus,20.960966,12.005476,8.95549,0.4272460565406349,42.72460565406349
254,n07753113_13676_fig.jpg,epsilon,20.960966,-1075014.9,1075035.9,51287.51553221906,5128751.553221907
254,n07753113_13676_fig.jpg,alpha_beta,20.960966,-1.0750846e+20,1.0750846e+20,5.128984073852296e+18,5.128984073852296e+20
254,n07753113_13676_fig.jpg,composite,20.960966,3679.517,3658.5562,174.5413895967199,17454.13895967199
255,n04468005_29645_train.jpg,z_plus,9.662022,2.759034,6.9029875,0.7144454586026965,71.44454586026964
255,n04468005_29645_train.jpg,epsilon,9.662022,286802600.0,286802600.0,29683497.175490547,2968349717.5490546
255,n04468005_29645_train.jpg,alpha_beta,9.662022,3.560631e+18,3.560631e+18,3.685182150295635e+17,3.685182150295635e+19
255,n04468005_29645_train.jpg,composite,9.662022,86.51271,76.85069,7.953893670354726,795.3893670354727
256,n03211117_7726_tv_or_monitor.jpg,z_plus,14.76453,5.3912992,9.373231,0.634847896820221,63.484789682022104
256,n03211117_7726_tv_or_monitor.jpg,epsilon,14.76453,59882880.0,59882864.0,4055859.770561273,405585977.0561273
256,n03211117_7726_tv_or_monitor.jpg,alpha_beta,14.76453,4.4521885e+17,4.4521885e+17,3.015462375092048e+16,3.015462375092048e+18
256,n03211117_7726_tv_or_monitor.jpg,composite,14.76453,609.891,595.12646,40.307849790820185,4030.7849790820187
257,n03495258_9079_harp.jpg,z_plus,8.989954,2.087219,6.9027348,0.767827595083606,76.7827595083606
257,n03495258_9079_harp.jpg,epsilon,8.989954,-42942876.0,42942884.0,4776763.487365629,477676348.73656285
257,n03495258_9079_harp.jpg,alpha_beta,8.989954,-1.3071675e+20,1.3071675e+20,1.4540313615374694e+19,1.4540313615374693e+21
257,n03495258_9079_harp.jpg,composite,8.989954,53.11711,44.12716,4.90849665521188,490.849665521188
258,n03271574_6116_electric_fan.jpg,z_plus,20.230228,7.9172196,12.313009,0.6086441044246873,60.86441044246873
258,n03271574_6116_electric_fan.jpg,epsilon,20.230228,60580540.0,60580520.0,2994554.42257487,299455442.257487
258,n03271574_6116_electric_fan.jpg,alpha_beta,20.230228,1.103535e+25,1.103535e+25,5.4548813579773807e+23,5.454881357977381e+25
258,n03271574_6116_electric_fan.jpg,composite,20.230228,589.80756,569.57733,28.154765214468117,2815.4765214468116
259,n02165456_6911_ladybug.jpg,z_plus,14.671867,16.530563,1.858696,0.12668435017916407,12.668435017916407
259,n02165456_6911_ladybug.jpg,epsilon,14.671867,-839290000.0,839290000.0,57204032.91160344,5720403291.160344
259,n02165456_6911_ladybug.jpg,alpha_beta,14.671867,-2.5333658e+17,2.5333658e+17,1.7266826229668716e+16,1.7266826229668716e+18
259,n02165456_6911_ladybug.jpg,composite,14.671867,4260.108,4245.436,289.3589430458226,28935.894304582263
260,n02691156_5992_airplane.jpg,z_plus,16.18648,9.673421,6.5130587,0.4023764793608673,40.23764793608673
260,n02691156_5992_airplane.jpg,epsilon,16.18648,258045980.0,258045970.0,15942068.61920296,1594206861.920296
260,n02691156_5992_airplane.jpg,alpha_beta,16.18648,-3.5883277e+17,3.5883277e+17,2.2168672626432864e+16,2.2168672626432865e+18
260,n02691156_5992_airplane.jpg,composite,16.18648,660.3968,644.2103,39.799285841193914,3979.9285841193914
261,n02503517_10173_elephant.jpg,z_plus,16.136202,13.713968,2.4222336,0.15011175508527916,15.011175508527916
261,n02503517_10173_elephant.jpg,epsilon,16.136202,-165145120.0,165145140.0,10234449.062904034,1023444906.2904034
261,n02503517_10173_elephant.jpg,alpha_beta,16.136202,-6.965256e+19,6.965256e+19,4.316540068854782e+18,4.316540068854782e+20
261,n02503517_10173_elephant.jpg,composite,16.136202,1592.6726,1576.5364,97.70182541580898,9770.182541580898
262,n04442312_18045_toaster.jpg,z_plus,19.147314,5.6011004,13.546213,0.7074732831259125,70.74732831259125
262,n04442312_18045_toaster.jpg,epsilon,19.147314,17165526.0,17165506.0,896496.8107205417,89649681.07205418
262,n04442312_18045_toaster.jpg,alpha_beta,19.147314,2.8551915e+17,2.8551915e+17,1.4911707782767534e+16,1.4911707782767534e+18
262,n04442312_18045_toaster.jpg,composite,19.147314,125.12826,105.98094,5.53502916233117,553.5029162331169
263,n02924116_29310_bus.jpg,z_plus,10.015073,3.9859414,6.0291314,0.6020057486068744,60.20057486068744
263,n02924116_29310_bus.jpg,epsilon,10.015073,-116359496.0,116359500.0,11618438.133185023,1161843813.3185024
263,n02924116_29310_bus.jpg,alpha_beta,10.015073,8.345945e+19,8.345945e+19,8.333384282209443e+18,8.333384282209443e+20
263,n02924116_29310_bus.jpg,composite,10.015073,102.30785,92.29278,9.215387610354929,921.5387610354929
264,n01639765_19901_frog.jpg,z_plus,15.554064,9.879598,5.674466,0.3648220945222295,36.48220945222295
264,n01639765_19901_frog.jpg,epsilon,15.554064,341419970.0,341419970.0,21950531.54172901,2195053154.172901
264,n01639765_19901_frog.jpg,alpha_beta,15.554064,2.3242525e+20,2.3242525e+20,1.4943056415398222e+19,1.4943056415398222e+21
264,n01639765_19901_frog.jpg,composite,15.554064,411.5136,395.95953,25.456982743146185,2545.6982743146186
265,n03793489_12151_computer_mouse.jpg,z_plus,20.86593,14.90146,5.964471,0.2858473455900468,28.584734559004684
265,n03793489_12151_computer_mouse.jpg,epsilon,20.86593,1833480.5,1833459.6,87868.57695522228,8786857.695522228
265,n03793489_12151_computer_mouse.jpg,alpha_beta,20.86593,-2.672554e+16,2.672554e+16,1280821823471981.2,1.2808218234719813e+17
265,n03793489_12151_computer_mouse.jpg,composite,20.86593,4722.465,4701.599,225.32420051760428,22532.42005176043
266,n03710721_2170_maillot.jpg,z_plus,15.820074,9.400372,6.4197025,0.40579471982629545,40.57947198262954
266,n03710721_2170_maillot.jpg,epsilon,15.820074,56561456.0,56561440.0,3575295.520445791,357529552.0445791
266,n03710721_2170_maillot.jpg,alpha_beta,15.820074,6.9462883e+19,6.9462883e+19,4.390806425679438e+18,4.3908064256794375e+20
266,n03710721_2170_maillot.jpg,composite,15.820074,1111.8671,1096.047,69.28203947465887,6928.203947465888
267,n02509815_10244_red_panda.jpg,z_plus,7.7482405,3.9869359,3.7613046,0.48543984025478354,48.54398402547835
267,n02509815_10244_red_panda.jpg,epsilon,7.7482405,804051700.0,804051700.0,103772168.00606884,10377216800.606884
267,n02509815_10244_red_panda.jpg,alpha_beta,7.7482405,5.515316e+21,5.515316e+21,7.118152633778639e+20,7.118152633778639e+22
267,n02509815_10244_red_panda.jpg,composite,7.7482405,241.4963,233.74806,30.167889468831298,3016.78894688313
268,n04141076_45733_saxophone.jpg,z_plus,15.417394,13.781901,1.6354923,0.10608098607349185,10.608098607349186
268,n04141076_45733_saxophone.jpg,epsilon,15.417394,7061547.5,7061532.0,458023.7194496114,45802371.94496114
268,n04141076_45733_saxophone.jpg,alpha_beta,15.417394,4.695791e+19,4.695791e+19,3.045774971501124e+18,3.045774971501124e+20
268,n04141076_45733_saxophone.jpg,composite,15.417394,1788.7266,1773.3092,115.02003777605591,11502.00377760559
269,n07749582_2107_lemon.jpg,z_plus,11.350127,10.128344,1.2217836,0.10764492892409065,10.764492892409065
269,n07749582_2107_lemon.jpg,epsilon,11.350127,-748376700.0,748376700.0,65935534.41455813,6593553441.455812
269,n07749582_2107_lemon.jpg,alpha_beta,11.350127,6.1669106e+20,6.1669106e+20,5.4333404720049725e+19,5.433340472004973e+21
269,n07749582_2107_lemon.jpg,composite,11.350127,4281.3384,4269.9883,376.2062043931812,37620.620439318125
270,n01443537_2675_goldfish.jpg,z_plus,19.528505,12.314745,7.2137604,0.36939644153180606,36.93964415318061
270,n01443537_2675_goldfish.jpg,epsilon,19.528505,84497970.0,84497950.0,4326903.190390471,432690319.0390471
270,n01443537_2675_goldfish.jpg,alpha_beta,19.528505,2.61169e+20,2.61169e+20,1.3373732300079346e+19,1.3373732300079345e+21
270,n01443537_2675_goldfish.jpg,composite,19.528505,1595.3062,1575.7776,80.69115180909647,8069.115180909646
271,n01982650_3524_lobster.jpg,z_plus,20.379665,6.008176,14.37149,0.7051877084271452,70.51877084271452
271,n01982650_3524_lobster.jpg,epsilon,20.379665,-127530720.0,127530744.0,6257744.749416428,625774474.9416428
271,n01982650_3524_lobster.jpg,alpha_beta,20.379665,8.9312925e+20,8.9312925e+20,4.382452962658271e+19,4.3824529626582714e+21
271,n01982650_3524_lobster.jpg,composite,20.379665,583.0656,562.686,27.61016747558959,2761.016747558959
272,n04118776_8449_ruler.jpg,z_plus,16.554037,9.973914,6.580123,0.3974935485455778,39.74935485455778
272,n04118776_8449_ruler.jpg,epsilon,16.554037,315457630.0,315457600.0,19056233.726398174,1905623372.6398175
272,n04118776_8449_ruler.jpg,alpha_beta,16.554037,1.6985034e+17,1.6985034e+17,1.0260357584061544e+16,1.0260357584061544e+18
272,n04118776_8449_ruler.jpg,composite,16.554037,1300.8043,1284.2502,77.57927789829019,7757.927789829018
273,n03942813_3240_ping-pong_ball.jpg,z_plus,17.838951,5.092399,12.7465515,0.714534808339258,71.4534808339258
273,n03942813_3240_ping-pong_ball.jpg,epsilon,17.838951,72500570.0,72500550.0,4064171.2366082356,406417123.6608236
273,n03942813_3240_ping-pong_ball.jpg,alpha_beta,17.838951,-6.334347e+19,6.334347e+19,3.550851807904354e+18,3.5508518079043535e+20
273,n03942813_3240_ping-pong_ball.jpg,composite,17.838951,368.07758,350.23862,19.633363797432207,1963.3363797432207
274,n01910747_13396_jellyfish.jpg,z_plus,27.402763,10.35248,17.050283,0.6222103662765893,62.22103662765893
274,n01910747_13396_jellyfish.jpg,epsilon,27.402763,-28053848.0,28053876.0,1023760.83840757,102376083.840757
274,n01910747_13396_jellyfish.jpg,alpha_beta,27.402763,-9208649000000000.0,9208649000000000.0,336048200814132.9,3.360482008141329e+16
274,n01910747_13396_jellyfish.jpg,composite,27.402763,1842.579,1815.1763,66.24062855174942,6624.062855174942
275,n04554684_8752_washer.jpg,z_plus,11.948516,2.321666,9.62685,0.8056942146087345,80.56942146087344
275,n04554684_8752_washer.jpg,epsilon,11.948516,2103482600.0,2103482600.0,176045514.17362612,17604551417.362614
275,n04554684_8752_washer.jpg,alpha_beta,11.948516,1.589908e+19,1.589908e+19,1.330632198758428e+18,1.3306321987584279e+20
275,n04554684_8752_washer.jpg,composite,11.948516,16.547554,4.599038,0.3849045492560056,38.49045492560056
276,n01944390_7816_snail.jpg,z_plus,24.78231,15.307961,9.474349,0.38230289411242696,38.230289411242694
276,n01944390_7816_snail.jpg,epsilon,24.78231,143153710.0,143153680.0,5776446.069304915,577644606.9304916
276,n01944390_7816_snail.jpg,alpha_beta,24.78231,1.6513056e+19,1.6513056e+19,6.663243151784824e+17,6.663243151784824e+19
276,n01944390_7816_snail.jpg,composite,24.78231,2260.1394,2235.3572,90.19970833314422,9019.97083331442
277,n04554684_55847_washer.jpg,z_plus,11.240552,3.2172291,8.023323,0.713783726554915,71.37837265549149
277,n04554684_55847_washer.jpg,epsilon,11.240552,848940500.0,848940500.0,75524803.74722038,7552480374.722038
277,n04554684_55847_washer.jpg,alpha_beta,11.240552,5.6996885e+18,5.6996885e+18,5.0706482509243315e+17,5.070648250924332e+19
277,n04554684_55847_washer.jpg,composite,11.240552,80.49192,69.251366,6.160850994902409,616.085099490241
278,n02883205_623_bow_tie.jpg,z_plus,14.402265,8.219683,6.182582,0.429278455504406,42.9278455504406
278,n02883205_623_bow_tie.jpg,epsilon,14.402265,324872770.0,324872770.0,22557061.48389416,2255706148.3894157
278,n02883205_623_bow_tie.jpg,alpha_beta,14.402265,-4.0662246e+17,4.0662246e+17,2.8233230449609056e+16,2.8233230449609057e+18
278,n02883205_623_bow_tie.jpg,composite,14.402265,1891.929,1877.5267,130.36329952691975,13036.329952691975
279,n04131690_773_salt_or_pepper_shaker.jpg,z_plus,8.195629,4.0067415,4.1888876,0.5111123910502365,51.11123910502366
279,n04131690_773_salt_or_pepper_shaker.jpg,epsilon,8.195629,121661144.0,121661140.0,14844636.599055856,1484463659.9055858
279,n04131690_773_salt_or_pepper_shaker.jpg,alpha_beta,8.195629,-4.0594208e+18,4.0594208e+18,4.953153423924657e+17,4.953153423924657e+19
279,n04131690_773_salt_or_pepper_shaker.jpg,composite,8.195629,537.4711,529.2755,64.58021768546439,6458.0217685464395
280,n03495258_2540_harp.jpg,z_plus,23.34959,16.119549,7.2300415,0.3096431847512078,30.964318475120777
280,n03495258_2540_harp.jpg,epsilon,23.34959,-308239300.0,308239330.0,13201059.376481516,1320105937.6481516
280,n03495258_2540_harp.jpg,alpha_beta,23.34959,1.1856188e+21,1.1856188e+21,5.077685511569029e+19,5.077685511569028e+21
280,n03495258_2540_harp.jpg,composite,23.34959,5555.934,5532.5845,236.94567660404073,23694.56766040407
281,n02510455_7939_giant_panda.jpg,z_plus,19.324589,12.718495,6.6060934,0.34184910649506967,34.18491064950697
281,n02510455_7939_giant_panda.jpg,epsilon,19.324589,-3162179800.0,3162179800.0,163635039.09709948,16363503909.709948
281,n02510455_7939_giant_panda.jpg,alpha_beta,19.324589,-2.8499495e+19,2.8499495e+19,1.4747788764354127e+18,1.4747788764354127e+20
281,n02510455_7939_giant_panda.jpg,composite,19.324589,2733.5925,2714.2678,140.4566924367068,14045.669243670678
282,n02799071_5092_baseball.jpg,z_plus,15.469595,9.099555,6.37004,0.4117780690325531,41.17780690325531
282,n02799071_5092_baseball.jpg,epsilon,15.469595,-314390820.0,314390820.0,20323144.651504327,2032314465.1504326
282,n02799071_5092_baseball.jpg,alpha_beta,15.469595,-7.529011e+19,7.529011e+19,4.866973857758302e+18,4.866973857758302e+20
282,n02799071_5092_baseball.jpg,composite,15.469595,2991.1868,2975.7173,192.35909495591696,19235.909495591695
283,n04023962_18197_punching_bag.jpg,z_plus,17.009922,10.776828,6.233094,0.36643872940260136,36.64387294026014
283,n04023962_18197_punching_bag.jpg,epsilon,17.009922,-1145353600.0,1145353600.0,67334441.5144908,6733444151.4490795
283,n04023962_18197_punching_bag.jpg,alpha_beta,17.009922,-7.8890646e+18,7.8890646e+18,4.637919348196131e+17,4.637919348196131e+19
283,n04023962_18197_punching_bag.jpg,composite,17.009922,2184.2417,2167.2317,127.4098544255962,12740.985442559619
284,n04256520_41397_sofa.jpg,z_plus,17.284866,10.519029,6.7658377,0.391431298260076,39.1431298260076
284,n04256520_41397_sofa.jpg,epsilon,17.284866,-15404362.0,15404379.0,891206.1396559387,89120613.96559387
284,n04256520_41397_sofa.jpg,alpha_beta,17.284866,-4.357706e+18,4.357706e+18,2.521110603362299e+17,2.521110603362299e+19
284,n04256520_41397_sofa.jpg,composite,17.284866,2325.5493,2308.2644,133.54250820877837,13354.250820877838
285,n02445715_7191_skunk.jpg,z_plus,29.094967,20.612215,8.482752,0.29155392678573083,29.155392678573083
285,n02445715_7191_skunk.jpg,epsilon,29.094967,151756830.0,151756800.0,5215912.448937827,521591244.8937827
285,n02445715_7191_skunk.jpg,alpha_beta,29.094967,-2.253824e+21,2.253824e+21,7.746439614609896e+19,7.746439614609897e+21
285,n02445715_7191_skunk.jpg,composite,29.094967,656.57104,627.4761,21.56648181121514,2156.648181121514
286,n04252225_3650_snowplow.jpg,z_plus,29.020885,16.792273,12.228613,0.4213728389866385,42.13728389866385
286,n04252225_3650_snowplow.jpg,epsilon,29.020885,524646850.0,524646820.0,18078249.768393017,1807824976.8393018
286,n04252225_3650_snowplow.jpg,alpha_beta,29.020885,-2.0533246e+21,2.0533246e+21,7.075334183794342e+19,7.075334183794342e+21
286,n04252225_3650_snowplow.jpg,composite,29.020885,3528.684,3499.663,120.591189050127,12059.1189050127
287,n02268443_2033_dragonfly.jpg,z_plus,20.9244,12.611775,8.312625,0.39726944619689,39.726944619689
287,n02268443_2033_dragonfly.jpg,epsilon,20.9244,-402603900.0,402603940.0,19240882.87545447,1924088287.545447
287,n02268443_2033_dragonfly.jpg,alpha_beta,20.9244,3.5920373e+20,3.5920373e+20,1.7166739447926847e+19,1.7166739447926848e+21
287,n02268443_2033_dragonfly.jpg,composite,20.9244,1303.1951,1282.2706,61.28111724225772,6128.111724225772
288,n03761084_5403_microwave.jpg,z_plus,21.337671,10.763697,10.573975,0.4955542931639642,49.55542931639642
288,n03761084_5403_microwave.jpg,epsilon,21.337671,-11052723.0,11052744.0,517992.04582788306,51799204.5827883
288,n03761084_5403_microwave.jpg,alpha_beta,21.337671,2.9780835e+21,2.9780835e+21,1.3956928403461865e+20,1.3956928403461865e+22
288,n03761084_5403_microwave.jpg,composite,21.337671,1636.0399,1614.7023,75.67378132554863,7567.378132554863
289,n03770439_12438_miniskirt.jpg,z_plus,18.451176,7.4738936,10.977282,0.5949366996689056,59.493669966890565
289,n03770439_12438_miniskirt.jpg,epsilon,18.451176,26626966.0,26626948.0,1443103.054588809,144310305.4588809
289,n03770439_12438_miniskirt.jpg,alpha_beta,18.451176,5.2496265e+18,5.2496265e+18,2.845144722024669e+17,2.845144722024669e+19
289,n03770439_12438_miniskirt.jpg,composite,18.451176,712.6907,694.2395,37.62575965840201,3762.575965840201
290,n03394916_40519_french_horn.jpg,z_plus,11.631337,6.0772567,5.5540805,0.4775100580985145,47.75100580985145
290,n03394916_40519_french_horn.jpg,epsilon,11.631337,-246221520.0,246221540.0,21168807.375141356,2116880737.5141356
290,n03394916_40519_french_horn.jpg,alpha_beta,11.631337,3.4187684e+18,3.4187684e+18,2.93927375239322e+17,2.9392737523932197e+19
290,n03394916_40519_french_horn.jpg,composite,11.631337,1858.934,1847.3026,158.8211729922494,15882.11729922494
291,n02672831_7054_accordion.jpg,z_plus,18.314781,8.177332,10.137449,0.5535118961771133,55.35118961771133
291,n02672831_7054_accordion.jpg,epsilon,18.314781,232466510.0,232466500.0,12692835.016089331,1269283501.6089332
291,n02672831_7054_accordion.jpg,alpha_beta,18.314781,2.1746387e+20,2.1746387e+20,1.1873681175439745e+19,1.1873681175439745e+21
291,n02672831_7054_accordion.jpg,composite,18.314781,8596.842,8578.527,468.3936572745081,46839.36572745081
292,n04074963_2109_remote_control.jpg,z_plus,25.562815,17.385153,8.177662,0.3199045953036397,31.990459530363967
292,n04074963_2109_remote_control.jpg,epsilon,25.562815,-349402240.0,349402270.0,13668380.259202957,1366838025.9202957
292,n04074963_2109_remote_control.jpg,alpha_beta,25.562815,-6.3571203e+19,6.3571203e+19,2.486862396311369e+18,2.486862396311369e+20
292,n04074963_2109_remote_control.jpg,composite,25.562815,3873.2463,3847.6836,150.51877646769162,15051.877646769162
293,n03128519_21456_cream.jpg,z_plus,11.525966,7.0785513,4.4474144,0.3858604577861663,38.58604577861663
293,n03128519_21456_cream.jpg,epsilon,11.525966,8012394.0,8012382.5,695159.3223837587,69515932.23837587
293,n03128519_21456_cream.jpg,alpha_beta,11.525966,1.0720867e+19,1.0720867e+19,9.301491587180796e+17,9.301491587180796e+19
293,n03128519_21456_cream.jpg,composite,11.525966,669.44916,657.9232,57.081830310513126,5708.183031051312
294,n02402425_58691_cattle.jpg,z_plus,13.285036,8.927645,4.3573914,0.3279924366442582,32.79924366442582
294,n02402425_58691_cattle.jpg,epsilon,13.285036,-352903680.0,352903680.0,26563998.59672253,2656399859.6722527
294,n02402425_58691_cattle.jpg,alpha_beta,13.285036,3.3591688e+18,3.3591688e+18,2.5285357180597715e+17,2.5285357180597715e+19
294,n02402425_58691_cattle.jpg,composite,13.285036,1535.9805,1522.6954,114.61733520931712,11461.733520931712
295,n02118333_2661_fox.jpg,z_plus,21.498096,8.754086,12.744011,0.5927971783370247,59.27971783370247
295,n02118333_2661_fox.jpg,epsilon,21.498096,18645166.0,18645144.0,867292.7869946421,86729278.69946422
295,n02118333_2661_fox.jpg,alpha_beta,21.498096,-3.0881202e+18,3.0881202e+18,1.4364621762396246e+17,1.4364621762396246e+19
295,n02118333_2661_fox.jpg,composite,21.498096,1025.1891,1003.691,46.68743488715768,4668.743488715768
296,n07734744_4530_mushroom.jpg,z_plus,16.114979,7.61678,8.498199,0.5273478527621401,52.73478527621401
296,n07734744_4530_mushroom.jpg,epsilon,16.114979,-137141460.0,137141470.0,8510186.316483492,851018631.6483492
296,n07734744_4530_mushroom.jpg,alpha_beta,16.114979,2.0779672e+21,2.0779672e+21,1.2894631933240407e+20,1.2894631933240406e+22
296,n07734744_4530_mushroom.jpg,composite,16.114979,717.48114,701.36615,43.52262320579172,4352.2623205791715
297,n03995372_8962_power_drill.jpg,z_plus,11.359396,4.9230156,6.4363804,0.5666129076444808,56.66129076444808
297,n03995372_8962_power_drill.jpg,epsilon,11.359396,-227395340.0,227395360.0,20018261.566339664,2001826156.6339664
297,n03995372_8962_power_drill.jpg,alpha_beta,11.359396,-8.243248e+17,8.243248e+17,7.256766364182269e+16,7.256766364182269e+18
297,n03995372_8962_power_drill.jpg,composite,11.359396,670.4053,659.0459,58.017688571768566,5801.768857176857
298,n03207941_297_dishwasher.jpg,z_plus,14.603666,11.974509,2.629157,0.18003404153157304,18.003404153157305
298,n03207941_297_dishwasher.jpg,epsilon,14.603666,45679316.0,45679300.0,3127933.701110185,312793370.11101854
298,n03207941_297_dishwasher.jpg,alpha_beta,14.603666,8.4303975e+17,8.4303975e+17,5.772795227878801e+16,5.7727952278788e+18
298,n03207941_297_dishwasher.jpg,composite,14.603666,4255.3955,4240.792,290.3922825385127,29039.22825385127
299,n02970849_4696_cart.jpg,z_plus,21.22419,9.344777,11.879413,0.559711008325124,55.9711008325124
299,n02970849_4696_cart.jpg,epsilon,21.22419,-98460400.0,98460424.0,4639066.325575659,463906632.5575659
299,n02970849_4696_cart.jpg,alpha_beta,21.22419,7.652989e+20,7.652989e+20,3.605786014869056e+19,3.605786014869056e+21
299,n02970849_4696_cart.jpg,composite,21.22419,608.99554,587.77136,27.693465285152598,2769.3465285152597
300,n04254120_1439_soap_dispenser.jpg,z_plus,28.98153,8.105784,20.875744,0.720312019954786,72.0312019954786
300,n04254120_1439_soap_dispenser.jpg,epsilon,28.98153,-1102693900.0,1102693900.0,38048160.9161711,3804816091.6171103
300,n04254120_1439_soap_dispenser.jpg,alpha_beta,28.98153,1.1369469e+21,1.1369469e+21,3.923005151293445e+19,3.923005151293445e+21
300,n04254120_1439_soap_dispenser.jpg,composite,28.98153,250.95993,221.9784,7.659305750937389,765.930575093739
301,n03134739_1193_croquet_ball.jpg,z_plus,18.626888,3.0312188,15.59567,0.8372665103902875,83.72665103902875
301,n03134739_1193_croquet_ball.jpg,epsilon,18.626888,-33730372.0,33730390.0,1810844.167847133,181084416.7847133
301,n03134739_1193_croquet_ball.jpg,alpha_beta,18.626888,-1.938736e+19,1.938736e+19,1.0408266045669316e+18,1.0408266045669315e+20
301,n03134739_1193_croquet_ball.jpg,composite,18.626888,21.253897,2.6270084,0.1410331344218394,14.10331344218394
302,n03372029_49129_flute.jpg,z_plus,18.238237,4.8652363,13.373001,0.7332397763308385,73.32397763308384
302,n03372029_49129_flute.jpg,epsilon,18.238237,-57057412.0,57057430.0,3128451.0013215514,312845100.1321551
302,n03372029_49129_flute.jpg,alpha_beta,18.238237,2.5556177e+21,2.5556177e+21,1.401241609905833e+20,1.4012416099058329e+22
302,n03372029_49129_flute.jpg,composite,18.238237,338.34305,320.1048,17.551301184374886,1755.1301184374886
303,n01882714_11108_koala_bear.jpg,z_plus,20.596102,22.287893,1.6917915,0.08214134664824532,8.214134664824533
303,n01882714_11108_koala_bear.jpg,epsilon,20.596102,159925620.0,159925600.0,7764848.020712261,776484802.0712261
303,n01882714_11108_koala_bear.jpg,alpha_beta,20.596102,-1.4474229e+21,1.4474229e+21,7.027654448885777e+19,7.027654448885777e+21
303,n01882714_11108_koala_bear.jpg,composite,20.596102,6755.773,6735.177,327.01221015927166,32701.221015927167
304,n04023962_3468_punching_bag.jpg,z_plus,16.189934,3.3253872,12.864547,0.7946015686249409,79.46015686249409
304,n04023962_3468_punching_bag.jpg,epsilon,16.189934,-527419040.0,527419070.0,32576975.251214545,3257697525.1214547
304,n04023962_3468_punching_bag.jpg,alpha_beta,16.189934,-1.1215941e+20,1.1215941e+20,6.92772525655068e+18,6.92772525655068e+20
304,n04023962_3468_punching_bag.jpg,composite,16.189934,138.98862,122.79868,7.584878656790276,758.4878656790277
305,n03991062_7689_flower_pot.jpg,z_plus,22.885145,14.362755,8.52239,0.3723983525316949,37.23983525316949
305,n03991062_7689_flower_pot.jpg,epsilon,22.885145,-25810764.0,25810786.0,1127840.1682637276,112784016.82637276
305,n03991062_7689_flower_pot.jpg,alpha_beta,22.885145,9.994896e+16,9.994896e+16,4367416340014644.0,4.367416340014644e+17
305,n03991062_7689_flower_pot.jpg,composite,22.885145,3363.036,3340.1506,145.95278322559642,14595.278322559641
306,n03961711_1377_plate_rack.jpg,z_plus,9.430014,3.062177,6.367837,0.6752733541447682,67.52733541447682
306,n03961711_1377_plate_rack.jpg,epsilon,9.430014,-2455315700.0,2455315700.0,260372444.95578736,26037244495.578735
306,n03961711_1377_plate_rack.jpg,alpha_beta,9.430014,3.0289086e+21,3.0289086e+21,3.211987496238313e+20,3.211987496238313e+22
306,n03961711_1377_plate_rack.jpg,composite,9.430014,94.53466,85.104645,9.024869726106422,902.4869726106422
307,n02121808_1421_domestic_cat.jpg,z_plus,13.759175,5.5900893,8.169086,0.5937191929918924,59.37191929918924
307,n02121808_1421_domestic_cat.jpg,epsilon,13.759175,264527580.0,264527570.0,19225539.481953893,1922553948.1953893
307,n02121808_1421_domestic_cat.jpg,alpha_beta,13.759175,1.0173327e+20,1.0173327e+20,7.393849551600478e+18,7.393849551600478e+20
307,n02121808_1421_domestic_cat.jpg,composite,13.759175,749.94305,736.1839,53.504943631343416,5350.494363134341
308,n01910747_17159_jellyfish.jpg,z_plus,13.84426,7.3603907,6.4838696,0.46834351934263746,46.83435193426374
308,n01910747_17159_jellyfish.jpg,epsilon,13.84426,603570500.0,603570500.0,43597164.92971889,4359716492.971889
308,n01910747_17159_jellyfish.jpg,alpha_beta,13.84426,-2.1768487e+20,2.1768487e+20,1.5723835169260495e+19,1.5723835169260495e+21
308,n01910747_17159_jellyfish.jpg,composite,13.84426,819.31134,805.4671,58.180580936763725,5818.058093676373
309,n03124170_6694_hat_with_a_wide_brim.jpg,z_plus,12.996009,3.4197166,9.576292,0.7368640734874202,73.68640734874202
309,n03124170_6694_hat_with_a_wide_brim.jpg,epsilon,12.996009,931004300.0,931004300.0,71637707.93228641,7163770793.2286415
309,n03124170_6694_hat_with_a_wide_brim.jpg,alpha_beta,12.996009,1.7017531e+22,1.7017531e+22,1.3094428759299486e+21,1.3094428759299485e+23
309,n03124170_6694_hat_with_a_wide_brim.jpg,composite,12.996009,133.38785,120.39184,9.263754683541288,926.3754683541288
310,n02924116_31580_bus.jpg,z_plus,9.139018,6.7184772,2.4205408,0.26485786479455203,26.485786479455204
310,n02924116_31580_bus.jpg,epsilon,9.139018,86824670.0,86824664.0,9500436.855698694,950043685.5698694
310,n02924116_31580_bus.jpg,alpha_beta,9.139018,-3.4733945e+20,3.4733945e+20,3.800621144262852e+19,3.800621144262852e+21
310,n02924116_31580_bus.jpg,composite,9.139018,380.32248,371.18347,40.615246545289196,4061.5246545289197
311,n02129604_4493_tiger.jpg,z_plus,8.86671,4.7710085,4.095701,0.4619189475612149,46.191894756121485
311,n02129604_4493_tiger.jpg,epsilon,8.86671,520735780.0,520735780.0,58729313.693767466,5872931369.376746
311,n02129604_4493_tiger.jpg,alpha_beta,8.86671,4.3393837e+18,4.3393837e+18,4.894018028463783e+17,4.894018028463783e+19
311,n02129604_4493_tiger.jpg,composite,8.86671,315.7339,306.8672,34.60891328697888,3460.891328697888
312,n02691156_7241_airplane.jpg,z_plus,10.957877,5.6963415,5.2615356,0.4801601229552639,48.01601229552639
312,n02691156_7241_airplane.jpg,epsilon,10.957877,1372642700.0,1372642700.0,125265383.79128325,12526538379.128325
312,n02691156_7241_airplane.jpg,alpha_beta,10.957877,1.8696037e+22,1.8696037e+22,1.7061733016525697e+21,1.70617330165257e+23
312,n02691156_7241_airplane.jpg,composite,10.957877,1394.0898,1383.132,126.22261938121926,12622.261938121927
313,n07697537_3512_hotdog.jpg,z_plus,9.284636,7.05112,2.2335157,0.24056041065459385,24.056041065459386
313,n07697537_3512_hotdog.jpg,epsilon,9.284636,9561716.0,9561707.0,1029841.9312033461,102984193.12033461
313,n07697537_3512_hotdog.jpg,alpha_beta,9.284636,1.0371356e+18,1.0371356e+18,1.1170450064637061e+17,1.1170450064637061e+19
313,n07697537_3512_hotdog.jpg,composite,9.284636,464.06552,454.78088,48.982093222025384,4898.209322202539
314,n04074963_13088_remote_control.jpg,z_plus,10.650056,7.4898767,3.1601791,0.29672887841314954,29.672887841314953
314,n04074963_13088_remote_control.jpg,epsilon,10.650056,6689809.0,6689798.5,628146.7976704447,62814679.76704447
314,n04074963_13088_remote_control.jpg,alpha_beta,10.650056,-9.712334e+17,9.712334e+17,9.119514519334872e+16,9.119514519334872e+18
314,n04074963_13088_remote_control.jpg,composite,10.650056,642.1293,631.4792,59.29350923154816,5929.350923154816
315,n04379243_4875_table.jpg,z_plus,11.591478,7.351726,4.2397523,0.3657645871443054,36.57645871443054
315,n04379243_4875_table.jpg,epsilon,11.591478,-437219700.0,437219700.0,37719063.85401484,3771906385.4014845
315,n04379243_4875_table.jpg,alpha_beta,11.591478,-2.5994781e+19,2.5994781e+19,2.242576888388764e+18,2.242576888388764e+20
315,n04379243_4875_table.jpg,composite,11.591478,581.32465,569.73315,49.1510346785854,4915.103467858539
316,n07749582_16812_lemon.jpg,z_plus,14.921265,9.582587,5.3386774,0.357789874500503,35.778987450050295
316,n07749582_16812_lemon.jpg,epsilon,14.921265,103902730.0,103902710.0,6963398.508176511,696339850.8176512
316,n07749582_16812_lemon.jpg,alpha_beta,14.921265,-8.630831e+16,8.630831e+16,5784249172819193.0,5.784249172819194e+17
316,n07749582_16812_lemon.jpg,composite,14.921265,730.81396,715.8927,47.97801774947408,4797.8017749474075
317,n02274259_379_butterfly.jpg,z_plus,20.584003,12.625295,7.958709,0.3866453278951995,38.66453278951995
317,n02274259_379_butterfly.jpg,epsilon,20.584003,6840074.0,6840053.5,332299.47307313984,33229947.307313986
317,n02274259_379_butterfly.jpg,alpha_beta,20.584003,-4.7201093e+23,4.7201093e+23,2.293095845188559e+22,2.293095845188559e+24
317,n02274259_379_butterfly.jpg,composite,20.584003,1422.5339,1401.95,68.10871143761203,6810.871143761203
318,n04442312_6578_toaster.jpg,z_plus,12.977023,5.8425164,7.1345067,0.5497799174216309,54.97799174216309
318,n04442312_6578_toaster.jpg,epsilon,12.977023,-39463212.0,39463224.0,3041007.4496871205,304100744.96871203
318,n04442312_6578_toaster.jpg,alpha_beta,12.977023,-4.2238834e+19,4.2238834e+19,3.2548939680135404e+18,3.25489396801354e+20
318,n04442312_6578_toaster.jpg,composite,12.977023,31.295025,18.318,1.4115718694518575,141.15718694518574
319,n02398521_24812_hippopotamus.jpg,z_plus,16.042505,9.916837,6.1256685,0.38183989497902376,38.183989497902374
319,n02398521_24812_hippopotamus.jpg,epsilon,16.042505,33171340.0,33171324.0,2067714.7023779666,206771470.23779666
319,n02398521_24812_hippopotamus.jpg,alpha_beta,16.042505,-1.08688425e+17,1.08688425e+17,6775028177670024.0,6.775028177670024e+17
319,n02398521_24812_hippopotamus.jpg,composite,16.042505,823.9134,807.8709,50.35815150348457,5035.815150348457
320,n04118538_7671_rugby_ball.jpg,z_plus,17.438023,5.014458,12.423565,0.7124411514720818,71.24411514720818
320,n04118538_7671_rugby_ball.jpg,epsilon,17.438023,-889229760.0,889229760.0,50993726.73477876,5099372673.477877
320,n04118538_7671_rugby_ball.jpg,alpha_beta,17.438023,-8.568661e+18,8.568661e+18,4.9137803238586995e+17,4.9137803238587e+19
320,n04118538_7671_rugby_ball.jpg,composite,17.438023,257.362,239.92398,13.758668973914542,1375.8668973914541
321,n07695742_4248_pretzel.jpg,z_plus,16.487978,4.567406,11.920572,0.7229856986397799,72.29856986397799
321,n07695742_4248_pretzel.jpg,epsilon,16.487978,111885010.0,111884990.0,6785852.826725944,678585282.6725944
321,n07695742_4248_pretzel.jpg,alpha_beta,16.487978,-1.8448978e+21,1.8448978e+21,1.1189351172809497e+20,1.1189351172809496e+22
321,n07695742_4248_pretzel.jpg,composite,16.487978,33.3177,16.829721,1.020726827061487,102.07268270614871
322,n02764044_34263_axe.jpg,z_plus,17.33323,9.927456,7.405773,0.4272587141534769,42.72587141534769
322,n02764044_34263_axe.jpg,epsilon,17.33323,-195146110.0,195146130.0,11258498.18620632,1125849818.620632
322,n02764044_34263_axe.jpg,alpha_beta,17.33323,-1.349665e+20,1.349665e+20,7.786575897162318e+18,7.786575897162318e+20
322,n02764044_34263_axe.jpg,composite,17.33323,694.94684,677.6136,39.09332668759596,3909.3326687595963
323,n01990800_3901_isopod.jpg,z_plus,16.801556,11.836481,4.9650745,0.29551278745737714,29.551278745737715
323,n01990800_3901_isopod.jpg,epsilon,16.801556,247230190.0,247230180.0,14714719.361562043,1471471936.1562042
323,n01990800_3901_isopod.jpg,alpha_beta,16.801556,-1.265714e+20,1.265714e+20,7.533314229249719e+18,7.53331422924972e+20
323,n01990800_3901_isopod.jpg,composite,16.801556,1074.9806,1058.1791,62.98101795840637,6298.101795840637
324,n03249569_44884_drum.jpg,z_plus,11.725342,6.2211623,5.5041795,0.469425929970688,46.9425929970688
324,n03249569_44884_drum.jpg,epsilon,11.725342,-43342228.0,43342240.0,3696458.5550806695,369645855.50806695
324,n03249569_44884_drum.jpg,alpha_beta,11.725342,-2.2218377e+19,2.2218377e+19,1.8949022726368348e+18,1.894902272636835e+20
324,n03249569_44884_drum.jpg,composite,11.725342,335.85806,324.13272,27.64377589453372,2764.3775894533724
325,n03676483_8016_lipstick.jpg,z_plus,10.325701,6.9077606,3.4179401,0.3310128986806576,33.101289868065756
325,n03676483_8016_lipstick.jpg,epsilon,10.325701,-126109760.0,126109770.0,12213192.200735286,1221319220.0735285
325,n03676483_8016_lipstick.jpg,alpha_beta,10.325701,2.3671092e+17,2.3671092e+17,2.292444126241701e+16,2.2924441262417009e+18
325,n03676483_8016_lipstick.jpg,composite,10.325701,462.51862,452.1929,43.79295043336636,4379.295043336636
326,n07768694_6136_pomegranate.jpg,z_plus,14.494219,11.588115,2.906104,0.2005009116018815,20.05009116018815
326,n07768694_6136_pomegranate.jpg,epsilon,14.494219,-1724273700.0,1724273700.0,118962855.78033598,11896285578.033598
326,n07768694_6136_pomegranate.jpg,alpha_beta,14.494219,-2.171428e+20,2.171428e+20,1.4981338438963472e+19,1.4981338438963471e+21
326,n07768694_6136_pomegranate.jpg,composite,14.494219,7136.018,7121.524,491.3354773125659,49133.54773125659
327,n01784675_23760_centipede.jpg,z_plus,12.336206,6.7853236,5.550883,0.44996675798122027,44.99667579812203
327,n01784675_23760_centipede.jpg,epsilon,12.336206,-204944930.0,204944940.0,16613287.48380023,1661328748.380023
327,n01784675_23760_centipede.jpg,alpha_beta,12.336206,3.3413946e+22,3.3413946e+22,2.7086079052692676e+21,2.7086079052692677e+23
327,n01784675_23760_centipede.jpg,composite,12.336206,463.39038,451.05417,36.56344201103637,3656.3442011036373
328,n03991062_3915_flower_pot.jpg,z_plus,12.882493,4.67176,8.210733,0.6373559373083209,63.735593730832086
328,n03991062_3915_flower_pot.jpg,epsilon,12.882493,2958694700.0,2958694700.0,229667864.08366427,22966786408.36643
328,n03991062_3915_flower_pot.jpg,alpha_beta,12.882493,-1.8088841e+19,1.8088841e+19,1.4041413347565332e+18,1.4041413347565332e+20
328,n03991062_3915_flower_pot.jpg,composite,12.882493,184.6317,171.7492,13.331985220169921,1333.198522016992
329,n03636649_5469_lamp.jpg,z_plus,12.414092,6.336272,6.0778203,0.4895904001097806,48.95904001097806
329,n03636649_5469_lamp.jpg,epsilon,12.414092,27826716.0,27826704.0,2241541.6169394758,224154161.69394758
329,n03636649_5469_lamp.jpg,alpha_beta,12.414092,-1.1767541e+21,1.1767541e+21,9.47917999536396e+19,9.47917999536396e+21
329,n03636649_5469_lamp.jpg,composite,12.414092,437.90137,425.48727,34.27453831866026,3427.453831866026
330,n01503061_10156_bird.jpg,z_plus,17.045805,7.484802,9.561003,0.5609006288309156,56.09006288309156
330,n01503061_10156_bird.jpg,epsilon,17.045805,-110763560.0,110763576.0,6497996.201425882,649799620.1425883
330,n01503061_10156_bird.jpg,alpha_beta,17.045805,1.28593075e+20,1.28593075e+20,7.54397194653511e+18,7.543971946535109e+20
330,n01503061_10156_bird.jpg,composite,17.045805,226.42752,209.38171,12.283474680855603,1228.3474680855602
331,n07753592_1896_banana.jpg,z_plus,11.88349,5.3222847,6.561205,0.5521277945904868,55.212779459048676
331,n07753592_1896_banana.jpg,epsilon,11.88349,-178788850.0,178788860.0,15045148.342039986,1504514834.2039986
331,n07753592_1896_banana.jpg,alpha_beta,11.88349,2.4347394e+19,2.4347394e+19,2.0488421305508012e+18,2.048842130550801e+20
331,n07753592_1896_banana.jpg,composite,11.88349,679.9746,668.0911,56.22011273012867,5622.011273012867
332,n02510455_4903_giant_panda.jpg,z_plus,17.31646,4.960631,12.355829,0.7135309112718607,71.35309112718608
332,n02510455_4903_giant_panda.jpg,epsilon,17.31646,-594859500.0,594859500.0,34352259.74541047,3435225974.541047
332,n02510455_4903_giant_panda.jpg,alpha_beta,17.31646,1.8755115e+19,1.8755115e+19,1.0830802413203082e+18,1.0830802413203082e+20
332,n02510455_4903_giant_panda.jpg,composite,17.31646,351.93295,334.6165,19.323608418135418,1932.3608418135418
333,n02374451_11795_horse.jpg,z_plus,12.9680605,6.2312903,6.73677,0.5194894144670922,51.94894144670922
333,n02374451_11795_horse.jpg,epsilon,12.9680605,-1066794430.0,1066794430.0,82263221.43199272,8226322143.199272
333,n02374451_11795_horse.jpg,alpha_beta,12.9680605,-5.2219706e+20,5.2219706e+20,4.02679380264928e+19,4.02679380264928e+21
333,n02374451_11795_horse.jpg,composite,12.9680605,378.1623,365.19424,28.16105342356459,2816.105342356459
334,n04252225_1431_snowplow.jpg,z_plus,15.684613,5.3638506,10.320763,0.6580183064570128,65.80183064570127
334,n04252225_1431_snowplow.jpg,epsilon,15.684613,-23092344.0,23092360.0,1472293.875728654,147229387.5728654
334,n04252225_1431_snowplow.jpg,alpha_beta,15.684613,9.898843e+18,9.898843e+18,6.311180624794547e+17,6.311180624794547e+19
334,n04252225_1431_snowplow.jpg,composite,15.684613,354.08344,338.39883,21.575210640591067,2157.5210640591067
335,n04118538_3656_rugby_ball.jpg,z_plus,13.088212,8.47811,4.6101017,0.3522331159375835,35.223311593758346
335,n04118538_3656_rugby_ball.jpg,epsilon,13.088212,9672027000.0,9672027000.0,738987657.4029665,73898765740.29665
335,n04118538_3656_rugby_ball.jpg,alpha_beta,13.088212,3.4607335e+18,3.4607335e+18,2.6441606084173088e+17,2.6441606084173087e+19
335,n04118538_3656_rugby_ball.jpg,composite,13.088212,1220.7483,1207.66,92.27081841777348,9227.081841777348
336,n03445777_9090_golf_ball.jpg,z_plus,9.455118,6.3961067,3.0590115,0.32352969058781655,32.35296905878165
336,n03445777_9090_golf_ball.jpg,epsilon,9.455118,-78011240.0,78011250.0,8250689.892207053,825068989.2207053
336,n03445777_9090_golf_ball.jpg,alpha_beta,9.455118,-1.2168934e+18,1.2168934e+18,1.2870208540658485e+17,1.2870208540658485e+19
336,n03445777_9090_golf_ball.jpg,composite,9.455118,362.2142,352.7591,37.30879799815409,3730.879799815409
337,n02445715_6015_skunk.jpg,z_plus,17.503113,11.171085,6.3320274,0.3617657904532635,36.17657904532635
337,n02445715_6015_skunk.jpg,epsilon,17.503113,-79614744.0,79614760.0,4548605.778706619,454860577.87066185
337,n02445715_6015_skunk.jpg,alpha_beta,17.503113,1.0782445e+17,1.0782445e+17,6160301362429532.0,6.160301362429532e+17
337,n02445715_6015_skunk.jpg,composite,17.503113,1932.6627,1915.1597,109.41823266023165,10941.823266023166
338,n04542943_5799_waffle_iron.jpg,z_plus,11.633109,7.6390533,3.9940557,0.3433351923214228,34.33351923214228
338,n04542943_5799_waffle_iron.jpg,epsilon,11.633109,2311941600.0,2311941600.0,198738068.5056573,19873806850.565727
338,n04542943_5799_waffle_iron.jpg,alpha_beta,11.633109,5.7851114e+17,5.7851114e+17,4.972970945862409e+16,4.972970945862409e+18
338,n04542943_5799_waffle_iron.jpg,composite,11.633109,2355.2844,2343.6514,201.4638862498267,20146.38862498267
339,n04131690_12417_salt_or_pepper_shaker.jpg,z_plus,15.313492,11.765488,3.5480042,0.23169138636469844,23.169138636469842
339,n04131690_12417_salt_or_pepper_shaker.jpg,epsilon,15.313492,84415050.0,84415030.0,5512461.362805079,551246136.2805079
339,n04131690_12417_salt_or_pepper_shaker.jpg,alpha_beta,15.313492,1.8822483e+17,1.8822483e+17,1.229143756418283e+16,1.229143756418283e+18
339,n04131690_12417_salt_or_pepper_shaker.jpg,composite,15.313492,3687.0361,3671.7227,239.7704389606126,23977.04389606126
340,n02355227_12960_squirrel.jpg,z_plus,11.099537,6.4391656,4.6603713,0.4198707880255896,41.987078802558955
340,n02355227_12960_squirrel.jpg,epsilon,11.099537,-882623200.0,882623200.0,79518924.09657931,7951892409.657931
340,n02355227_12960_squirrel.jpg,alpha_beta,11.099537,3.7787378e+18,3.7787378e+18,3.404410315327583e+17,3.4044103153275826e+19
340,n02355227_12960_squirrel.jpg,composite,11.099537,220.65079,209.55125,18.879279038549953,1887.9279038549953
341,n04591713_2972_wine_bottle.jpg,z_plus,12.40055,9.411476,2.9890738,0.24104364564197064,24.104364564197063
341,n04591713_2972_wine_bottle.jpg,epsilon,12.40055,220577700.0,220577680.0,17787733.76693558,1778773376.693558
341,n04591713_2972_wine_bottle.jpg,alpha_beta,12.40055,-3.5318467e+20,3.5318467e+20,2.8481371457024426e+19,2.8481371457024426e+21
341,n04591713_2972_wine_bottle.jpg,composite,12.40055,503.075,490.67447,39.568766979053635,3956.8766979053635
342,n00007846_152343_person.jpg,z_plus,15.781791,9.968007,5.8137836,0.36838554911138693,36.838554911138694
342,n00007846_152343_person.jpg,epsilon,15.781791,-208476290.0,208476300.0,13209927.029789174,1320992702.9789174
342,n00007846_152343_person.jpg,alpha_beta,15.781791,9.552528e+19,9.552528e+19,6.052879648332238e+18,6.052879648332238e+20
342,n00007846_152343_person.jpg,composite,15.781791,1990.5146,1974.7329,125.12730294032498,12512.730294032499
343,n03085013_7532_computer_keyboard.jpg,z_plus,21.048687,8.813174,12.235513,0.5812957712662009,58.12957712662009
343,n03085013_7532_computer_keyboard.jpg,epsilon,21.048687,94394050.0,94394024.0,4484556.403913453,448455640.3913453
343,n03085013_7532_computer_keyboard.jpg,alpha_beta,21.048687,-6.4455034e+19,6.4455034e+19,3.0621878759617485e+18,3.062187875961748e+20
343,n03085013_7532_computer_keyboard.jpg,composite,21.048687,604.8416,583.7929,27.735359844939527,2773.5359844939526
344,n07768694_513_pomegranate.jpg,z_plus,10.58689,5.8934574,4.693433,0.4433249717020664,44.33249717020664
344,n07768694_513_pomegranate.jpg,epsilon,10.58689,-408197540.0,408197540.0,38556887.57077582,3855688757.0775824
344,n07768694_513_pomegranate.jpg,alpha_beta,10.58689,1.0994425e+18,1.0994425e+18,1.0384942820460014e+17,1.0384942820460014e+19
344,n07768694_513_pomegranate.jpg,composite,10.58689,467.5935,457.00662,43.16722028346192,4316.722028346192
345,n03314780_153_face_powder.jpg,z_plus,9.39178,6.6039824,2.7877975,0.29683377171584135,29.683377171584134
345,n03314780_153_face_powder.jpg,epsilon,9.39178,61992744.0,61992736.0,6600744.1247700285,660074412.4770029
345,n03314780_153_face_powder.jpg,alpha_beta,9.39178,-8.697468e+17,8.697468e+17,9.260724054056043e+16,9.260724054056042e+18
345,n03314780_153_face_powder.jpg,composite,9.39178,1081.1,1071.7083,114.11130406548192,11411.13040654819
346,n02802426_12389_basketball.jpg,z_plus,13.234387,6.6133046,6.621083,0.5002938619858345,50.029386198583445
346,n02802426_12389_basketball.jpg,epsilon,13.234387,-17045904.0,17045918.0,1288002.0424359988,128800204.24359988
346,n02802426_12389_basketball.jpg,alpha_beta,13.234387,1.0069647e+20,1.0069647e+20,7.608698825219625e+18,7.608698825219625e+20
346,n02802426_12389_basketball.jpg,composite,13.234387,390.44235,377.20798,28.502110897108107,2850.2110897108105
347,n07583066_7105_guacamole.jpg,z_plus,12.904319,7.3089876,5.595331,0.43360143795112716,43.36014379511271
347,n07583066_7105_guacamole.jpg,epsilon,12.904319,-136192300.0,136192320.0,10554010.79281186,1055401079.281186
347,n07583066_7105_guacamole.jpg,alpha_beta,12.904319,5.6713457e+20,5.6713457e+20,4.394920645245147e+19,4.394920645245147e+21
347,n07583066_7105_guacamole.jpg,composite,12.904319,759.82935,746.92505,57.88178824439995,5788.178824439995
348,n03710721_8217_maillot.jpg,z_plus,11.171154,7.4154563,3.7556977,0.33619603842163254,33.61960384216325
348,n03710721_8217_maillot.jpg,epsilon,11.171154,-168805940.0,168805950.0,15110878.576123273,1511087857.6123273
348,n03710721_8217_maillot.jpg,alpha_beta,11.171154,-1.6047646e+19,1.6047646e+19,1.4365253538206095e+18,1.4365253538206096e+20
348,n03710721_8217_maillot.jpg,composite,11.171154,422.07004,410.8989,36.782134988892686,3678.2134988892685
349,n03445924_6750_golfcart.jpg,z_plus,18.17936,9.58398,8.59538,0.47280982914591324,47.28098291459133
349,n03445924_6750_golfcart.jpg,epsilon,18.17936,-64483720.0,64483740.0,3547085.3757714443,354708537.57714444
349,n03445924_6750_golfcart.jpg,alpha_beta,18.17936,8.439352e+19,8.439352e+19,4.642271179001055e+18,4.642271179001055e+20
349,n03445924_6750_golfcart.jpg,composite,18.17936,1216.3788,1198.1995,65.90988351600784,6590.988351600784
350,n02342885_4388_hamster.jpg,z_plus,16.687057,15.010558,1.6764994,0.10046704562205461,10.046704562205461
350,n02342885_4388_hamster.jpg,epsilon,16.687057,-447266750.0,447266780.0,26803214.65327676,2680321465.327676
350,n02342885_4388_hamster.jpg,alpha_beta,16.687057,2.8260356e+19,2.8260356e+19,1.6935493839559654e+18,1.6935493839559655e+20
350,n02342885_4388_hamster.jpg,composite,16.687057,2773.7405,2757.0535,165.2210683302552,16522.106833025522
351,n04118538_4281_rugby_ball.jpg,z_plus,17.786634,6.3996725,11.386962,0.6401976704136718,64.01976704136717
351,n04118538_4281_rugby_ball.jpg,epsilon,17.786634,811379400.0,811379400.0,45617364.79459623,4561736479.459623
351,n04118538_4281_rugby_ball.jpg,alpha_beta,17.786634,1.2563321e+20,1.2563321e+20,7.063349012629406e+18,7.063349012629406e+20
351,n04118538_4281_rugby_ball.jpg,composite,17.786634,1325.2955,1307.5089,73.51075410519032,7351.075410519032
352,n02815834_4632_beaker.jpg,z_plus,15.209757,9.571609,5.6381483,0.3706928626532346,37.069286265323456
352,n02815834_4632_beaker.jpg,epsilon,15.209757,-30738834.0,30738850.0,2020995.4898497479,202099548.98497477
352,n02815834_4632_beaker.jpg,alpha_beta,15.209757,-2.7964173e+21,2.7964173e+21,1.838568051447576e+20,1.838568051447576e+22
352,n02815834_4632_beaker.jpg,composite,15.209757,1289.3871,1274.1774,83.77368425715966,8377.368425715966
353,n02454379_174_armadillo.jpg,z_plus,17.04214,14.0270405,3.0150986,0.17692019541459345,17.692019541459345
353,n02454379_174_armadillo.jpg,epsilon,17.04214,132321300.0,132321280.0,7764358.662844379,776435866.2844379
353,n02454379_174_armadillo.jpg,alpha_beta,17.04214,9.758078e+19,9.758078e+19,5.72585266700664e+18,5.7258526670066405e+20
353,n02454379_174_armadillo.jpg,composite,17.04214,1506.327,1489.2849,87.38837932024128,8738.83793202413
354,n04487394_23210_trombone.jpg,z_plus,15.542157,9.466626,6.075531,0.39090654777070943,39.090654777070945
354,n04487394_23210_trombone.jpg,epsilon,15.542157,216242420.0,216242400.0,13913280.992909051,1391328099.2909052
354,n04487394_23210_trombone.jpg,alpha_beta,15.542157,-2.2197228e+18,2.2197228e+18,1.42819479562746e+17,1.42819479562746e+19
354,n04487394_23210_trombone.jpg,composite,15.542157,1190.7758,1175.2336,75.61586396335545,7561.586396335545
355,n03770439_6215_miniskirt.jpg,z_plus,14.702892,7.9849453,6.717947,0.45691329754109994,45.691329754109994
355,n03770439_6215_miniskirt.jpg,epsilon,14.702892,-589719200.0,589719200.0,40109058.529990114,4010905852.9990115
355,n03770439_6215_miniskirt.jpg,alpha_beta,14.702892,-4.2416316e+18,4.2416316e+18,2.884896079198923e+17,2.8848960791989228e+19
355,n03770439_6215_miniskirt.jpg,composite,14.702892,745.43585,730.733,49.699947198103786,4969.994719810378
356,n03642806_21229_laptop.jpg,z_plus,15.425812,10.919984,4.505828,0.29209664757648496,29.209664757648497
356,n03642806_21229_laptop.jpg,epsilon,15.425812,-187835420.0,187835440.0,12176697.266760033,1217669726.6760032
356,n03642806_21229_laptop.jpg,alpha_beta,15.425812,1.3993612e+20,1.3993612e+20,9.071556323900247e+18,9.071556323900247e+20
356,n03642806_21229_laptop.jpg,composite,15.425812,1772.2888,1756.863,113.89112375194722,11389.112375194722
357,n04026417_12310_purse.jpg,z_plus,12.360057,3.7124414,8.647615,0.6996420419420618,69.96420419420618
357,n04026417_12310_purse.jpg,epsilon,12.360057,-1192269400.0,1192269400.0,96461484.90700004,9646148490.700003
357,n04026417_12310_purse.jpg,alpha_beta,12.360057,-4.2872152e+21,4.2872152e+21,3.4686047308228035e+20,3.4686047308228036e+22
357,n04026417_12310_purse.jpg,composite,12.360057,140.84828,128.48822,10.395439234760095,1039.5439234760095
358,n02870880_12189_bookshelf.jpg,z_plus,18.0429,12.847225,5.195675,0.287962293830045,28.7962293830045
358,n02870880_12189_bookshelf.jpg,epsilon,18.0429,-1182012000.0,1182012000.0,65511199.77035887,6551119977.035887
358,n02870880_12189_bookshelf.jpg,alpha_beta,18.0429,6.3162567e+18,6.3162567e+18,3.500688174119509e+17,3.500688174119509e+19
358,n02870880_12189_bookshelf.jpg,composite,18.0429,4183.7007,4165.6577,230.87517499319796,23087.517499319794
359,n01882714_3175_koala_bear.jpg,z_plus,9.9372425,5.8398485,4.097394,0.412327060135548,41.2327060135548
359,n01882714_3175_koala_bear.jpg,epsilon,9.9372425,1168752600.0,1168752600.0,117613376.039598,11761337603.9598
359,n01882714_3175_koala_bear.jpg,alpha_beta,9.9372425,-5.889463e+18,5.889463e+18,5.92665733012648e+17,5.926657330126479e+19
359,n01882714_3175_koala_bear.jpg,composite,9.9372425,379.07645,369.1392,37.14704459933782,3714.704459933782
360,n03995372_3057_power_drill.jpg,z_plus,14.287173,7.0209527,7.2662206,0.5085834987218777,50.858349872187766
360,n03995372_3057_power_drill.jpg,epsilon,14.287173,-93357704.0,93357720.0,6534373.050671366,653437305.0671366
360,n03995372_3057_power_drill.jpg,alpha_beta,14.287173,-6.408429e+17,6.408429e+17,4.485442419835701e+16,4.4854424198357007e+18
360,n03995372_3057_power_drill.jpg,composite,14.287173,1061.5116,1047.2244,73.29821968867628,7329.821968867628
361,n04517823_17685_vacuum.jpg,z_plus,12.682375,6.076419,6.605956,0.520876894185723,52.0876894185723
361,n04517823_17685_vacuum.jpg,epsilon,12.682375,70709420.0,70709410.0,5575407.465056544,557540746.5056545
361,n04517823_17685_vacuum.jpg,alpha_beta,12.682375,8.057429e+20,8.057429e+20,6.3532491545041e+19,6.353249154504101e+21
361,n04517823_17685_vacuum.jpg,composite,12.682375,537.83527,525.1529,41.40808759562069,4140.808759562069
362,n03400231_5440_frying_pan.jpg,z_plus,15.118598,5.839508,9.27909,0.6137533345808218,61.37533345808218
362,n03400231_5440_frying_pan.jpg,epsilon,15.118598,-122805620.0,122805630.0,8122818.803654413,812281880.3654413
362,n03400231_5440_frying_pan.jpg,alpha_beta,15.118598,1.5862753e+20,1.5862753e+20,1.049221150372217e+19,1.0492211503722171e+21
362,n03400231_5440_frying_pan.jpg,composite,15.118598,690.0212,674.9026,44.640553875843366,4464.055387584337
363,n03481172_6773_hammer.jpg,z_plus,15.464271,5.7998157,9.664455,0.6249538480242401,62.49538480242401
363,n03481172_6773_hammer.jpg,epsilon,15.464271,325781200.0,325781200.0,21066702.24414153,2106670224.414153
363,n03481172_6773_hammer.jpg,alpha_beta,15.464271,5.5907776e+21,5.5907776e+21,3.615286961703316e+20,3.6152869617033156e+22
363,n03481172_6773_hammer.jpg,composite,15.464271,543.0113,527.547,34.113926932843604,3411.3926932843606
364,n04330267_16662_stove.jpg,z_plus,11.662567,6.659888,5.0026793,0.4289518155033484,42.89518155033484
364,n04330267_16662_stove.jpg,epsilon,11.662567,-50493468.0,50493480.0,4329533.917814652,432953391.78146523
364,n04330267_16662_stove.jpg,alpha_beta,11.662567,7.484641e+18,7.484641e+18,6.417661817241997e+17,6.4176618172419965e+19
364,n04330267_16662_stove.jpg,composite,11.662567,979.179,967.5165,82.95913480326669,8295.91348032667
365,n04376876_14092_syringe.jpg,z_plus,20.92493,10.654102,10.270828,0.4908416881474782,49.08416881474782
365,n04376876_14092_syringe.jpg,epsilon,20.92493,19281154.0,19281134.0,921443.1528107073,92144315.28107074
365,n04376876_14092_syringe.jpg,alpha_beta,20.92493,2.7994803e+21,2.7994803e+21,1.3378683875367333e+20,1.3378683875367332e+22
365,n04376876_14092_syringe.jpg,composite,20.92493,1473.1978,1452.2728,69.40394961152055,6940.394961152055
366,n04557648_2622_water_bottle.jpg,z_plus,23.998209,15.637143,8.361066,0.34840374397698487,34.84037439769849
366,n04557648_2622_water_bottle.jpg,epsilon,23.998209,482539840.0,482539800.0,20107325.8419933,2010732584.1993299
366,n04557648_2622_water_bottle.jpg,alpha_beta,23.998209,6.124595e+19,6.124595e+19,2.552105078543743e+18,2.552105078543743e+20
366,n04557648_2622_water_bottle.jpg,composite,23.998209,6197.1587,6173.1606,257.2342229525636,25723.422295256358
367,n03494278_29009_harmonica.jpg,z_plus,12.640469,7.9982724,4.642196,0.36724874100153454,36.72487410015346
367,n03494278_29009_harmonica.jpg,epsilon,12.640469,133214616.0,133214600.0,10538739.047754476,1053873904.7754476
367,n03494278_29009_harmonica.jpg,alpha_beta,12.640469,2.7619959e+19,2.7619959e+19,2.1850423007734103e+18,2.1850423007734104e+20
367,n03494278_29009_harmonica.jpg,composite,12.640469,3299.1462,3286.5059,259.9987361060214,25999.87361060214
368,n02062744_305_whale.jpg,z_plus,18.477673,5.7332783,12.744394,0.6897185913775732,68.97185913775732
368,n02062744_305_whale.jpg,epsilon,18.477673,96004270.0,96004260.0,5195689.85732556,519568985.73255605
368,n02062744_305_whale.jpg,alpha_beta,18.477673,3.469742e+20,3.469742e+20,1.87780253345402e+19,1.87780253345402e+21
368,n02062744_305_whale.jpg,composite,18.477673,467.7113,449.23364,24.312241743872065,2431.2241743872064
369,n02402425_20234_cattle.jpg,z_plus,12.916838,9.740449,3.1763887,0.24591071096269998,24.59107109627
369,n02402425_20234_cattle.jpg,epsilon,12.916838,329212030.0,329212030.0,25487045.65450751,2548704565.450751
369,n02402425_20234_cattle.jpg,alpha_beta,12.916838,4.3443276e+16,4.3443276e+16,3363305896003190.0,3.36330589600319e+17
369,n02402425_20234_cattle.jpg,composite,12.916838,1972.2837,1959.3668,151.69090669238236,15169.090669238236
370,n04256520_22975_sofa.jpg,z_plus,14.643507,6.9554567,7.6880503,0.5250142788588009,52.50142788588009
370,n04256520_22975_sofa.jpg,epsilon,14.643507,217850600.0,217850580.0,14876940.06147749,1487694006.147749
370,n04256520_22975_sofa.jpg,alpha_beta,14.643507,2.5641123e+21,2.5641123e+21,1.75102340141721e+20,1.75102340141721e+22
370,n04256520_22975_sofa.jpg,composite,14.643507,497.50092,482.85742,32.97416539065715,3297.416539065715
371,n03797390_759_cup_or_mug.jpg,z_plus,18.454622,10.162419,8.292203,0.44932932402247255,44.93293240224725
371,n03797390_759_cup_or_mug.jpg,epsilon,18.454622,-45942584.0,45942604.0,2489490.347114252,248949034.7114252
371,n03797390_759_cup_or_mug.jpg,alpha_beta,18.454622,3.823007e+20,3.823007e+20,2.0715714468298387e+19,2.0715714468298388e+21
371,n03797390_759_cup_or_mug.jpg,composite,18.454622,2177.2346,2158.78,116.97774128078575,11697.774128078576
372,n04118776_19742_ruler.jpg,z_plus,29.60623,28.104282,1.5019474,0.05073078922771936,5.073078922771936
372,n04118776_19742_ruler.jpg,epsilon,29.60623,-509933020.0,509933060.0,17223843.08085745,1722384308.0857449
372,n04118776_19742_ruler.jpg,alpha_beta,29.60623,-1.5038714e+19,1.5038714e+19,5.079577654805504e+17,5.079577654805504e+19
372,n04118776_19742_ruler.jpg,composite,29.60623,14633.978,14604.371,493.28709534249225,49328.709534249225
373,n02510455_12383_giant_panda.jpg,z_plus,7.7349496,4.6714053,3.0635443,0.39606518928397155,39.60651892839716
373,n02510455_12383_giant_panda.jpg,epsilon,7.7349496,125099464.0,125099460.0,16173273.600303931,1617327360.0303931
373,n02510455_12383_giant_panda.jpg,alpha_beta,7.7349496,-4.085477e+16,4.085477e+16,5281840279300733.0,5.281840279300733e+17
373,n02510455_12383_giant_panda.jpg,composite,7.7349496,533.5856,525.85065,67.98371998024999,6798.371998024999
374,n03124170_8316_hat_with_a_wide_brim.jpg,z_plus,11.716422,6.337517,5.3789053,0.4590911166124885,45.90911166124885
374,n03124170_8316_hat_with_a_wide_brim.jpg,epsilon,11.716422,29455844.0,29455832.0,2514063.746923995,251406374.69239953
374,n03124170_8316_hat_with_a_wide_brim.jpg,alpha_beta,11.716422,3.0642526e+18,3.0642526e+18,2.6153484173792432e+17,2.6153484173792432e+19
374,n03124170_8316_hat_with_a_wide_brim.jpg,composite,11.716422,497.16043,485.444,41.43278526899383,4143.278526899383
375,n02165456_4435_ladybug.jpg,z_plus,10.128077,5.997251,4.1308255,0.40785883651222327,40.78588365122233
375,n02165456_4435_ladybug.jpg,epsilon,10.128077,-15420346.0,15420356.0,1522535.490056599,152253549.0056599
375,n02165456_4435_ladybug.jpg,alpha_beta,10.128077,-4406684800000000.0,4406684800000000.0,435095917811532.25,4.3509591781153224e+16
375,n02165456_4435_ladybug.jpg,composite,10.128077,394.41992,384.29184,37.943220268685316,3794.322026868532
376,n03761084_45823_microwave.jpg,z_plus,10.353408,10.556574,0.20316601,0.019623104848866924,1.9623104848866924
376,n03761084_45823_microwave.jpg,epsilon,10.353408,-30499772.0,30499782.0,2945868.8781566736,294586887.8156674
376,n03761084_45823_microwave.jpg,alpha_beta,10.353408,2.178681e+19,2.178681e+19,2.10431289901427e+18,2.10431289901427e+20
376,n03761084_45823_microwave.jpg,composite,10.353408,8931.022,8920.669,861.6166836318637,86161.66836318637
377,n04530566_23960_watercraft.jpg,z_plus,13.936116,5.452156,8.48396,0.6087750717635754,60.87750717635754
377,n04530566_23960_watercraft.jpg,epsilon,13.936116,-115477390.0,115477410.0,8286197.257587796,828619725.7587796
377,n04530566_23960_watercraft.jpg,alpha_beta,13.936116,-1.4393745e+19,1.4393745e+19,1.0328376267351419e+18,1.0328376267351418e+20
377,n04530566_23960_watercraft.jpg,composite,13.936116,607.4027,593.4666,42.58479223474608,4258.479223474608
378,n03770439_6006_miniskirt.jpg,z_plus,13.474663,4.9891057,8.485558,0.6297417377774939,62.974173777749385
378,n03770439_6006_miniskirt.jpg,epsilon,13.474663,-4365820400.0,4365820400.0,324002202.2598772,32400220225.98772
378,n03770439_6006_miniskirt.jpg,alpha_beta,13.474663,-3.1705e+19,3.1705e+19,2.352934618222666e+18,2.3529346182226664e+20
378,n03770439_6006_miniskirt.jpg,composite,13.474663,1355.68,1342.2054,99.60957584427604,9960.957584427604
379,n03797390_4473_cup_or_mug.jpg,z_plus,10.611181,3.7338958,6.8772855,0.648116860120306,64.8116860120306
379,n03797390_4473_cup_or_mug.jpg,epsilon,10.611181,94359410.0,94359400.0,8892450.11338344,889245011.338344
379,n03797390_4473_cup_or_mug.jpg,alpha_beta,10.611181,-2.2535966e+19,2.2535966e+19,2.1237943074722132e+18,2.1237943074722133e+20
379,n03797390_4473_cup_or_mug.jpg,composite,10.611181,184.35954,173.74837,16.37408343611952,1637.408343611952
380,n01770393_10111_scorpion.jpg,z_plus,10.961192,7.388785,3.5724072,0.32591411614735677,32.59141161473568
380,n01770393_10111_scorpion.jpg,epsilon,10.961192,3583745.0,3583734.0,326947.4667380195,32694746.673801947
380,n01770393_10111_scorpion.jpg,alpha_beta,10.961192,-9.2499365e+21,9.2499365e+21,8.438805202781544e+20,8.438805202781544e+22
380,n01770393_10111_scorpion.jpg,composite,10.961192,696.72437,685.7632,62.56282850741041,6256.28285074104
381,n02062744_332_whale.jpg,z_plus,9.2093115,5.042772,4.1665397,0.45242683725481525,45.24268372548153
381,n02062744_332_whale.jpg,epsilon,9.2093115,18497542.0,18497532.0,2008568.3959692768,200856839.59692767
381,n02062744_332_whale.jpg,alpha_beta,9.2093115,-3.3113184e+17,3.3113184e+17,3.5956199645513344e+16,3.5956199645513344e+18
381,n02062744_332_whale.jpg,composite,9.2093115,240.45134,231.24203,25.109589924974152,2510.9589924974152
382,n07749582_6832_lemon.jpg,z_plus,8.411032,6.914678,1.4963536,0.17790369545005236,17.790369545005234
382,n07749582_6832_lemon.jpg,epsilon,8.411032,-179280510.0,179280530.0,21314927.096037813,2131492709.6037812
382,n07749582_6832_lemon.jpg,alpha_beta,8.411032,-1.1919301e+18,1.1919301e+18,1.417103340808722e+17,1.417103340808722e+19
382,n07749582_6832_lemon.jpg,composite,8.411032,475.41202,467.00098,55.52243670995966,5552.243670995967
383,n04517823_16473_vacuum.jpg,z_plus,18.44831,10.338723,8.109588,0.4395842922405811,43.95842922405811
383,n04517823_16473_vacuum.jpg,epsilon,18.44831,-29539800.0,29539818.0,1601220.7423919803,160122074.23919803
383,n04517823_16473_vacuum.jpg,alpha_beta,18.44831,-3.092703e+20,3.092703e+20,1.6764153448245953e+19,1.6764153448245953e+21
383,n04517823_16473_vacuum.jpg,composite,18.44831,580.4148,561.9665,30.461677287180297,3046.1677287180296
384,n03759954_19823_microphone.jpg,z_plus,11.855063,12.215059,0.35999584,0.030366420544243735,3.0366420544243735
384,n03759954_19823_microphone.jpg,epsilon,11.855063,-214557950.0,214557970.0,18098424.280602418,1809842428.0602417
384,n03759954_19823_microphone.jpg,alpha_beta,11.855063,3.4232784e+19,3.4232784e+19,2.8876087025898025e+18,2.8876087025898026e+20
384,n03759954_19823_microphone.jpg,composite,11.855063,3677.7415,3665.8865,309.22537811321143,30922.537811321145
385,n03535780_15497_horizontal_bar.jpg,z_plus,16.719227,7.848347,8.87088,0.5305795664370773,53.057956643707726
385,n03535780_15497_horizontal_bar.jpg,epsilon,16.719227,-1151279600.0,1151279600.0,68859620.55209638,6885962055.209639
385,n03535780_15497_horizontal_bar.jpg,alpha_beta,16.719227,-1.5464293e+19,1.5464293e+19,9.249407071447608e+17,9.249407071447609e+19
385,n03535780_15497_horizontal_bar.jpg,composite,16.719227,2137.145,2120.4258,126.8255883944683,12682.55883944683
386,n04554684_16469_washer.jpg,z_plus,11.924355,13.149593,1.2252388,0.10275095347738936,10.275095347738935
386,n04554684_16469_washer.jpg,epsilon,11.924355,-91281340.0,91281350.0,7655035.044867516,765503504.4867516
386,n04554684_16469_washer.jpg,alpha_beta,11.924355,-6.2350985e+16,6.2350985e+16,5228877156018258.0,5.228877156018258e+17
386,n04554684_16469_washer.jpg,composite,11.924355,3732.9348,3721.0105,312.0513132284539,31205.13132284539
387,n02769748_3207_backpack.jpg,z_plus,8.254535,7.006809,1.2477255,0.15115636782934855,15.115636782934855
387,n02769748_3207_backpack.jpg,epsilon,8.254535,56709244.0,56709236.0,6870070.562097888,687007056.2097888
387,n02769748_3207_backpack.jpg,alpha_beta,8.254535,-2.9919721e+19,2.9919721e+19,3.6246405527789435e+18,3.624640552778944e+20
387,n02769748_3207_backpack.jpg,composite,8.254535,2655.154,2646.8994,320.6600375534054,32066.003755340542
388,n02437136_4411_camel.jpg,z_plus,10.351455,7.8481755,2.5032792,0.24182873547994668,24.182873547994667
388,n02437136_4411_camel.jpg,epsilon,10.351455,-116884350.0,116884360.0,11291587.799320204,1129158779.9320204
388,n02437136_4411_camel.jpg,alpha_beta,10.351455,-9.2443825e+17,9.2443825e+17,8.93051527833836e+16,8.93051527833836e+18
388,n02437136_4411_camel.jpg,composite,10.351455,1239.7808,1229.4293,118.76874822597394,11876.874822597394
389,n03928116_17073_piano.jpg,z_plus,7.8556986,4.1628575,3.692841,0.4700843613514337,47.00843613514337
389,n03928116_17073_piano.jpg,epsilon,7.8556986,284484380.0,284484380.0,36213760.09620766,3621376009.620766
389,n03928116_17073_piano.jpg,alpha_beta,7.8556986,-6.6786336e+17,6.6786336e+17,8.501641868308472e+16,8.501641868308472e+18
389,n03928116_17073_piano.jpg,composite,7.8556986,806.426,798.5703,101.65490741603794,10165.490741603795
390,n02510455_9574_giant_panda.jpg,z_plus,12.285424,9.041826,3.243598,0.26402002264389096,26.402002264389097
390,n02510455_9574_giant_panda.jpg,epsilon,12.285424,21819720.0,21819708.0,1776064.6751238909,177606467.5123891
390,n02510455_9574_giant_panda.jpg,alpha_beta,12.285424,-8.6520235e+18,8.6520235e+18,7.042510945844524e+17,7.042510945844524e+19
390,n02510455_9574_giant_panda.jpg,composite,12.285424,2062.0042,2049.7188,166.84151161940835,16684.151161940834
391,n04591157_4545_tie.jpg,z_plus,11.706359,3.8225565,7.8838024,0.6734632411446952,67.34632411446952
391,n04591157_4545_tie.jpg,epsilon,11.706359,-537375000.0,537375000.0,45904536.16735547,4590453616.735547
391,n04591157_4545_tie.jpg,alpha_beta,11.706359,-5.8745305e+19,5.8745305e+19,5.018238876130264e+18,5.0182388761302644e+20
391,n04591157_4545_tie.jpg,composite,11.706359,117.54614,105.83978,9.041221401382467,904.1221401382467
392,n04536866_9751_violin.jpg,z_plus,14.967741,11.952384,3.015357,0.20145705452697668,20.14570545269767
392,n04536866_9751_violin.jpg,epsilon,14.967741,-169418140.0,169418160.0,11318886.386821233,1131888638.6821232
392,n04536866_9751_violin.jpg,alpha_beta,14.967741,-4.008756e+17,4.008756e+17,2.6782637578509964e+16,2.678263757850996e+18
392,n04536866_9751_violin.jpg,composite,14.967741,7002.1035,6987.1357,466.81297704518903,46681.2977045189
393,n02219486_8874_ant.jpg,z_plus,16.43555,9.106756,7.3287945,0.44591109949959323,44.591109949959325
393,n02219486_8874_ant.jpg,epsilon,16.43555,589369200.0,589369200.0,35859413.96740607,3585941396.7406073
393,n02219486_8874_ant.jpg,alpha_beta,16.43555,3.0568545e+18,3.0568545e+18,1.859903929286446e+17,1.8599039292864463e+19
393,n02219486_8874_ant.jpg,composite,16.43555,2030.2539,2013.8184,122.52819496427627,12252.819496427626
394,n02828884_6930_bench.jpg,z_plus,17.137875,8.183953,8.953921,0.5224639300268017,52.24639300268017
394,n02828884_6930_bench.jpg,epsilon,17.137875,25037222.0,25037204.0,1460928.1826440524,146092818.26440525
394,n02828884_6930_bench.jpg,alpha_beta,17.137875,7.794042e+18,7.794042e+18,4.5478463841574957e+17,4.547846384157495e+19
394,n02828884_6930_bench.jpg,composite,17.137875,1226.058,1208.9202,70.54084557920099,7054.084557920099
395,n03314780_8148_face_powder.jpg,z_plus,20.571026,4.234143,16.336884,0.7941696084839334,79.41696084839333
395,n03314780_8148_face_powder.jpg,epsilon,20.571026,226495310.0,226495300.0,11010403.548091937,1101040354.8091936
395,n03314780_8148_face_powder.jpg,alpha_beta,20.571026,5.387933e+19,5.387933e+19,2.619185309860952e+18,2.619185309860952e+20
395,n03314780_8148_face_powder.jpg,composite,20.571026,54.24665,33.675625,1.6370415891734869,163.70415891734868
396,n07739125_3030_apple.jpg,z_plus,14.671187,7.795995,6.875192,0.46861865894527854,46.86186589452785
396,n07739125_3030_apple.jpg,epsilon,14.671187,-232623360.0,232623380.0,15855797.464026408,1585579746.4026408
396,n07739125_3030_apple.jpg,alpha_beta,14.671187,3.4911645e+21,3.4911645e+21,2.379605985407268e+20,2.379605985407268e+22
396,n07739125_3030_apple.jpg,composite,14.671187,596.2464,581.5752,39.640635715718446,3964.0635715718445
397,n01982650_8985_lobster.jpg,z_plus,12.742411,7.611027,5.131384,0.4027011868063491,40.27011868063491
397,n01982650_8985_lobster.jpg,epsilon,12.742411,13099356.0,13099343.0,1028011.3668215297,102801136.68215297
397,n01982650_8985_lobster.jpg,alpha_beta,12.742411,-1.525495e+18,1.525495e+18,1.197179282647459e+17,1.197179282647459e+19
397,n01982650_8985_lobster.jpg,composite,12.742411,1513.9929,1501.2505,117.8152649640136,11781.526496401359
398,n01443537_5048_goldfish.jpg,z_plus,11.119376,5.378308,5.7410684,0.5163120905721181,51.63120905721181
398,n01443537_5048_goldfish.jpg,epsilon,11.119376,181963680.0,181963660.0,16364556.877668757,1636455687.7668757
398,n01443537_5048_goldfish.jpg,alpha_beta,11.119376,-2.2511935e+17,2.2511935e+17,2.024568194239991e+16,2.0245681942399913e+18
398,n01443537_5048_goldfish.jpg,composite,11.119376,653.45215,642.33276,57.76697838695181,5776.697838695181
399,n04536866_19280_violin.jpg,z_plus,19.92537,9.052988,10.872381,0.5456551929573014,54.565519295730134
399,n04536866_19280_violin.jpg,epsilon,19.92537,297423360.0,297423330.0,14926866.552075159,1492686655.207516
399,n04536866_19280_violin.jpg,alpha_beta,19.92537,-1.13066924e+18,1.13066924e+18,5.674520907106347e+16,5.674520907106347e+18
399,n04536866_19280_violin.jpg,composite,19.92537,381.56506,361.6397,18.149711791368198,1814.9711791368197
400,n03759954_16247_microphone.jpg,z_plus,12.963155,13.802367,0.8392124,0.06473828562201894,6.473828562201894
400,n03759954_16247_microphone.jpg,epsilon,12.963155,-136845230.0,136845250.0,10556477.19840557,1055647719.840557
400,n03759954_16247_microphone.jpg,alpha_beta,12.963155,-3.152759e+23,3.152759e+23,2.432092357550912e+22,2.4320923575509117e+24
400,n03759954_16247_microphone.jpg,composite,12.963155,7224.0684,7211.105,556.2770093531285,55627.70093531285
401,n02121808_25532_domestic_cat.jpg,z_plus,20.338243,7.0352573,13.302986,0.6540872693605873,65.40872693605873
401,n02121808_25532_domestic_cat.jpg,epsilon,20.338243,-109059630.0,109059656.0,5362294.736896477,536229473.6896477
401,n02121808_25532_domestic_cat.jpg,alpha_beta,20.338243,-1.2646651e+20,1.2646651e+20,6.218163019448205e+18,6.218163019448205e+20
401,n02121808_25532_domestic_cat.jpg,composite,20.338243,306.40714,286.06888,14.06556462842133,1406.556462842133
402,n01990800_353_isopod.jpg,z_plus,16.367804,5.701438,10.666366,0.6516674992374055,65.16674992374055
402,n01990800_353_isopod.jpg,epsilon,16.367804,-330530200.0,330530240.0,20193927.578209464,2019392757.8209465
402,n01990800_353_isopod.jpg,alpha_beta,16.367804,-1.07544016e+18,1.07544016e+18,6.570461041067226e+16,6.570461041067225e+18
402,n01990800_353_isopod.jpg,composite,16.367804,280.8168,264.449,16.15665803426408,1615.665803426408
403,n03636649_17304_lamp.jpg,z_plus,11.842138,11.329219,0.5129194,0.04331307516790439,4.331307516790439
403,n03636649_17304_lamp.jpg,epsilon,11.842138,305148060.0,305148060.0,25767986.86952244,2576798686.9522443
403,n03636649_17304_lamp.jpg,alpha_beta,11.842138,1.9797724e+20,1.9797724e+20,1.6718031152219306e+19,1.6718031152219305e+21
403,n03636649_17304_lamp.jpg,composite,11.842138,1217.7125,1205.8704,101.82876872864384,10182.876872864384
404,n03961711_5567_plate_rack.jpg,z_plus,12.412267,6.792824,5.619443,0.45273301492564083,45.27330149256408
404,n03961711_5567_plate_rack.jpg,epsilon,12.412267,-242643740.0,242643760.0,19548706.55247164,1954870655.2471642
404,n03961711_5567_plate_rack.jpg,alpha_beta,12.412267,-8.282594e+20,8.282594e+20,6.672910096704431e+19,6.672910096704431e+21
404,n03961711_5567_plate_rack.jpg,composite,12.412267,771.7233,759.31104,61.174244119539736,6117.4244119539735
405,n03483316_5201_hair_dryer.jpg,z_plus,19.438534,14.06497,5.373564,0.27643873896054083,27.64387389605408
405,n03483316_5201_hair_dryer.jpg,epsilon,19.438534,50547436.0,50547416.0,2600371.8470635167,260037184.70635167
405,n03483316_5201_hair_dryer.jpg,alpha_beta,19.438534,6.386232e+17,6.386232e+17,3.2853466718498468e+16,3.285346671849847e+18
405,n03483316_5201_hair_dryer.jpg,composite,19.438534,4072.8616,4053.423,208.52514601940194,20852.514601940195
406,n03838899_27257_oboe.jpg,z_plus,31.760832,19.187065,12.573767,0.3958890867259663,39.58890867259663
406,n03838899_27257_oboe.jpg,epsilon,31.760832,39539256.0,39539224.0,1244905.1777609761,124490517.77609761
406,n03838899_27257_oboe.jpg,alpha_beta,31.760832,-2.490151e+22,2.490151e+22,7.840320541816633e+20,7.840320541816634e+22
406,n03838899_27257_oboe.jpg,composite,31.760832,2281.303,2249.5422,70.82756043965072,7082.756043965072
407,n04116512_19943_rubber_eraser.jpg,z_plus,25.520199,13.20186,12.318338,0.4826897501696893,48.26897501696893
407,n04116512_19943_rubber_eraser.jpg,epsilon,25.520199,202773200.0,202773170.0,7945595.150186706,794559515.0186707
407,n04116512_19943_rubber_eraser.jpg,alpha_beta,25.520199,-3.8814916e+19,3.8814916e+19,1.5209487893279555e+18,1.5209487893279556e+20
407,n04116512_19943_rubber_eraser.jpg,composite,25.520199,1449.9873,1424.4672,55.81724393937486,5581.724393937486
408,n02958343_46237_car.jpg,z_plus,24.88591,12.084194,12.801716,0.5144162231854522,51.44162231854522
408,n02958343_46237_car.jpg,epsilon,24.88591,350605250.0,350605220.0,14088502.91206433,1408850291.206433
408,n02958343_46237_car.jpg,alpha_beta,24.88591,9.7214015e+19,9.7214015e+19,3.906387804333388e+18,3.906387804333388e+20
408,n02958343_46237_car.jpg,composite,24.88591,1703.634,1678.7482,67.45777697388478,6745.7776973884775
409,n03908618_16597_pencil_box.jpg,z_plus,11.504535,5.9835896,5.520945,0.47989294703389457,47.989294703389454
409,n03908618_16597_pencil_box.jpg,epsilon,11.504535,-87188880.0,87188890.0,7578653.992015107,757865399.2015107
409,n03908618_16597_pencil_box.jpg,alpha_beta,11.504535,2.4167205e+22,2.4167205e+22,2.1006677492480483e+21,2.1006677492480482e+23
409,n03908618_16597_pencil_box.jpg,composite,11.504535,736.52814,725.0236,63.02068167914794,6302.068167914794
410,n04591713_6743_wine_bottle.jpg,z_plus,13.097161,9.4949465,3.6022148,0.2750378293710452,27.50378293710452
410,n04591713_6743_wine_bottle.jpg,epsilon,13.097161,210498030.0,210498020.0,16072033.57081305,1607203357.081305
410,n04591713_6743_wine_bottle.jpg,alpha_beta,13.097161,-1.4152448e+21,1.4152448e+21,1.0805736841690628e+20,1.0805736841690627e+22
410,n04591713_6743_wine_bottle.jpg,composite,13.097161,3872.5515,3859.4543,294.678690981871,29467.8690981871
411,n03001627_5399_chair.jpg,z_plus,19.47643,13.136661,6.3397703,0.3255098612060804,32.55098612060804
411,n03001627_5399_chair.jpg,epsilon,19.47643,41600720.0,41600700.0,2135950.8950346033,213595089.50346032
411,n03001627_5399_chair.jpg,alpha_beta,19.47643,2.6479584e+21,2.6479584e+21,1.3595706556175293e+20,1.3595706556175293e+22
411,n03001627_5399_chair.jpg,composite,19.47643,2687.546,2668.0696,136.98965660631836,13698.965660631837
412,n02802426_12131_basketball.jpg,z_plus,19.59315,6.160413,13.432736,0.6855833265570119,68.5583326557012
412,n02802426_12131_basketball.jpg,epsilon,19.59315,-244138400.0,244138420.0,12460396.931606809,1246039693.1606808
412,n02802426_12131_basketball.jpg,alpha_beta,19.59315,-4.6675935e+19,4.6675935e+19,2.382257952266302e+18,2.382257952266302e+20
412,n02802426_12131_basketball.jpg,composite,19.59315,1208.5927,1188.9995,60.68445151009052,6068.445151009052
413,n03908714_5365_pencil_sharpener.jpg,z_plus,9.164764,5.5815935,3.583171,0.3909725042945101,39.09725042945101
413,n03908714_5365_pencil_sharpener.jpg,epsilon,9.164764,68697000.0,68696990.0,7495772.827536715,749577282.7536715
413,n03908714_5365_pencil_sharpener.jpg,alpha_beta,9.164764,-4.663379e+18,4.663379e+18,5.088378491384036e+17,5.088378491384036e+19
413,n03908714_5365_pencil_sharpener.jpg,composite,9.164764,614.6986,605.5338,66.07194540937546,6607.194540937546
414,n04228054_19874_ski.jpg,z_plus,16.644444,10.00869,6.6357536,0.3986768092561216,39.867680925612156
414,n04228054_19874_ski.jpg,epsilon,16.644444,444151170.0,444151140.0,26684649.183620337,2668464918.362034
414,n04228054_19874_ski.jpg,alpha_beta,16.644444,1.5208704e+19,1.5208704e+19,9.137406311179503e+17,9.137406311179503e+19
414,n04228054_19874_ski.jpg,composite,16.644444,1162.697,1146.0526,68.8549672094551,6885.49672094551
415,n03642806_23679_laptop.jpg,z_plus,9.679707,3.3077536,6.371953,0.6582795626630058,65.82795626630057
415,n03642806_23679_laptop.jpg,epsilon,9.679707,239176580.0,239176560.0,24709071.309084836,2470907130.9084835
415,n03642806_23679_laptop.jpg,alpha_beta,9.679707,7.2635336e+20,7.2635336e+20,7.503877823407052e+19,7.503877823407052e+21
415,n03642806_23679_laptop.jpg,composite,9.679707,106.29824,96.61853,9.981555693857873,998.1555693857873
416,n02828884_9371_bench.jpg,z_plus,11.776975,6.8489003,4.9280744,0.4184499410247266,41.84499410247266
416,n02828884_9371_bench.jpg,epsilon,11.776975,-235316740.0,235316750.0,19981086.689335637,1998108668.9335637
416,n02828884_9371_bench.jpg,alpha_beta,11.776975,2.1096974e+19,2.1096974e+19,1.791374651887467e+18,1.791374651887467e+20
416,n02828884_9371_bench.jpg,composite,11.776975,182.11267,170.3357,14.463450758923294,1446.3450758923293
417,n04409515_2270_tennis_ball.jpg,z_plus,14.700431,14.174081,0.52635,0.03580507442122947,3.5805074421229466
417,n04409515_2270_tennis_ball.jpg,epsilon,14.700431,-188028700.0,188028720.0,12790694.480269412,1279069448.026941
417,n04409515_2270_tennis_ball.jpg,alpha_beta,14.700431,-5.9734795e+20,5.9734795e+20,4.063472424948332e+19,4.063472424948332e+21
417,n04409515_2270_tennis_ball.jpg,composite,14.700431,1461.3806,1446.6802,98.41073288740368,9841.073288740368
418,n01443537_4691_goldfish.jpg,z_plus,10.954307,10.27657,0.6777363,0.06186939136188222,6.186939136188222
418,n01443537_4691_goldfish.jpg,epsilon,10.954307,162928600.0,162928590.0,14873473.775900124,1487347377.5900123
418,n01443537_4691_goldfish.jpg,alpha_beta,10.954307,-1.5346881e+19,1.5346881e+19,1.4009906424422464e+18,1.4009906424422464e+20
418,n01443537_4691_goldfish.jpg,composite,10.954307,2287.1868,2276.2324,207.79338248139675,20779.338248139677
419,n07753113_31494_fig.jpg,z_plus,17.005116,8.0955715,8.909544,0.5239331650427272,52.393316504272725
419,n07753113_31494_fig.jpg,epsilon,17.005116,-148203710.0,148203730.0,8715243.828397295,871524382.8397294
419,n07753113_31494_fig.jpg,alpha_beta,17.005116,-1.0753023e+20,1.0753023e+20,6.323404955634657e+18,6.323404955634657e+20
419,n07753113_31494_fig.jpg,composite,17.005116,1847.0967,1830.0916,107.62006007278228,10762.006007278229
420,n02828884_603_bench.jpg,z_plus,19.65521,9.51657,10.13864,0.5158245649830805,51.58245649830805
420,n02828884_603_bench.jpg,epsilon,19.65521,225633000.0,225632980.0,11479550.221350936,1147955022.1350937
420,n02828884_603_bench.jpg,alpha_beta,19.65521,6.3252007e+18,6.3252007e+18,3.218078317996244e+17,3.2180783179962438e+19
420,n02828884_603_bench.jpg,composite,19.65521,2060.6665,2041.0114,103.84072726949083,10384.072726949084
421,n02129165_16177_lion.jpg,z_plus,11.996982,3.391548,8.605433,0.717299878864643,71.7299878864643
421,n02129165_16177_lion.jpg,epsilon,11.996982,-227069780.0,227069800.0,18927243.464939743,1892724346.4939742
421,n02129165_16177_lion.jpg,alpha_beta,11.996982,2.7166722e+19,2.7166722e+19,2.2644631091735365e+18,2.2644631091735364e+20
421,n02129165_16177_lion.jpg,composite,11.996982,296.84662,284.84964,23.743442215102036,2374.3442215102036
422,n02268443_40549_dragonfly.jpg,z_plus,16.958767,5.940106,11.0186615,0.6497324681175589,64.97324681175589
422,n02268443_40549_dragonfly.jpg,epsilon,16.958767,287299870.0,287299840.0,16941080.74284012,1694108074.2840118
422,n02268443_40549_dragonfly.jpg,alpha_beta,16.958767,9.147658e+19,9.147658e+19,5.394058388945768e+18,5.394058388945768e+20
422,n02268443_40549_dragonfly.jpg,composite,16.958767,472.83615,455.87738,26.881516918704637,2688.1516918704638
423,n07720875_3114_bell_pepper.jpg,z_plus,8.946681,4.8526025,4.0940785,0.4576086405653989,45.76086405653989
423,n07720875_3114_bell_pepper.jpg,epsilon,8.946681,-85379630.0,85379640.0,9543163.523362577,954316352.3362577
423,n07720875_3114_bell_pepper.jpg,alpha_beta,8.946681,9.279348e+18,9.279348e+18,1.0371833028697061e+18,1.0371833028697062e+20
423,n07720875_3114_bell_pepper.jpg,composite,8.946681,1208.7161,1199.7694,134.10217778067306,13410.217778067306
424,n02131653_4506_bear.jpg,z_plus,26.095242,11.867434,14.227808,0.5452261467933776,54.52261467933776
424,n02131653_4506_bear.jpg,epsilon,26.095242,-279925000.0,279925020.0,10727052.420229997,1072705242.0229998
424,n02131653_4506_bear.jpg,alpha_beta,26.095242,1.182393e+22,1.182393e+22,4.5310672668815216e+20,4.531067266881521e+22
424,n02131653_4506_bear.jpg,composite,26.095242,2493.2217,2467.1265,94.54315494035869,9454.315494035869
425,n02129165_6654_lion.jpg,z_plus,16.386372,6.8995605,9.486811,0.5789451690672066,57.89451690672066
425,n02129165_6654_lion.jpg,epsilon,16.386372,1676275500.0,1676275500.0,102296926.71036439,10229692671.036438
425,n02129165_6654_lion.jpg,alpha_beta,16.386372,6.017308e+20,6.017308e+20,3.6721418008046883e+19,3.6721418008046883e+21
425,n02129165_6654_lion.jpg,composite,16.386372,2678.6946,2662.308,162.47087325100452,16247.087325100452
426,n04409515_1508_tennis_ball.jpg,z_plus,14.683622,6.4283214,8.2553005,0.5622114433865998,56.221144338659975
426,n04409515_1508_tennis_ball.jpg,epsilon,14.683622,5740742000.0,5740742000.0,390962257.3213137,39096225732.13137
426,n04409515_1508_tennis_ball.jpg,alpha_beta,14.683622,-2.0428616e+19,2.0428616e+19,1.3912517959967826e+18,1.3912517959967826e+20
426,n04409515_1508_tennis_ball.jpg,composite,14.683622,282.05914,267.37552,18.20909801554173,1820.909801554173
427,n07739125_8731_apple.jpg,z_plus,19.835234,9.015108,10.820126,0.5455002824413968,54.55002824413968
427,n07739125_8731_apple.jpg,epsilon,19.835234,-585540700.0,585540700.0,29520230.574054584,2952023057.4054585
427,n07739125_8731_apple.jpg,alpha_beta,19.835234,-1.8385507e+18,1.8385507e+18,9.269115421789014e+16,9.269115421789014e+18
427,n07739125_8731_apple.jpg,composite,19.835234,1905.3787,1885.5435,95.06030967727975,9506.030967727975
428,n02786058_8556_band_aid.jpg,z_plus,17.067184,9.482909,7.5842752,0.444377645781127,44.4377645781127
428,n02786058_8556_band_aid.jpg,epsilon,17.067184,-903288400.0,903288400.0,52925448.0542107,5292544805.42107
428,n02786058_8556_band_aid.jpg,alpha_beta,17.067184,2.7732586e+18,2.7732586e+18,1.624906911018907e+17,1.6249069110189068e+19
428,n02786058_8556_band_aid.jpg,composite,17.067184,1549.8137,1532.7466,89.8066454129935,8980.664541299351
429,n02799071_7869_baseball.jpg,z_plus,11.362153,5.4444556,5.9176974,0.5208253577807533,52.08253577807533
429,n02799071_7869_baseball.jpg,epsilon,11.362153,-212474560.0,212474580.0,18700203.64845324,1870020364.845324
429,n02799071_7869_baseball.jpg,alpha_beta,11.362153,3.1190405e+19,3.1190405e+19,2.745113954020315e+18,2.745113954020315e+20
429,n02799071_7869_baseball.jpg,composite,11.362153,871.0489,859.6867,75.66230646918233,7566.230646918232
430,n02445715_10727_skunk.jpg,z_plus,18.167683,16.181664,1.9860191,0.10931604062684572,10.931604062684572
430,n02445715_10727_skunk.jpg,epsilon,18.167683,-77371176.0,77371190.0,4258726.5253400225,425872652.53400224
430,n02445715_10727_skunk.jpg,alpha_beta,18.167683,-3.3004757e+21,3.3004757e+21,1.8166739903548817e+20,1.8166739903548817e+22
430,n02445715_10727_skunk.jpg,composite,18.167683,348.5967,330.42902,18.187736020192588,1818.7736020192588
431,n02951585_1789_can_opener.jpg,z_plus,14.588242,6.7112803,7.876961,0.5399527550346096,53.99527550346096
431,n02951585_1789_can_opener.jpg,epsilon,14.588242,60432536.0,60432520.0,4142549.989747989,414254998.9747989
431,n02951585_1789_can_opener.jpg,alpha_beta,14.588242,-5.4682087e+20,5.4682087e+20,3.748367281803962e+19,3.748367281803962e+21
431,n02951585_1789_can_opener.jpg,composite,14.588242,1302.3864,1287.7981,88.27644434076984,8827.644434076985
432,n02437136_3810_camel.jpg,z_plus,10.731098,9.021038,1.7100601,0.15935555630696385,15.935555630696385
432,n02437136_3810_camel.jpg,epsilon,10.731098,371741220.0,371741220.0,34641488.68097249,3464148868.0972486
432,n02437136_3810_camel.jpg,alpha_beta,10.731098,6.702682e+17,6.702682e+17,6.246035467863369e+16,6.246035467863369e+18
432,n02437136_3810_camel.jpg,composite,10.731098,269.67554,258.94443,24.130282217358044,2413.0282217358044
433,n03790512_8658_motorcycle.jpg,z_plus,20.518322,6.5292616,13.98906,0.6817838421384269,68.17838421384269
433,n03790512_8658_motorcycle.jpg,epsilon,20.518322,14807596.0,14807575.0,721675.7299060501,72167572.99060501
433,n03790512_8658_motorcycle.jpg,alpha_beta,20.518322,1.4555925e+18,1.4555925e+18,7.094110594086556e+16,7.094110594086556e+18
433,n03790512_8658_motorcycle.jpg,composite,20.518322,262.17145,241.65312,11.777431022032538,1177.7431022032538
434,n07753275_24866_pineapple.jpg,z_plus,12.127234,6.071673,6.0555615,0.499335735820289,49.9335735820289
434,n07753275_24866_pineapple.jpg,epsilon,12.127234,-115493624.0,115493640.0,9523493.619396064,952349361.9396064
434,n07753275_24866_pineapple.jpg,alpha_beta,12.127234,2.1408183e+21,2.1408183e+21,1.7652980313278543e+20,1.7652980313278544e+22
434,n07753275_24866_pineapple.jpg,composite,12.127234,429.2814,417.15417,34.39812895374041,3439.812895374041
435,n04317175_9155_stethoscope.jpg,z_plus,13.853311,6.7806354,7.072675,0.5105404361073984,51.05404361073984
435,n04317175_9155_stethoscope.jpg,epsilon,13.853311,74722860.0,74722850.0,5393862.1772759175,539386217.7275918
435,n04317175_9155_stethoscope.jpg,alpha_beta,13.853311,2.2563904e+18,2.2563904e+18,1.6287734243444093e+17,1.6287734243444093e+19
435,n04317175_9155_stethoscope.jpg,composite,13.853311,522.71136,508.85806,36.73187427542264,3673.1874275422642
436,n04409515_22090_tennis_ball.jpg,z_plus,17.874733,15.229644,2.6450891,0.14797922596047683,14.797922596047682
436,n04409515_22090_tennis_ball.jpg,epsilon,17.874733,9573872000.0,9573872000.0,535609210.54846185,53560921054.84618
436,n04409515_22090_tennis_ball.jpg,alpha_beta,17.874733,9.355105e+22,9.355105e+22,5.233703374852834e+21,5.233703374852834e+23
436,n04409515_22090_tennis_ball.jpg,composite,17.874733,19149.967,19132.092,1070.342803254165,107034.28032541649
437,n01784675_2573_centipede.jpg,z_plus,19.085032,10.650761,8.434271,0.441931199022062,44.1931199022062
437,n01784675_2573_centipede.jpg,epsilon,19.085032,-361704480.0,361704500.0,18952261.71373663,1895226171.3736632
437,n01784675_2573_centipede.jpg,alpha_beta,19.085032,1.1515282e+22,1.1515282e+22,6.033672005438726e+20,6.033672005438726e+22
437,n01784675_2573_centipede.jpg,composite,19.085032,2944.6833,2925.5984,153.2928246452053,15329.28246452053
438,n07734744_5655_mushroom.jpg,z_plus,22.815775,15.681979,7.1337957,0.31266944750597836,31.266944750597837
438,n07734744_5655_mushroom.jpg,epsilon,22.815775,256483330.0,256483310.0,11241490.280958187,1124149028.0958188
438,n07734744_5655_mushroom.jpg,alpha_beta,22.815775,-7.4352065e+21,7.4352065e+21,3.258800795648652e+20,3.2588007956486522e+22
438,n07734744_5655_mushroom.jpg,composite,22.815775,5452.9106,5430.0947,237.9973832111722,23799.73832111722
439,n03950228_18009_pitcher.jpg,z_plus,9.280362,9.872081,0.5917187,0.06376030001887158,6.376030001887158
439,n03950228_18009_pitcher.jpg,epsilon,9.280362,57636776.0,57636770.0,6210616.265971824,621061626.5971824
439,n03950228_18009_pitcher.jpg,alpha_beta,9.280362,3.2071372e+18,3.2071372e+18,3.455831905734409e+17,3.455831905734409e+19
439,n03950228_18009_pitcher.jpg,composite,9.280362,890.07996,880.7996,94.91004868383997,9491.004868383998
440,n02787622_7140_banjo.jpg,z_plus,21.810677,8.121589,13.689088,0.6276324267255364,62.763242672553645
440,n02787622_7140_banjo.jpg,epsilon,21.810677,-24335020.0,24335042.0,1115739.8953457791,111573989.5345779
440,n02787622_7140_banjo.jpg,alpha_beta,21.810677,3.5591642e+16,3.5591642e+16,1631844947089700.0,1.6318449470897e+17
440,n02787622_7140_banjo.jpg,composite,21.810677,511.6198,489.80914,22.45731082051627,2245.731082051627
441,n01776313_12698_tick.jpg,z_plus,12.868699,6.578752,6.289947,0.4887787799195526,48.87787799195526
441,n01776313_12698_tick.jpg,epsilon,12.868699,-250817090.0,250817100.0,19490478.605667736,1949047860.5667737
441,n01776313_12698_tick.jpg,alpha_beta,12.868699,4.4855436e+17,4.4855436e+17,3.485623184432717e+16,3.485623184432717e+18
441,n01776313_12698_tick.jpg,composite,12.868699,691.3551,678.4864,52.72377458023269,5272.377458023269
442,n04371430_4930_swimming_trunks.jpg,z_plus,10.519252,4.864787,5.6544647,0.5375348756791087,53.753487567910874
442,n04371430_4930_swimming_trunks.jpg,epsilon,10.519252,236041220.0,236041200.0,22438972.2710052,2243897227.1005197
442,n04371430_4930_swimming_trunks.jpg,alpha_beta,10.519252,-4.001441e+19,4.001441e+19,3.803921475620944e+18,3.803921475620944e+20
442,n04371430_4930_swimming_trunks.jpg,composite,10.519252,562.8652,552.34595,52.508101952944905,5250.810195294491
443,n02892767_14415_brassiere.jpg,z_plus,20.71204,7.450583,13.261457,0.6402777068895847,64.02777068895847
443,n02892767_14415_brassiere.jpg,epsilon,20.71204,-55713004.0,55713024.0,2689885.889487605,268988588.9487605
443,n02892767_14415_brassiere.jpg,alpha_beta,20.71204,3.9418732e+17,3.9418732e+17,1.9031796163159132e+16,1.9031796163159132e+18
443,n02892767_14415_brassiere.jpg,composite,20.71204,611.78894,591.0769,28.53784107052203,2853.784107052203
444,n02219486_28997_ant.jpg,z_plus,21.502905,8.464887,13.038018,0.6063375293487643,60.633752934876426
444,n02219486_28997_ant.jpg,epsilon,21.502905,293396200.0,293396160.0,13644489.498530552,1364448949.8530552
444,n02219486_28997_ant.jpg,alpha_beta,21.502905,2.4195743e+18,2.4195743e+18,1.1252313606050854e+17,1.1252313606050855e+19
444,n02219486_28997_ant.jpg,composite,21.502905,745.91016,724.4072,33.68880763637695,3368.880763637695
445,n02769748_3362_backpack.jpg,z_plus,14.899764,9.356223,5.543541,0.3720556199099545,37.20556199099545
445,n02769748_3362_backpack.jpg,epsilon,14.899764,25300116.0,25300102.0,1698020.3105744952,169802031.05744952
445,n02769748_3362_backpack.jpg,alpha_beta,14.899764,-6.339089e+17,6.339089e+17,4.2544897123738264e+16,4.2544897123738266e+18
445,n02769748_3362_backpack.jpg,composite,14.899764,1385.219,1370.3192,91.96918878496854,9196.918878496854
446,n04332243_12293_strainer.jpg,z_plus,15.246216,9.960162,5.2860537,0.346712503580228,34.671250358022796
446,n04332243_12293_strainer.jpg,epsilon,15.246216,-28547694.0,28547710.0,1872445.6176262114,187244561.76262113
446,n04332243_12293_strainer.jpg,alpha_beta,15.246216,-1.1100101e+22,1.1100101e+22,7.280561251833288e+20,7.280561251833288e+22
446,n04332243_12293_strainer.jpg,composite,15.246216,1063.5437,1048.2975,68.75788048901683,6875.7880489016825
447,n03249569_39070_drum.jpg,z_plus,16.814272,13.056319,3.7579527,0.22349779438819586,22.349779438819585
447,n03249569_39070_drum.jpg,epsilon,16.814272,521830000.0,521829980.0,31034943.780988187,3103494378.098819
447,n03249569_39070_drum.jpg,alpha_beta,16.814272,-8.1617855e+17,8.1617855e+17,4.854081988412278e+16,4.854081988412279e+18
447,n03249569_39070_drum.jpg,composite,16.814272,669.9783,653.164,38.84580933782968,3884.580933782968
448,n03196217_5137_digital_clock.jpg,z_plus,9.855096,7.779214,2.075882,0.21064046322662067,21.064046322662065
448,n03196217_5137_digital_clock.jpg,epsilon,9.855096,-84229800.0,84229810.0,8546827.870519286,854682787.0519286
448,n03196217_5137_digital_clock.jpg,alpha_beta,9.855096,1.8192294e+18,1.8192294e+18,1.8459783896290013e+17,1.8459783896290013e+19
448,n03196217_5137_digital_clock.jpg,composite,9.855096,782.34973,772.4946,78.38529828018117,7838.529828018118
449,n03793489_12136_computer_mouse.jpg,z_plus,9.743693,3.1392648,6.6044283,0.6778156959814202,67.78156959814203
449,n03793489_12136_computer_mouse.jpg,epsilon,9.743693,181016530.0,181016510.0,18577812.89360801,1857781289.3608012
449,n03793489_12136_computer_mouse.jpg,alpha_beta,9.743693,-4.6540863e+19,4.6540863e+19,4.776511428405684e+18,4.7765114284056845e+20
449,n03793489_12136_computer_mouse.jpg,composite,9.743693,161.45222,151.70853,15.56992006204498,1556.992006204498
450,n07747607_11507_orange.jpg,z_plus,15.96618,10.964834,5.0013456,0.3132462293328266,31.324622933282658
450,n07747607_11507_orange.jpg,epsilon,15.96618,157576060.0,157576050.0,9869364.462449018,986936446.2449018
450,n07747607_11507_orange.jpg,alpha_beta,15.96618,-1.5292861e+20,1.5292861e+20,9.578284276536183e+18,9.578284276536183e+20
450,n07747607_11507_orange.jpg,composite,15.96618,1379.9078,1363.9417,85.42692512011277,8542.692512011277
451,n04004767_13120_printer.jpg,z_plus,20.085747,12.613387,7.4723597,0.37202299442933917,37.20229944293392
451,n04004767_13120_printer.jpg,epsilon,20.085747,-226174300.0,226174320.0,11260438.689853216,1126043868.9853215
451,n04004767_13120_printer.jpg,alpha_beta,20.085747,2.518173e+19,2.518173e+19,1.2537114141227146e+18,1.2537114141227146e+20
451,n04004767_13120_printer.jpg,composite,20.085747,1505.8698,1485.784,73.97205963594662,7397.2059635946625
452,n02324045_35129_rabbit.jpg,z_plus,14.01159,7.1889763,6.8226137,0.48692644544314995,48.692644544314994
452,n02324045_35129_rabbit.jpg,epsilon,14.01159,303428300.0,303428300.0,21655521.457053114,2165552145.7053113
452,n02324045_35129_rabbit.jpg,alpha_beta,14.01159,-3.4461561e+18,3.4461561e+18,2.4595039805512586e+17,2.4595039805512585e+19
452,n02324045_35129_rabbit.jpg,composite,14.01159,1240.979,1226.9674,87.56803523308825,8756.803523308825
453,n01726692_4835_snake.jpg,z_plus,14.289736,8.20249,6.087246,0.4259872980481096,42.59872980481096
453,n01726692_4835_snake.jpg,epsilon,14.289736,-418456450.0,418456450.0,29283707.830654595,2928370783.0654597
453,n01726692_4835_snake.jpg,alpha_beta,14.289736,2.6015063e+19,2.6015063e+19,1.820541919864957e+18,1.820541919864957e+20
453,n01726692_4835_snake.jpg,composite,14.289736,898.5734,884.2837,61.882438142172816,6188.243814217281
454,n03764736_9550_milk_can.jpg,z_plus,13.546181,4.2232614,9.32292,0.6882323537600383,68.82323537600384
454,n03764736_9550_milk_can.jpg,epsilon,13.546181,215044780.0,215044770.0,15874937.175886141,1587493717.5886142
454,n03764736_9550_milk_can.jpg,alpha_beta,13.546181,5.7251804e+19,5.7251804e+19,4.226416634502878e+18,4.2264166345028783e+20
454,n03764736_9550_milk_can.jpg,composite,13.546181,179.81702,166.27084,12.274370678188802,1227.4370678188802
455,n02324045_16987_rabbit.jpg,z_plus,10.444927,6.6533694,3.7915578,0.3630047113044166,36.30047113044166
455,n02324045_16987_rabbit.jpg,epsilon,10.444927,-167722640.0,167722660.0,16057809.932253331,1605780993.2253332
455,n02324045_16987_rabbit.jpg,alpha_beta,10.444927,-9.326622e+17,9.326622e+17,8.929331550437826e+16,8.929331550437826e+18
455,n02324045_16987_rabbit.jpg,composite,10.444927,866.49805,856.0531,81.95874253938076,8195.874253938076
456,n03207941_20675_dishwasher.jpg,z_plus,8.004343,3.134368,4.869975,0.6084165895239516,60.841658952395164
456,n03207941_20675_dishwasher.jpg,epsilon,8.004343,-11760052.0,11760060.0,1469209.8964632663,146920989.64632663
456,n03207941_20675_dishwasher.jpg,alpha_beta,8.004343,1.2210397e+21,1.2210397e+21,1.525471497718796e+20,1.525471497718796e+22
456,n03207941_20675_dishwasher.jpg,composite,8.004343,62.59517,54.590828,6.820150974429965,682.0150974429965
457,n02219486_21998_ant.jpg,z_plus,12.287532,8.541029,3.7465029,0.30490280073185233,30.490280073185232
457,n02219486_21998_ant.jpg,epsilon,12.287532,-57619456.0,57619468.0,4689262.960693426,468926296.0693426
457,n02219486_21998_ant.jpg,alpha_beta,12.287532,5.918061e+17,5.918061e+17,4.816313751058215e+16,4.816313751058215e+18
457,n02219486_21998_ant.jpg,composite,12.287532,1823.7395,1811.452,147.42195975007448,14742.195975007447
458,n01770393_12410_scorpion.jpg,z_plus,21.672686,15.171149,6.5015364,0.29998757339391974,29.998757339391975
458,n01770393_12410_scorpion.jpg,epsilon,21.672686,-50704364.0,50704384.0,2339552.415389419,233955241.53894192
458,n01770393_12410_scorpion.jpg,alpha_beta,21.672686,-1.1344774e+18,1.1344774e+18,5.234595392941003e+16,5.234595392941003e+18
458,n01770393_12410_scorpion.jpg,composite,21.672686,3664.7385,3643.066,168.09480749843368,16809.48074984337
459,n02840245_10033_binder.jpg,z_plus,16.791927,9.137343,7.654584,0.4558490384455318,45.58490384455318
459,n02840245_10033_binder.jpg,epsilon,16.791927,-12536617.0,12536634.0,746586.9609349153,74658696.09349154
459,n02840245_10033_binder.jpg,alpha_beta,16.791927,-2.1873754e+18,2.1873754e+18,1.302635127922436e+17,1.302635127922436e+19
459,n02840245_10033_binder.jpg,composite,16.791927,1010.1539,993.36194,59.15711272703926,5915.711272703927
460,n07693725_10869_bagel.jpg,z_plus,14.698204,9.125589,5.5726147,0.3791357538686566,37.91357538686566
460,n07693725_10869_bagel.jpg,epsilon,14.698204,-11588302.0,11588317.0,788417.2084738467,78841720.84738466
460,n07693725_10869_bagel.jpg,alpha_beta,14.698204,2.5963699e+20,2.5963699e+20,1.7664538211580342e+19,1.7664538211580342e+21
460,n07693725_10869_bagel.jpg,composite,14.698204,1153.1617,1138.4635,77.45595977304589,7745.595977304589
461,n03814639_6968_neck_brace.jpg,z_plus,16.775139,11.130837,5.6443014,0.33646823808421167,33.64682380842117
461,n03814639_6968_neck_brace.jpg,epsilon,16.775139,250296220.0,250296210.0,14920663.855534492,1492066385.5534492
461,n03814639_6968_neck_brace.jpg,alpha_beta,16.775139,-4.7059946e+19,4.7059946e+19,2.8053387155726705e+18,2.8053387155726703e+20
461,n03814639_6968_neck_brace.jpg,composite,16.775139,2038.7285,2021.9534,120.53273516837584,12053.273516837584
462,n02992211_14789_cello.jpg,z_plus,12.453372,5.6448264,6.8085456,0.5467230552495602,54.67230552495602
462,n02992211_14789_cello.jpg,epsilon,12.453372,-356164200.0,356164200.0,28599819.544800326,2859981954.4800324
462,n02992211_14789_cello.jpg,alpha_beta,12.453372,2.860511e+17,2.860511e+17,2.2969770155828428e+16,2.296977015582843e+18
462,n02992211_14789_cello.jpg,composite,12.453372,333.30414,320.85077,25.76416804819984,2576.416804819984
463,n03950228_11894_pitcher.jpg,z_plus,16.59129,13.177253,3.4140368,0.2057728392008331,20.57728392008331
463,n03950228_11894_pitcher.jpg,epsilon,16.59129,-71356560.0,71356580.0,4300845.688247934,430084568.8247934
463,n03950228_11894_pitcher.jpg,alpha_beta,16.59129,2.7024172e+20,2.7024172e+20,1.6288168238162952e+19,1.6288168238162953e+21
463,n03950228_11894_pitcher.jpg,composite,16.59129,1558.8821,1542.2908,92.95786017764017,9295.786017764018
464,n07697100_9282_hamburger.jpg,z_plus,11.192299,3.7043474,7.4879513,0.6690271008818077,66.90271008818077
464,n07697100_9282_hamburger.jpg,epsilon,11.192299,-41518940.0,41518950.0,3709600.0033113738,370960000.33113736
464,n07697100_9282_hamburger.jpg,alpha_beta,11.192299,1.7985191e+16,1.7985191e+16,1606925508413417.2,1.6069255084134173e+17
464,n07697100_9282_hamburger.jpg,composite,11.192299,201.4165,190.22421,16.995991128661,1699.5991128661
465,n02129165_10881_lion.jpg,z_plus,19.349773,15.430482,3.9192915,0.20254973604290466,20.254973604290466
465,n02129165_10881_lion.jpg,epsilon,19.349773,15465375.0,15465356.0,799252.5635271795,79925256.35271795
465,n02129165_10881_lion.jpg,alpha_beta,19.349773,-6.1658056e+17,6.1658056e+17,3.186500142462005e+16,3.1865001424620047e+18
465,n02129165_10881_lion.jpg,composite,19.349773,1432.9635,1413.6138,73.05583066663135,7305.5830666631355
466,n04070727_10616_refrigerator.jpg,z_plus,16.532614,5.678572,10.854042,0.6565230527908005,65.65230527908005
466,n04070727_10616_refrigerator.jpg,epsilon,16.532614,-214009390.0,214009400.0,12944680.808970673,1294468080.8970673
466,n04070727_10616_refrigerator.jpg,alpha_beta,16.532614,1.2849772e+21,1.2849772e+21,7.772377663941468e+19,7.772377663941468e+21
466,n04070727_10616_refrigerator.jpg,composite,16.532614,72.74115,56.208534,3.3998577038550266,339.98577038550263
467,n04252077_1184_snowmobile.jpg,z_plus,15.843637,11.104384,4.739253,0.2991265770799649,29.912657707996487
467,n04252077_1184_snowmobile.jpg,epsilon,15.843637,52754436.0,52754420.0,3329691.1841391115,332969118.41391116
467,n04252077_1184_snowmobile.jpg,alpha_beta,15.843637,2.6536198e+17,2.6536198e+17,1.6748803925139024e+16,1.6748803925139023e+18
467,n04252077_1184_snowmobile.jpg,composite,15.843637,3714.0068,3698.163,233.41629051660098,23341.629051660097
468,n03942813_8442_ping-pong_ball.jpg,z_plus,12.60257,6.1982665,6.404303,0.508174387189948,50.8174387189948
468,n03942813_8442_ping-pong_ball.jpg,epsilon,12.60257,2697578.5,2697566.0,214048.88762131543,21404888.762131542
468,n03942813_8442_ping-pong_ball.jpg,alpha_beta,12.60257,-3.6992035e+18,3.6992035e+18,2.935277201812427e+17,2.9352772018124268e+19
468,n03942813_8442_ping-pong_ball.jpg,composite,12.60257,569.76495,557.16235,44.21021839483951,4421.021839483951
469,n04540053_3263_volleyball.jpg,z_plus,11.626579,7.511475,4.115104,0.353939374372003,35.3939374372003
469,n04540053_3263_volleyball.jpg,epsilon,11.626579,-38616024.0,38616036.0,3321358.333452541,332135833.34525406
469,n04540053_3263_volleyball.jpg,alpha_beta,11.626579,1.2221579e+18,1.2221579e+18,1.0511758095120923e+17,1.0511758095120923e+19
469,n04540053_3263_volleyball.jpg,composite,11.626579,826.06976,814.4432,70.05011158127066,7005.011158127066
470,n07615774_3856_popsicle.jpg,z_plus,16.96442,2.9122052,14.052216,0.8283345561730515,82.83345561730515
470,n07615774_3856_popsicle.jpg,epsilon,16.96442,321802800.0,321802780.0,18969276.753190055,1896927675.3190055
470,n07615774_3856_popsicle.jpg,alpha_beta,16.96442,-4.8689197e+20,4.8689197e+20,2.870077240912217e+19,2.870077240912217e+21
470,n07615774_3856_popsicle.jpg,composite,16.96442,24.521925,7.5575047,0.4454914763693673,44.54914763693673
471,n02395003_15033_swine.jpg,z_plus,10.2918825,8.656573,1.6353092,0.15889310986842614,15.889310986842615
471,n02395003_15033_swine.jpg,epsilon,10.2918825,211075680.0,211075660.0,20508946.120674055,2050894612.0674055
471,n02395003_15033_swine.jpg,alpha_beta,10.2918825,3.1402427e+17,3.1402427e+17,3.0511839366367972e+16,3.0511839366367974e+18
471,n02395003_15033_swine.jpg,composite,10.2918825,1158.499,1148.2072,111.56434709980978,11156.434709980978
472,n03134739_299_croquet_ball.jpg,z_plus,20.190771,8.511562,11.679209,0.5784429279788222,57.844292797882225
472,n03134739_299_croquet_ball.jpg,epsilon,20.190771,-187916460.0,187916480.0,9307048.20697281,930704820.697281
472,n03134739_299_croquet_ball.jpg,alpha_beta,20.190771,5.618893e+20,5.618893e+20,2.782901566506502e+19,2.782901566506502e+21
472,n03134739_299_croquet_ball.jpg,composite,20.190771,445.20795,425.01718,21.05007179811365,2105.007179811365
473,n07880968_4922_burrito.jpg,z_plus,16.780567,3.97974,12.800827,0.7628363747506555,76.28363747506555
473,n07880968_4922_burrito.jpg,epsilon,16.780567,12230120.0,12230103.0,728825.3654338146,72882536.54338145
473,n07880968_4922_burrito.jpg,alpha_beta,16.780567,2.9708955e+20,2.9708955e+20,1.7704381010485289e+19,1.770438101048529e+21
473,n07880968_4922_burrito.jpg,composite,16.780567,135.95654,119.17598,7.102023334823451,710.2023334823451
474,n02395003_5550_swine.jpg,z_plus,15.794306,7.5085063,8.285799,0.5246067241039873,52.460672410398736
474,n02395003_5550_swine.jpg,epsilon,15.794306,-60933216.0,60933230.0,3857924.0368242953,385792403.68242955
474,n02395003_5550_swine.jpg,alpha_beta,15.794306,1.046098e+20,1.046098e+20,6.623260190813524e+18,6.623260190813524e+20
474,n02395003_5550_swine.jpg,composite,15.794306,1008.4074,992.6131,62.84626311301558,6284.626311301558
475,n02892767_10638_brassiere.jpg,z_plus,16.674744,8.633204,8.041539,0.4822586397354993,48.225863973549934
475,n02892767_10638_brassiere.jpg,epsilon,16.674744,-982240450.0,982240450.0,58905879.959541894,5890587995.954189
475,n02892767_10638_brassiere.jpg,alpha_beta,16.674744,-8.4965707e+18,8.4965707e+18,5.0954730329154e+17,5.0954730329153995e+19
475,n02892767_10638_brassiere.jpg,composite,16.674744,2696.8733,2680.1985,160.7340143901205,16073.40143901205
476,n03134739_23_croquet_ball.jpg,z_plus,27.341219,12.26313,15.078089,0.5514782932063303,55.147829320633036
476,n03134739_23_croquet_ball.jpg,epsilon,27.341219,118520290.0,118520264.0,4334856.621407359,433485662.14073586
476,n03134739_23_croquet_ball.jpg,alpha_beta,27.341219,4.5590068e+17,4.5590068e+17,1.667448249295851e+16,1.667448249295851e+18
476,n03134739_23_croquet_ball.jpg,composite,27.341219,2890.592,2863.2507,104.72286322437178,10472.286322437178
477,n07747607_3088_orange.jpg,z_plus,18.113298,16.123293,1.9900055,0.10986433543662269,10.986433543662269
477,n07747607_3088_orange.jpg,epsilon,18.113298,20084456.0,20084438.0,1108822.7851972743,110882278.51972742
477,n07747607_3088_orange.jpg,alpha_beta,18.113298,-1.658428e+18,1.658428e+18,9.155858776233226e+16,9.155858776233225e+18
477,n07747607_3088_orange.jpg,composite,18.113298,8460.21,8442.097,466.07174934522715,46607.174934522714
478,n04379243_2182_table.jpg,z_plus,22.309668,12.299722,10.009946,0.448681981918199,44.8681981918199
478,n04379243_2182_table.jpg,epsilon,22.309668,171074930.0,171074910.0,7668196.3692668,766819636.92668
478,n04379243_2182_table.jpg,alpha_beta,22.309668,1.7294057e+20,1.7294057e+20,7.751821705430528e+18,7.751821705430528e+20
478,n04379243_2182_table.jpg,composite,22.309668,2750.7883,2728.4788,122.30028748608298,12230.028748608298
479,n04468005_3396_train.jpg,z_plus,17.16935,12.456764,4.7125854,0.2744766423544856,27.44766423544856
479,n04468005_3396_train.jpg,epsilon,17.16935,-45177910.0,45177930.0,2631312.709253561,263131270.92535612
479,n04468005_3396_train.jpg,alpha_beta,17.16935,-1.9789308e+20,1.9789308e+20,1.1525950582513392e+19,1.1525950582513391e+21
479,n04468005_3396_train.jpg,composite,17.16935,2511.104,2493.9346,145.25503982630855,14525.503982630855
480,n02129604_20374_tiger.jpg,z_plus,29.25485,22.704996,6.5498543,0.22388951546724656,22.388951546724655
480,n02129604_20374_tiger.jpg,epsilon,29.25485,-335267400.0,335267420.0,11460233.757714015,1146023375.7714014
480,n02129604_20374_tiger.jpg,alpha_beta,29.25485,4.879959e+22,4.879959e+22,1.6680854895420865e+21,1.6680854895420865e+23
480,n02129604_20374_tiger.jpg,composite,29.25485,1820.0007,1790.7458,61.21192984493364,6121.192984493364
481,n03063338_2928_coffee_maker.jpg,z_plus,12.813983,6.955647,5.858336,0.45718306228702843,45.71830622870284
481,n03063338_2928_coffee_maker.jpg,epsilon,12.813983,-37539064.0,37539076.0,2929540.0270015188,292954002.70015186
481,n03063338_2928_coffee_maker.jpg,alpha_beta,12.813983,5.4559856e+17,5.4559856e+17,4.2578374103685864e+16,4.257837410368586e+18
481,n03063338_2928_coffee_maker.jpg,composite,12.813983,853.20703,840.39307,65.58406302945909,6558.4063029459085
482,n01726692_8553_snake.jpg,z_plus,22.027967,19.115393,2.9125748,0.1322216756561047,13.222167565610471
482,n01726692_8553_snake.jpg,epsilon,22.027967,-190750620.0,190750640.0,8659475.296497986,865947529.6497986
482,n01726692_8553_snake.jpg,alpha_beta,22.027967,5.144208e+20,5.144208e+20,2.3353076881760825e+19,2.3353076881760825e+21
482,n01726692_8553_snake.jpg,composite,22.027967,6026.507,6004.479,272.58434153965095,27258.434153965096
483,n03394916_28561_french_horn.jpg,z_plus,24.618229,15.4124975,9.205731,0.3739396292197661,37.39396292197661
483,n03394916_28561_french_horn.jpg,epsilon,24.618229,31406006.0,31405982.0,1275720.6097374717,127572060.97374716
483,n03394916_28561_french_horn.jpg,alpha_beta,24.618229,4.3463766e+18,4.3463766e+18,1.765511494235286e+17,1.7655114942352861e+19
483,n03394916_28561_french_horn.jpg,composite,24.618229,2651.3796,2626.7615,106.69985577981838,10669.985577981837
484,n02484322_30035_monkey.jpg,z_plus,20.60228,9.201178,11.401102,0.5533903166024162,55.33903166024162
484,n02484322_30035_monkey.jpg,epsilon,20.60228,-1065133500.0,1065133500.0,51699788.63342727,5169978863.342727
484,n02484322_30035_monkey.jpg,alpha_beta,20.60228,-1.0721118e+19,1.0721118e+19,5.203850328664047e+17,5.203850328664047e+19
484,n02484322_30035_monkey.jpg,composite,20.60228,765.5693,744.967,36.1594441065229,3615.9444106522897
485,n02419796_9300_antelope.jpg,z_plus,17.544178,7.295142,10.249036,0.5841844416651992,58.418444166519926
485,n02419796_9300_antelope.jpg,epsilon,17.544178,457832770.0,457832740.0,26095992.39919782,2609599239.919782
485,n02419796_9300_antelope.jpg,alpha_beta,17.544178,-7.6134446e+18,7.6134446e+18,4.339584657156804e+17,4.339584657156804e+19
485,n02419796_9300_antelope.jpg,composite,17.544178,167.81671,150.27254,8.565379189923126,856.5379189923126
486,n03337140_3759_filing_cabinet.jpg,z_plus,24.550138,16.418385,8.131754,0.3312304706530111,33.12304706530111
486,n03337140_3759_filing_cabinet.jpg,epsilon,24.550138,-164561250.0,164561280.0,6703069.319582709,670306931.9582709
486,n03337140_3759_filing_cabinet.jpg,alpha_beta,24.550138,1.57474e+21,1.57474e+21,6.414383556646343e+19,6.414383556646342e+21
486,n03337140_3759_filing_cabinet.jpg,composite,24.550138,5321.5015,5296.951,215.7605415291069,21576.05415291069
487,n02958343_4969_car.jpg,z_plus,19.27409,11.734338,7.539752,0.39118589148439264,39.11858914843926
487,n02958343_4969_car.jpg,epsilon,19.27409,434986720.0,434986700.0,22568468.456486907,2256846845.6486907
487,n02958343_4969_car.jpg,alpha_beta,19.27409,-1.6319383e+19,1.6319383e+19,8.467005573440298e+17,8.467005573440299e+19
487,n02958343_4969_car.jpg,composite,19.27409,1440.7815,1421.5074,73.75224770610903,7375.224770610903
488,n02834778_3678_bicycle.jpg,z_plus,12.915809,4.8395324,8.076277,0.6253016733292435,62.53016733292435
488,n02834778_3678_bicycle.jpg,epsilon,12.915809,-252065920.0,252065940.0,19516078.49504714,1951607849.504714
488,n02834778_3678_bicycle.jpg,alpha_beta,12.915809,-1.228026e+19,1.228026e+19,9.507929281611524e+17,9.507929281611524e+19
488,n02834778_3678_bicycle.jpg,composite,12.915809,230.77417,217.85837,16.86757471714883,1686.757471714883
489,n04392985_14368_tape_player.jpg,z_plus,19.895632,13.758586,6.137046,0.3084619742016427,30.846197420164266
489,n04392985_14368_tape_player.jpg,epsilon,19.895632,-7831121400.0,7831121400.0,393610089.40058225,39361008940.05823
489,n04392985_14368_tape_player.jpg,alpha_beta,19.895632,-3.0721782e+25,3.0721782e+25,1.5441470800094768e+24,1.5441470800094768e+26
489,n04392985_14368_tape_player.jpg,composite,19.895632,2972.9075,2953.0117,148.42512918146736,14842.512918146735
490,n03110669_35490_trumpet.jpg,z_plus,15.461712,9.0145235,6.4471884,0.41697765587164987,41.69776558716499
490,n03110669_35490_trumpet.jpg,epsilon,15.461712,-450090300.0,450090300.0,29109991.65945507,2910999165.945507
490,n03110669_35490_trumpet.jpg,alpha_beta,15.461712,-6.86879e+19,6.86879e+19,4.442451086590787e+18,4.442451086590787e+20
490,n03110669_35490_trumpet.jpg,composite,15.461712,977.18915,961.7274,62.200578058468565,6220.057805846856
491,n03211117_3052_tv_or_monitor.jpg,z_plus,19.739819,17.226128,2.513691,0.1273411373596638,12.734113735966378
491,n03211117_3052_tv_or_monitor.jpg,epsilon,19.739819,1511239400.0,1511239400.0,76557918.62193988,7655791862.193988
491,n03211117_3052_tv_or_monitor.jpg,alpha_beta,19.739819,2.1623705e+22,2.1623705e+22,1.0954358454200845e+21,1.0954358454200845e+23
491,n03211117_3052_tv_or_monitor.jpg,composite,19.739819,2856.9927,2837.253,143.7324724668354,14373.247246683539
492,n02131653_14212_bear.jpg,z_plus,15.870606,5.1889825,10.681623,0.6730444429077832,67.30444429077832
492,n02131653_14212_bear.jpg,epsilon,15.870606,-2820445700.0,2820445700.0,177715055.1624257,17771505516.24257
492,n02131653_14212_bear.jpg,alpha_beta,15.870606,-2.4080085e+19,2.4080085e+19,1.517275689352927e+18,1.517275689352927e+20
492,n02131653_14212_bear.jpg,composite,15.870606,2975.106,2959.2354,186.46013092447424,18646.013092447425
493,n04019541_26831_puck.jpg,z_plus,12.578452,7.04987,5.528582,0.4395280156242238,43.95280156242238
493,n04019541_26831_puck.jpg,epsilon,12.578452,125627060.0,125627040.0,9987480.088049632,998748008.8049631
493,n04019541_26831_puck.jpg,alpha_beta,12.578452,9.913443e+19,9.913443e+19,7.881290192880446e+18,7.881290192880447e+20
493,n04019541_26831_puck.jpg,composite,12.578452,2479.5525,2466.974,196.127003487128,19612.700348712802
494,n01495701_2358_ray.jpg,z_plus,18.489609,14.345986,4.1436224,0.22410546652965627,22.41054665296563
494,n01495701_2358_ray.jpg,epsilon,18.489609,-98250130.0,98250140.0,5313803.295964674,531380329.59646744
494,n01495701_2358_ray.jpg,alpha_beta,18.489609,-2.145698e+19,2.145698e+19,1.1604886119077606e+18,1.1604886119077606e+20
494,n01495701_2358_ray.jpg,composite,18.489609,3425.3167,3406.8271,184.2563134579133,18425.63134579133
495,n02883205_4699_bow_tie.jpg,z_plus,29.47983,12.868454,16.611376,0.5634827584654821,56.34827584654821
495,n02883205_4699_bow_tie.jpg,epsilon,29.47983,3223081500.0,3223081500.0,109331753.10190928,10933175310.190928
495,n02883205_4699_bow_tie.jpg,alpha_beta,29.47983,-1.0198809e+20,1.0198809e+20,3.459588704620337e+18,3.459588704620337e+20
495,n02883205_4699_bow_tie.jpg,composite,29.47983,1714.5804,1685.1006,57.16113688534194,5716.113688534194
496,n02118333_412_fox.jpg,z_plus,29.442093,18.458376,10.983717,0.3730616910737511,37.30616910737511
496,n02118333_412_fox.jpg,epsilon,29.442093,-111057680.0,111057710.0,3772072.603343113,377207260.3343113
496,n02118333_412_fox.jpg,alpha_beta,29.442093,-5.0520444e+19,5.0520444e+19,1.71592569908397e+18,1.71592569908397e+20
496,n02118333_412_fox.jpg,composite,29.442093,3136.0938,3106.6516,105.51734967511808,10551.734967511808
497,n03916031_14529_perfume.jpg,z_plus,27.681614,14.581077,13.100537,0.47325771309773784,47.325771309773785
497,n03916031_14529_perfume.jpg,epsilon,27.681614,166804580.0,166804540.0,6025824.377988601,602582437.7988601
497,n03916031_14529_perfume.jpg,alpha_beta,27.681614,-4.4222815e+20,4.4222815e+20,1.5975519053480421e+19,1.597551905348042e+21
497,n03916031_14529_perfume.jpg,composite,27.681614,4621.922,4594.24,165.96721011768685,16596.721011768685
498,n03958227_8704_plastic_bag.jpg,z_plus,11.657366,4.8897104,6.7676554,0.5805475687010304,58.05475687010304
498,n03958227_8704_plastic_bag.jpg,epsilon,11.657366,-26950680.0,26950692.0,2311902.4025234883,231190240.25234884
498,n03958227_8704_plastic_bag.jpg,alpha_beta,11.657366,-6.96474e+19,6.96474e+19,5.974540026825172e+18,5.974540026825173e+20
498,n03958227_8704_plastic_bag.jpg,composite,11.657366,504.4831,492.8257,42.27590714477139,4227.590714477139
499,n07714571_8557_head_cabbage.jpg,z_plus,11.686621,7.269827,4.416794,0.3779359261846408,37.793592618464075
499,n07714571_8557_head_cabbage.jpg,epsilon,11.686621,179970180.0,179970160.0,15399674.92874036,1539967492.874036
499,n07714571_8557_head_cabbage.jpg,alpha_beta,11.686621,5.666011e+18,5.666011e+18,4.848288616398766e+17,4.848288616398766e+19
499,n07714571_8557_head_cabbage.jpg,composite,11.686621,1033.7415,1022.0548,87.45511937500329,8745.511937500329
