Image_Index,File_Name,Rule,Initial_Sum(R_out),Final_Sum(R_in),Absolute_Error,RCE_Value,RCE_Percentage(%)
0,n03950228_34570_pitcher.jpg,z_plus,10.159328,10.159325,3.8146973e-06,3.7548716e-07,3.7548714e-05
0,n03950228_34570_pitcher.jpg,epsilon,10.159328,9.090707e+16,9.090707e+16,8.948138e+15,8.948138e+17
0,n03950228_34570_pitcher.jpg,alpha_beta,10.159328,10.154259,0.0050697327,0.0004990224,0.04990224
0,n03950228_34570_pitcher.jpg,composite,10.159328,10.15426,0.005068779,0.00049892854,0.049892854
1,n02129604_9026_tiger.jpg,z_plus,10.116836,10.116832,3.8146973e-06,3.7706428e-07,3.7706428e-05
1,n02129604_9026_tiger.jpg,epsilon,10.116836,2.4940772e+16,2.4940772e+16,2.465274e+15,2.465274e+17
1,n02129604_9026_tiger.jpg,alpha_beta,10.116836,10.126127,0.009291649,0.0009184343,0.091843426
1,n02129604_9026_tiger.jpg,composite,10.116836,10.126157,0.009321213,0.00092135655,0.09213565
2,n01662784_2198_turtle.jpg,z_plus,8.011358,8.011354,3.8146973e-06,4.7616112e-07,4.761611e-05
2,n01662784_2198_turtle.jpg,epsilon,8.011358,6.6567183e+15,6.6567183e+15,8.309101e+14,8.3091e+16
2,n01662784_2198_turtle.jpg,alpha_beta,8.011358,7.99543,0.015928268,0.0019882107,0.19882107
2,n01662784_2198_turtle.jpg,composite,8.011358,7.995431,0.015927315,0.0019880917,0.19880918
3,n04254120_621_soap_dispenser.jpg,z_plus,11.655939,11.655934,4.7683716e-06,4.0909373e-07,4.0909374e-05
3,n04254120_621_soap_dispenser.jpg,epsilon,11.655939,2.1477104e+17,2.1477104e+17,1.8425889e+16,1.8425888e+18
3,n04254120_621_soap_dispenser.jpg,alpha_beta,11.655939,11.656404,0.0004644394,3.984573e-05,0.003984573
3,n04254120_621_soap_dispenser.jpg,composite,11.655939,11.656406,0.00046730042,4.0091185e-05,0.0040091183
4,n02787622_3030_banjo.jpg,z_plus,10.372594,10.372572,2.193451e-05,2.11466e-06,0.000211466
4,n02787622_3030_banjo.jpg,epsilon,10.372594,-3.1155761e+16,3.1155761e+16,3.0036615e+15,3.0036613e+17
4,n02787622_3030_banjo.jpg,alpha_beta,10.372594,10.344943,0.027650833,0.0026657588,0.26657587
4,n02787622_3030_banjo.jpg,composite,10.372594,10.344937,0.027656555,0.0026663104,0.26663104
5,n02691156_2138_airplane.jpg,z_plus,23.354313,23.354313,0.0,0.0,0.0
5,n02691156_2138_airplane.jpg,epsilon,23.354313,-7.375002e+16,7.375002e+16,3.1578758e+15,3.1578757e+17
5,n02691156_2138_airplane.jpg,alpha_beta,23.354313,23.354204,0.00010871887,4.6551945e-06,0.00046551946
5,n02691156_2138_airplane.jpg,composite,23.354313,23.354216,9.727478e-05,4.1651742e-06,0.00041651743
6,n02484322_3182_monkey.jpg,z_plus,13.126254,13.126254,0.0,0.0,0.0
6,n02484322_3182_monkey.jpg,epsilon,13.126254,1.3166188e+16,1.3166188e+16,1.0030423e+15,1.0030423e+17
6,n02484322_3182_monkey.jpg,alpha_beta,13.126254,13.133491,0.0072364807,0.00055129826,0.055129826
6,n02484322_3182_monkey.jpg,composite,13.126254,13.133503,0.0072488785,0.00055224274,0.055224273
7,n02274259_3025_butterfly.jpg,z_plus,14.901445,14.901438,7.6293945e-06,5.119902e-07,5.1199022e-05
7,n02274259_3025_butterfly.jpg,epsilon,14.901445,3.7191338e+17,3.7191338e+17,2.495821e+16,2.495821e+18
7,n02274259_3025_butterfly.jpg,alpha_beta,14.901445,14.895813,0.0056324005,0.0003779768,0.037797682
7,n02274259_3025_butterfly.jpg,composite,14.901445,14.895828,0.0056171417,0.0003769528,0.03769528
8,n04252225_8055_snowplow.jpg,z_plus,11.5893755,11.589369,6.67572e-06,5.760207e-07,5.760207e-05
8,n04252225_8055_snowplow.jpg,epsilon,11.5893755,-7.675471e+16,7.675471e+16,6.622851e+15,6.6228506e+17
8,n04252225_8055_snowplow.jpg,alpha_beta,11.5893755,11.588025,0.0013504028,0.00011652076,0.011652076
8,n04252225_8055_snowplow.jpg,composite,11.5893755,11.588019,0.0013561249,0.00011701449,0.011701449
9,n02121808_538_domestic_cat.jpg,z_plus,17.178827,17.17882,7.6293945e-06,4.4411615e-07,4.4411616e-05
9,n02121808_538_domestic_cat.jpg,epsilon,17.178827,-6.3639733e+15,6.3639733e+15,3.7045445e+14,3.7045446e+16
9,n02121808_538_domestic_cat.jpg,alpha_beta,17.178827,17.178692,0.00013542175,7.883062e-06,0.0007883062
9,n02121808_538_domestic_cat.jpg,composite,17.178827,17.178694,0.0001335144,7.772032e-06,0.00077720324
10,n04026417_1879_purse.jpg,z_plus,18.901958,18.90195,7.6293945e-06,4.0362985e-07,4.0362986e-05
10,n04026417_1879_purse.jpg,epsilon,18.901958,3.7901197e+16,3.7901197e+16,2.0051466e+15,2.0051465e+17
10,n04026417_1879_purse.jpg,alpha_beta,18.901958,18.998322,0.09636307,0.0050980467,0.50980467
10,n04026417_1879_purse.jpg,composite,18.901958,18.998697,0.096738815,0.0051179253,0.51179254
11,n04254120_4148_soap_dispenser.jpg,z_plus,18.75515,18.755144,5.722046e-06,3.05092e-07,3.0509198e-05
11,n04254120_4148_soap_dispenser.jpg,epsilon,18.75515,-3.7543924e+16,3.7543924e+16,2.0017929e+15,2.0017929e+17
11,n04254120_4148_soap_dispenser.jpg,alpha_beta,18.75515,18.755154,3.8146973e-06,2.0339466e-07,2.0339467e-05
11,n04254120_4148_soap_dispenser.jpg,composite,18.75515,18.755142,7.6293945e-06,4.0678933e-07,4.0678933e-05
12,n07695742_612_pretzel.jpg,z_plus,13.700479,13.700474,4.7683716e-06,3.4804415e-07,3.4804416e-05
12,n07695742_612_pretzel.jpg,epsilon,13.700479,1.5417792e+17,1.5417792e+17,1.1253469e+16,1.1253469e+18
12,n07695742_612_pretzel.jpg,alpha_beta,13.700479,13.702979,0.002500534,0.00018251436,0.018251436
12,n07695742_612_pretzel.jpg,composite,13.700479,13.702981,0.0025024414,0.00018265357,0.018265357
13,n03642806_7780_laptop.jpg,z_plus,16.026274,16.026268,5.722046e-06,3.5704156e-07,3.5704157e-05
13,n03642806_7780_laptop.jpg,epsilon,16.026274,3.8625294e+16,3.8625294e+16,2.410123e+15,2.410123e+17
13,n03642806_7780_laptop.jpg,alpha_beta,16.026274,15.9726305,0.053643227,0.0033472052,0.33472052
13,n03642806_7780_laptop.jpg,composite,16.026274,15.972553,0.053720474,0.0033520253,0.33520252
14,n02076196_1965_seal.jpg,z_plus,9.680565,9.68056,4.7683716e-06,4.9257164e-07,4.9257163e-05
14,n02076196_1965_seal.jpg,epsilon,9.680565,-2.9328923e+16,2.9328923e+16,3.0296707e+15,3.0296706e+17
14,n02076196_1965_seal.jpg,alpha_beta,9.680565,9.661024,0.019540787,0.0020185586,0.20185585
14,n02076196_1965_seal.jpg,composite,9.680565,9.661036,0.019529343,0.0020173762,0.20173763
15,n03793489_3923_computer_mouse.jpg,z_plus,16.634232,16.634224,7.6293945e-06,4.5865627e-07,4.586563e-05
15,n03793489_3923_computer_mouse.jpg,epsilon,16.634232,-1.5796237e+16,1.5796237e+16,9.496223e+14,9.496223e+16
15,n03793489_3923_computer_mouse.jpg,alpha_beta,16.634232,16.61099,0.023241043,0.0013971817,0.13971816
15,n03793489_3923_computer_mouse.jpg,composite,16.634232,16.610987,0.023244858,0.001397411,0.1397411
16,n03188531_17375_diaper.jpg,z_plus,18.672483,18.672476,7.6293945e-06,4.0859024e-07,4.0859024e-05
16,n03188531_17375_diaper.jpg,epsilon,18.672483,7.667307e+15,7.667307e+15,4.106206e+14,4.106206e+16
16,n03188531_17375_diaper.jpg,alpha_beta,18.672483,18.63257,0.039913177,0.00213754,0.213754
16,n03188531_17375_diaper.jpg,composite,18.672483,18.63253,0.03995323,0.002139685,0.2139685
17,n01674464_3490_lizard.jpg,z_plus,15.853294,15.85329,4.7683716e-06,3.0078112e-07,3.0078112e-05
17,n01674464_3490_lizard.jpg,epsilon,15.853294,1.0145132e+17,1.0145132e+17,6.399384e+15,6.3993844e+17
17,n01674464_3490_lizard.jpg,alpha_beta,15.853294,15.839838,0.013456345,0.0008488043,0.084880434
17,n01674464_3490_lizard.jpg,composite,15.853294,15.839831,0.01346302,0.0008492254,0.08492254
18,n01674464_134_lizard.jpg,z_plus,15.08704,15.087037,2.861023e-06,1.8963448e-07,1.8963448e-05
18,n01674464_134_lizard.jpg,epsilon,15.08704,-1.1252127e+15,1.1252127e+15,7.458141e+13,7.458141e+15
18,n01674464_134_lizard.jpg,alpha_beta,15.08704,15.091404,0.0043640137,0.00028925578,0.028925579
18,n01674464_134_lizard.jpg,composite,15.08704,15.091082,0.0040416718,0.0002678903,0.026789032
19,n02118333_12193_fox.jpg,z_plus,18.459927,18.45992,5.722046e-06,3.0997123e-07,3.0997122e-05
19,n02118333_12193_fox.jpg,epsilon,18.459927,3.3350043e+16,3.3350043e+16,1.8066184e+15,1.8066184e+17
19,n02118333_12193_fox.jpg,alpha_beta,18.459927,18.459637,0.000289917,1.5705209e-05,0.0015705209
19,n02118333_12193_fox.jpg,composite,18.459927,18.459633,0.0002937317,1.5911855e-05,0.0015911856
20,n02454379_4660_armadillo.jpg,z_plus,16.05094,16.050934,5.722046e-06,3.564929e-07,3.564929e-05
20,n02454379_4660_armadillo.jpg,epsilon,16.05094,-5.2098297e+15,5.2098297e+15,3.2458098e+14,3.2458099e+16
20,n02454379_4660_armadillo.jpg,alpha_beta,16.05094,16.061201,0.010261536,0.0006393106,0.063931055
20,n02454379_4660_armadillo.jpg,composite,16.05094,16.06115,0.010210037,0.00063610217,0.06361022
21,n02509815_44_red_panda.jpg,z_plus,10.586458,10.586454,3.8146973e-06,3.6033745e-07,3.6033744e-05
21,n02509815_44_red_panda.jpg,epsilon,10.586458,1.72706e+17,1.72706e+17,1.631386e+16,1.631386e+18
21,n02509815_44_red_panda.jpg,alpha_beta,10.586458,10.584618,0.0018405914,0.00017386282,0.017386282
21,n02509815_44_red_panda.jpg,composite,10.586458,10.584606,0.0018520355,0.00017494382,0.017494382
22,n03483316_230_hair_dryer.jpg,z_plus,19.074327,19.074324,3.8146973e-06,1.9999118e-07,1.9999117e-05
22,n03483316_230_hair_dryer.jpg,epsilon,19.074327,2.5572441e+16,2.5572441e+16,1.3406732e+15,1.3406733e+17
22,n03483316_230_hair_dryer.jpg,alpha_beta,19.074327,19.0702,0.0041275024,0.00021639046,0.021639045
22,n03483316_230_hair_dryer.jpg,composite,19.074327,19.070232,0.0040950775,0.00021469053,0.021469053
23,n03814639_2265_neck_brace.jpg,z_plus,8.390158,8.390156,1.9073486e-06,2.2733168e-07,2.2733167e-05
23,n03814639_2265_neck_brace.jpg,epsilon,8.390158,-2.6824125e+17,2.6824125e+17,3.1970944e+16,3.1970945e+18
23,n03814639_2265_neck_brace.jpg,alpha_beta,8.390158,8.392178,0.0020198822,0.00024074425,0.024074426
23,n03814639_2265_neck_brace.jpg,composite,8.390158,8.392177,0.0020189285,0.00024063059,0.024063058
24,n01662784_3789_turtle.jpg,z_plus,23.856136,23.85613,5.722046e-06,2.3985635e-07,2.3985634e-05
24,n01662784_3789_turtle.jpg,epsilon,23.856136,2.938225e+16,2.938225e+16,1.2316432e+15,1.2316432e+17
24,n01662784_3789_turtle.jpg,alpha_beta,23.856136,23.859577,0.003440857,0.00014423362,0.014423362
24,n01662784_3789_turtle.jpg,composite,23.856136,23.859566,0.0034294128,0.0001437539,0.0143753905
25,n03720891_5553_maraca.jpg,z_plus,18.620457,18.62045,7.6293945e-06,4.0973188e-07,4.0973187e-05
25,n03720891_5553_maraca.jpg,epsilon,18.620457,-2.606942e+16,2.606942e+16,1.4000419e+15,1.4000419e+17
25,n03720891_5553_maraca.jpg,alpha_beta,18.620457,18.620071,0.00038528442,2.069146e-05,0.002069146
25,n03720891_5553_maraca.jpg,composite,18.620457,18.620064,0.00039291382,2.1101192e-05,0.0021101192
26,n02419796_445_antelope.jpg,z_plus,18.340343,18.340336,7.6293945e-06,4.1598972e-07,4.159897e-05
26,n02419796_445_antelope.jpg,epsilon,18.340343,1.0119383e+17,1.0119383e+17,5.5175534e+15,5.5175534e+17
26,n02419796_445_antelope.jpg,alpha_beta,18.340343,18.337595,0.0027484894,0.0001498603,0.01498603
26,n02419796_445_antelope.jpg,composite,18.340343,18.337591,0.002752304,0.0001500683,0.01500683
27,n04141076_43723_saxophone.jpg,z_plus,16.767342,16.767336,5.722046e-06,3.4126137e-07,3.4126137e-05
27,n04141076_43723_saxophone.jpg,epsilon,16.767342,-3.2546328e+17,3.2546328e+17,1.9410546e+16,1.9410546e+18
27,n04141076_43723_saxophone.jpg,alpha_beta,16.767342,16.8612,0.09385872,0.00559771,0.559771
27,n04141076_43723_saxophone.jpg,composite,16.767342,16.861265,0.09392357,0.005601578,0.5601578
28,n03991062_19806_flower_pot.jpg,z_plus,14.204584,14.20458,3.8146973e-06,2.6855395e-07,2.6855394e-05
28,n03991062_19806_flower_pot.jpg,epsilon,14.204584,2.908736e+17,2.908736e+17,2.0477446e+16,2.0477446e+18
28,n03991062_19806_flower_pot.jpg,alpha_beta,14.204584,14.204232,0.00035190582,2.4774103e-05,0.0024774102
28,n03991062_19806_flower_pot.jpg,composite,14.204584,14.204228,0.00035572052,2.5042656e-05,0.0025042656
29,n04118538_8452_rugby_ball.jpg,z_plus,18.788288,18.788277,1.1444092e-05,6.0910776e-07,6.0910777e-05
29,n04118538_8452_rugby_ball.jpg,epsilon,18.788288,2.130501e+17,2.130501e+17,1.1339517e+16,1.1339517e+18
29,n04118538_8452_rugby_ball.jpg,alpha_beta,18.788288,18.830406,0.042118073,0.0022417195,0.22417195
29,n04118538_8452_rugby_ball.jpg,composite,18.788288,18.830475,0.042186737,0.0022453743,0.22453743
30,n07768694_1682_pomegranate.jpg,z_plus,14.852787,14.852781,5.722046e-06,3.8525064e-07,3.8525064e-05
30,n07768694_1682_pomegranate.jpg,epsilon,14.852787,5.443682e+15,5.443682e+15,3.6650912e+14,3.665091e+16
30,n07768694_1682_pomegranate.jpg,alpha_beta,14.852787,14.852869,8.201599e-05,5.521926e-06,0.0005521926
30,n07768694_1682_pomegranate.jpg,composite,14.852787,14.852867,8.010864e-05,5.393509e-06,0.0005393509
31,n03141823_6920_crutch.jpg,z_plus,19.075987,19.076004,1.7166138e-05,8.99882e-07,8.99882e-05
31,n03141823_6920_crutch.jpg,epsilon,19.075987,1.3912121e+16,1.3912121e+16,7.293002e+14,7.293002e+16
31,n03141823_6920_crutch.jpg,alpha_beta,19.075987,19.077093,0.0011062622,5.7992398e-05,0.00579924
31,n03141823_6920_crutch.jpg,composite,19.075987,19.07711,0.0011234283,5.8892278e-05,0.0058892276
32,n02484322_11526_monkey.jpg,z_plus,17.056353,17.056347,5.722046e-06,3.3547886e-07,3.3547887e-05
32,n02484322_11526_monkey.jpg,epsilon,17.056353,2.9877476e+16,2.9877476e+16,1.751692e+15,1.751692e+17
32,n02484322_11526_monkey.jpg,alpha_beta,17.056353,17.06226,0.0059070587,0.000346326,0.0346326
32,n02484322_11526_monkey.jpg,composite,17.056353,17.062262,0.005908966,0.00034643785,0.034643784
33,n03255030_9287_dumbbell.jpg,z_plus,16.171751,16.171745,5.722046e-06,3.538297e-07,3.538297e-05
33,n03255030_9287_dumbbell.jpg,epsilon,16.171751,-8.672563e+16,8.672563e+16,5.3627853e+15,5.362785e+17
33,n03255030_9287_dumbbell.jpg,alpha_beta,16.171751,16.191395,0.019643784,0.0012146974,0.121469736
33,n03255030_9287_dumbbell.jpg,composite,16.171751,16.191452,0.019701004,0.0012182357,0.12182357
34,n03793489_1770_computer_mouse.jpg,z_plus,10.960626,10.960614,1.1444092e-05,1.0441094e-06,0.00010441094
34,n03793489_1770_computer_mouse.jpg,epsilon,10.960626,-3.5194817e+16,3.5194817e+16,3.2110228e+15,3.2110227e+17
34,n03793489_1770_computer_mouse.jpg,alpha_beta,10.960626,10.959144,0.0014820099,0.00013521216,0.013521216
34,n03793489_1770_computer_mouse.jpg,composite,10.960626,10.959148,0.0014772415,0.00013477712,0.013477712
35,n02787622_7389_banjo.jpg,z_plus,13.622311,13.622303,7.6293945e-06,5.600661e-07,5.600661e-05
35,n02787622_7389_banjo.jpg,epsilon,13.622311,9.402749e+15,9.402749e+15,6.902462e+14,6.902462e+16
35,n02787622_7389_banjo.jpg,alpha_beta,13.622311,13.624407,0.0020961761,0.00015387817,0.015387816
35,n02787622_7389_banjo.jpg,composite,13.622311,13.624413,0.0021018982,0.0001542982,0.015429821
36,n04442312_5180_toaster.jpg,z_plus,15.259109,15.259102,6.67572e-06,4.3749085e-07,4.3749085e-05
36,n04442312_5180_toaster.jpg,epsilon,15.259109,-7.627587e+16,7.627587e+16,4.9987106e+15,4.9987104e+17
36,n04442312_5180_toaster.jpg,alpha_beta,15.259109,15.258953,0.00015544891,1.01872865e-05,0.0010187286
36,n04442312_5180_toaster.jpg,composite,15.259109,15.258953,0.00015544891,1.01872865e-05,0.0010187286
37,n06874185_10683_traffic_light.jpg,z_plus,10.695438,10.695435,3.8146973e-06,3.5666582e-07,3.566658e-05
37,n06874185_10683_traffic_light.jpg,epsilon,10.695438,-2.0717688e+18,2.0717688e+18,1.9370583e+17,1.9370582e+19
37,n06874185_10683_traffic_light.jpg,alpha_beta,10.695438,10.69544,1.9073486e-06,1.7833291e-07,1.783329e-05
37,n06874185_10683_traffic_light.jpg,composite,10.695438,10.695435,3.8146973e-06,3.5666582e-07,3.566658e-05
38,n01443537_2625_goldfish.jpg,z_plus,20.279259,20.279251,7.6293945e-06,3.7621663e-07,3.7621663e-05
38,n01443537_2625_goldfish.jpg,epsilon,20.279259,-2.331426e+18,2.331426e+18,1.14966035e+17,1.1496604e+19
38,n01443537_2625_goldfish.jpg,alpha_beta,20.279259,20.289303,0.010044098,0.0004952892,0.049528923
38,n01443537_2625_goldfish.jpg,composite,20.279259,20.289356,0.010097504,0.0004979227,0.04979227
39,n04317175_7903_stethoscope.jpg,z_plus,27.31406,27.314049,1.1444092e-05,4.1898173e-07,4.1898173e-05
39,n04317175_7903_stethoscope.jpg,epsilon,27.31406,-2.4984423e+17,2.4984423e+17,9.147092e+15,9.1470915e+17
39,n04317175_7903_stethoscope.jpg,alpha_beta,27.31406,27.314222,0.00016212463,5.9355743e-06,0.00059355743
39,n04317175_7903_stethoscope.jpg,composite,27.31406,27.314226,0.00016593933,6.075235e-06,0.0006075235
40,n04442312_12329_toaster.jpg,z_plus,22.187937,22.187927,9.536743e-06,4.298166e-07,4.298166e-05
40,n04442312_12329_toaster.jpg,epsilon,22.187937,4.2727022e+15,4.2727022e+15,1.925687e+14,1.925687e+16
40,n04442312_12329_toaster.jpg,alpha_beta,22.187937,22.287527,0.0995903,0.0044884887,0.44884887
40,n04442312_12329_toaster.jpg,composite,22.187937,22.288647,0.100709915,0.004538949,0.4538949
41,n02346627_3512_porcupine.jpg,z_plus,14.899545,14.89954,4.7683716e-06,3.2003473e-07,3.2003474e-05
41,n02346627_3512_porcupine.jpg,epsilon,14.899545,2.3515255e+16,2.3515255e+16,1.5782532e+15,1.5782532e+17
41,n02346627_3512_porcupine.jpg,alpha_beta,14.899545,14.853209,0.046336174,0.0031099054,0.31099054
41,n02346627_3512_porcupine.jpg,composite,14.899545,14.853178,0.04636669,0.0031119536,0.31119537
42,n04116512_9541_rubber_eraser.jpg,z_plus,20.232862,20.232853,9.536743e-06,4.7134918e-07,4.713492e-05
42,n04116512_9541_rubber_eraser.jpg,epsilon,20.232862,1.3360276e+17,1.3360276e+17,6.6032556e+15,6.603256e+17
42,n04116512_9541_rubber_eraser.jpg,alpha_beta,20.232862,20.204512,0.02835083,0.0014012269,0.14012268
42,n04116512_9541_rubber_eraser.jpg,composite,20.232862,20.204365,0.028497696,0.0014084856,0.14084856
43,n07753592_9306_banana.jpg,z_plus,10.0050125,10.005009,3.8146973e-06,3.812786e-07,3.812786e-05
43,n07753592_9306_banana.jpg,epsilon,10.0050125,2.2527756e+16,2.2527756e+16,2.251647e+15,2.2516469e+17
43,n07753592_9306_banana.jpg,alpha_beta,10.0050125,10.00422,0.00079250336,7.921063e-05,0.007921063
43,n07753592_9306_banana.jpg,composite,10.0050125,10.004217,0.0007953644,7.949659e-05,0.007949659
44,n02924116_58545_bus.jpg,z_plus,13.719002,13.718996,5.722046e-06,4.170891e-07,4.170891e-05
44,n02924116_58545_bus.jpg,epsilon,13.719002,-2.996851e+17,2.996851e+17,2.1844526e+16,2.1844525e+18
44,n02924116_58545_bus.jpg,alpha_beta,13.719002,13.723384,0.0043821335,0.00031942074,0.031942073
44,n02924116_58545_bus.jpg,composite,13.719002,13.723398,0.0043964386,0.00032046344,0.032046344
45,n07747607_813_orange.jpg,z_plus,21.008886,21.008875,1.1444092e-05,5.447262e-07,5.447262e-05
45,n07747607_813_orange.jpg,epsilon,21.008886,4.207893e+16,4.207893e+16,2.0029109e+15,2.002911e+17
45,n07747607_813_orange.jpg,alpha_beta,21.008886,20.980087,0.028799057,0.0013708036,0.13708036
45,n07747607_813_orange.jpg,composite,21.008886,20.980145,0.028741837,0.0013680799,0.136808
46,n02342885_7641_hamster.jpg,z_plus,14.06353,14.063564,3.4332275e-05,2.4412275e-06,0.00024412276
46,n02342885_7641_hamster.jpg,epsilon,14.06353,-1.894974e+16,1.894974e+16,1.3474383e+15,1.3474384e+17
46,n02342885_7641_hamster.jpg,alpha_beta,14.06353,14.047488,0.016041756,0.0011406635,0.114066355
46,n02342885_7641_hamster.jpg,composite,14.06353,14.047441,0.01608944,0.0011440541,0.11440541
47,n02454379_10511_armadillo.jpg,z_plus,32.521122,32.521103,1.9073486e-05,5.8649533e-07,5.8649533e-05
47,n02454379_10511_armadillo.jpg,epsilon,32.521122,1.1273293e+17,1.1273293e+17,3.4664525e+15,3.4664526e+17
47,n02454379_10511_armadillo.jpg,alpha_beta,32.521122,32.521114,7.6293945e-06,2.3459813e-07,2.3459814e-05
47,n02454379_10511_armadillo.jpg,composite,32.521122,32.521126,3.8146973e-06,1.1729907e-07,1.1729907e-05
48,n04330267_15330_stove.jpg,z_plus,23.14336,23.14335,9.536743e-06,4.1207255e-07,4.1207255e-05
48,n04330267_15330_stove.jpg,epsilon,23.14336,6.092669e+15,6.092669e+15,2.6325774e+14,2.6325774e+16
48,n04330267_15330_stove.jpg,alpha_beta,23.14336,23.146212,0.0028514862,0.00012320968,0.012320968
48,n04330267_15330_stove.jpg,composite,23.14336,23.146275,0.0029144287,0.00012592936,0.012592936
49,n02892767_5122_brassiere.jpg,z_plus,24.31154,24.311531,9.536743e-06,3.9227226e-07,3.9227227e-05
49,n02892767_5122_brassiere.jpg,epsilon,24.31154,2.3543705e+16,2.3543705e+16,9.684168e+14,9.684168e+16
49,n02892767_5122_brassiere.jpg,alpha_beta,24.31154,24.291822,0.01971817,0.0008110621,0.08110621
49,n02892767_5122_brassiere.jpg,composite,24.31154,24.29187,0.019670486,0.0008091008,0.08091008
50,n07873807_1051_pizza.jpg,z_plus,19.993904,19.993912,7.6293945e-06,3.8158603e-07,3.8158603e-05
50,n07873807_1051_pizza.jpg,epsilon,19.993904,-1.7036108e+17,1.7036108e+17,8.520651e+15,8.520651e+17
50,n07873807_1051_pizza.jpg,alpha_beta,19.993904,19.992996,0.00090789795,4.540874e-05,0.0045408737
50,n07873807_1051_pizza.jpg,composite,19.993904,19.992973,0.00093078613,4.6553498e-05,0.00465535
51,n02084071_77_dog.jpg,z_plus,13.2950325,13.295027,5.722046e-06,4.3038978e-07,4.3038977e-05
51,n02084071_77_dog.jpg,epsilon,13.2950325,-1.3925425e+17,1.3925425e+17,1.0474156e+16,1.0474156e+18
51,n02084071_77_dog.jpg,alpha_beta,13.2950325,13.299112,0.0040798187,0.0003068679,0.03068679
51,n02084071_77_dog.jpg,composite,13.2950325,13.299128,0.0040950775,0.00030801562,0.03080156
52,n03062245_872_cocktail_shaker.jpg,z_plus,17.071453,17.071444,9.536743e-06,5.586369e-07,5.586369e-05
52,n03062245_872_cocktail_shaker.jpg,epsilon,17.071453,-5.35378e+15,5.35378e+15,3.136101e+14,3.136101e+16
52,n03062245_872_cocktail_shaker.jpg,alpha_beta,17.071453,17.130606,0.059152603,0.003465001,0.3465001
52,n03062245_872_cocktail_shaker.jpg,composite,17.071453,17.130592,0.05913925,0.003464219,0.3464219
53,n02118333_6_fox.jpg,z_plus,20.705261,20.705252,9.536743e-06,4.6059517e-07,4.605952e-05
53,n02118333_6_fox.jpg,epsilon,20.705261,4.0392187e+18,4.0392187e+18,1.9508176e+17,1.9508175e+19
53,n02118333_6_fox.jpg,alpha_beta,20.705261,20.696312,0.00894928,0.0004322225,0.04322225
53,n02118333_6_fox.jpg,composite,20.705261,20.696297,0.008964539,0.00043295947,0.043295946
54,n02992211_25528_cello.jpg,z_plus,20.184366,20.184359,7.6293945e-06,3.7798534e-07,3.7798534e-05
54,n02992211_25528_cello.jpg,epsilon,20.184366,6.2909657e+16,6.2909657e+16,3.1167517e+15,3.1167516e+17
54,n02992211_25528_cello.jpg,alpha_beta,20.184366,20.184364,1.9073486e-06,9.4496336e-08,9.449634e-06
54,n02992211_25528_cello.jpg,composite,20.184366,20.184366,0.0,0.0,0.0
55,n04542943_3211_waffle_iron.jpg,z_plus,15.422385,15.422379,6.67572e-06,4.3285914e-07,4.3285912e-05
55,n04542943_3211_waffle_iron.jpg,epsilon,15.422385,-2.0741187e+16,2.0741187e+16,1.3448755e+15,1.3448755e+17
55,n04542943_3211_waffle_iron.jpg,alpha_beta,15.422385,15.422533,0.00014781952,9.584738e-06,0.0009584738
55,n04542943_3211_waffle_iron.jpg,composite,15.422385,15.42253,0.0001449585,9.399227e-06,0.00093992264
56,n02951585_3935_can_opener.jpg,z_plus,20.689764,20.689743,2.0980835e-05,1.0140684e-06,0.00010140684
56,n02951585_3935_can_opener.jpg,epsilon,20.689764,4.7473394e+17,4.7473394e+17,2.2945354e+16,2.2945354e+18
56,n02951585_3935_can_opener.jpg,alpha_beta,20.689764,20.708935,0.019170761,0.0009265819,0.09265819
56,n02951585_3935_can_opener.jpg,composite,20.689764,20.70893,0.019165039,0.00092630537,0.092630535
57,n03814639_5954_neck_brace.jpg,z_plus,15.509767,15.509761,5.722046e-06,3.6893178e-07,3.689318e-05
57,n03814639_5954_neck_brace.jpg,epsilon,15.509767,-4.059122e+16,4.059122e+16,2.6171394e+15,2.6171394e+17
57,n03814639_5954_neck_brace.jpg,alpha_beta,15.509767,15.527161,0.017394066,0.0011214912,0.11214912
57,n03814639_5954_neck_brace.jpg,composite,15.509767,15.527167,0.017400742,0.0011219216,0.11219216
58,n02777292_14330_balance_beam.jpg,z_plus,19.904842,19.904835,7.6293945e-06,3.8329338e-07,3.8329337e-05
58,n02777292_14330_balance_beam.jpg,epsilon,19.904842,-1.6791852e+17,1.6791852e+17,8.4360636e+15,8.4360634e+17
58,n02777292_14330_balance_beam.jpg,alpha_beta,19.904842,19.911903,0.0070610046,0.00035473803,0.035473805
58,n02777292_14330_balance_beam.jpg,composite,19.904842,19.911945,0.0071029663,0.00035684614,0.035684615
59,n04442312_14257_toaster.jpg,z_plus,22.148754,22.148743,1.1444092e-05,5.1669235e-07,5.1669234e-05
59,n04442312_14257_toaster.jpg,epsilon,22.148754,-2.312108e+16,2.312108e+16,1.0438998e+15,1.0438998e+17
59,n04442312_14257_toaster.jpg,alpha_beta,22.148754,22.160908,0.0121536255,0.0005487273,0.05487273
59,n04442312_14257_toaster.jpg,composite,22.148754,22.160873,0.012119293,0.0005471772,0.054717723
60,n01770393_9910_scorpion.jpg,z_plus,14.435331,14.435326,5.722046e-06,3.9639173e-07,3.9639173e-05
60,n01770393_9910_scorpion.jpg,epsilon,14.435331,-5.83684e+16,5.83684e+16,4.0434403e+15,4.0434403e+17
60,n01770393_9910_scorpion.jpg,alpha_beta,14.435331,14.439539,0.004207611,0.00029148004,0.029148005
60,n01770393_9910_scorpion.jpg,composite,14.435331,14.4395075,0.00417614,0.0002892999,0.02892999
61,n04252077_2529_snowmobile.jpg,z_plus,29.408018,29.408005,1.335144e-05,4.540068e-07,4.540068e-05
61,n04252077_2529_snowmobile.jpg,epsilon,29.408018,1.4140379e+17,1.4140379e+17,4.8083415e+15,4.8083416e+17
61,n04252077_2529_snowmobile.jpg,alpha_beta,29.408018,29.34702,0.060998917,0.0020742274,0.20742275
61,n04252077_2529_snowmobile.jpg,composite,29.408018,29.347145,0.06087303,0.0020699468,0.20699468
62,n03337140_18624_filing_cabinet.jpg,z_plus,27.349174,27.349163,1.1444092e-05,4.1844376e-07,4.1844378e-05
62,n03337140_18624_filing_cabinet.jpg,epsilon,27.349174,-6.083708e+16,6.083708e+16,2.2244575e+15,2.2244575e+17
62,n03337140_18624_filing_cabinet.jpg,alpha_beta,27.349174,27.357388,0.008213043,0.00030030316,0.030030316
62,n03337140_18624_filing_cabinet.jpg,composite,27.349174,27.356993,0.007818222,0.00028586684,0.028586684
63,n03633091_27358_ladle.jpg,z_plus,17.61731,17.617304,5.722046e-06,3.2479682e-07,3.2479682e-05
63,n03633091_27358_ladle.jpg,epsilon,17.61731,-4.318332e+15,4.318332e+15,2.451187e+14,2.451187e+16
63,n03633091_27358_ladle.jpg,alpha_beta,17.61731,17.628798,0.011487961,0.0006520837,0.065208375
63,n03633091_27358_ladle.jpg,composite,17.61731,17.628752,0.011442184,0.00064948533,0.06494854
64,n02206856_5952_bee.jpg,z_plus,18.153816,18.153809,7.6293945e-06,4.2026394e-07,4.2026393e-05
64,n02206856_5952_bee.jpg,epsilon,18.153816,-1.0207536e+17,1.0207536e+17,5.622805e+15,5.622805e+17
64,n02206856_5952_bee.jpg,alpha_beta,18.153816,18.202469,0.04865265,0.0026800232,0.26800233
64,n02206856_5952_bee.jpg,composite,18.153816,18.202604,0.04878807,0.0026874829,0.26874828
65,n03062245_2005_cocktail_shaker.jpg,z_plus,8.48704,8.487038,1.9073486e-06,2.2473662e-07,2.2473663e-05
65,n03062245_2005_cocktail_shaker.jpg,epsilon,8.48704,1.196413e+16,1.196413e+16,1.4096942e+15,1.4096942e+17
65,n03062245_2005_cocktail_shaker.jpg,alpha_beta,8.48704,8.50106,0.014019966,0.0016519265,0.16519265
65,n03062245_2005_cocktail_shaker.jpg,composite,8.48704,8.501051,0.014011383,0.0016509152,0.16509153
66,n02062744_3014_whale.jpg,z_plus,13.66019,13.660183,6.67572e-06,4.8869896e-07,4.8869897e-05
66,n02062744_3014_whale.jpg,epsilon,13.66019,-7.681669e+15,7.681669e+15,5.6233987e+14,5.6233985e+16
66,n02062744_3014_whale.jpg,alpha_beta,13.66019,13.659588,0.0006017685,4.405272e-05,0.0044052717
66,n02062744_3014_whale.jpg,composite,13.66019,13.659588,0.0006017685,4.405272e-05,0.0044052717
67,n03710721_15514_maillot.jpg,z_plus,16.008465,16.008457,7.6293945e-06,4.7658503e-07,4.7658505e-05
67,n03710721_15514_maillot.jpg,epsilon,16.008465,9.598187e+16,9.598187e+16,5.995695e+15,5.9956946e+17
67,n03710721_15514_maillot.jpg,alpha_beta,16.008465,15.974948,0.033516884,0.0020936977,0.20936976
67,n03710721_15514_maillot.jpg,composite,16.008465,15.974915,0.033550262,0.0020957827,0.20957826
68,n02815834_1310_beaker.jpg,z_plus,26.331978,26.33197,7.6293945e-06,2.8973875e-07,2.8973875e-05
68,n02815834_1310_beaker.jpg,epsilon,26.331978,2.8360631e+16,2.8360631e+16,1.0770414e+15,1.0770414e+17
68,n02815834_1310_beaker.jpg,alpha_beta,26.331978,26.367142,0.03516388,0.001335406,0.1335406
68,n02815834_1310_beaker.jpg,composite,26.331978,26.367176,0.03519821,0.0013367097,0.13367097
69,n04517823_9843_vacuum.jpg,z_plus,28.863808,28.863796,1.1444092e-05,3.9648586e-07,3.9648585e-05
69,n04517823_9843_vacuum.jpg,epsilon,28.863808,-5.1122948e+17,5.1122948e+17,1.7711783e+16,1.7711783e+18
69,n04517823_9843_vacuum.jpg,alpha_beta,28.863808,28.954659,0.09085083,0.003147569,0.3147569
69,n04517823_9843_vacuum.jpg,composite,28.863808,28.95492,0.09111214,0.0031566222,0.3156622
70,n03928116_38427_piano.jpg,z_plus,11.784145,11.784139,6.67572e-06,5.6650015e-07,5.6650017e-05
70,n03928116_38427_piano.jpg,epsilon,11.784145,-1.8467397e+17,1.8467397e+17,1.5671393e+16,1.5671393e+18
70,n03928116_38427_piano.jpg,alpha_beta,11.784145,11.772137,0.012008667,0.0010190528,0.10190528
70,n03928116_38427_piano.jpg,composite,11.784145,11.772157,0.01198864,0.0010173534,0.10173534
71,n03908714_4340_pencil_sharpener.jpg,z_plus,18.055305,18.0553,5.722046e-06,3.169177e-07,3.169177e-05
71,n03908714_4340_pencil_sharpener.jpg,epsilon,18.055305,1.2330075e+17,1.2330075e+17,6.829059e+15,6.829059e+17
71,n03908714_4340_pencil_sharpener.jpg,alpha_beta,18.055305,18.06794,0.012634277,0.0006997543,0.06997543
71,n03908714_4340_pencil_sharpener.jpg,composite,18.055305,18.067966,0.01266098,0.0007012332,0.07012332
72,n07693725_10941_bagel.jpg,z_plus,22.233122,22.233112,9.536743e-06,4.2894305e-07,4.2894306e-05
72,n07693725_10941_bagel.jpg,epsilon,22.233122,5.376502e+16,5.376502e+16,2.4182397e+15,2.4182398e+17
72,n07693725_10941_bagel.jpg,alpha_beta,22.233122,22.226812,0.0063095093,0.00028378872,0.028378872
72,n07693725_10941_bagel.jpg,composite,22.233122,22.226757,0.0063648224,0.0002862766,0.02862766
73,n04591157_2640_tie.jpg,z_plus,17.36328,17.363272,7.6293945e-06,4.3939824e-07,4.3939825e-05
73,n04591157_2640_tie.jpg,epsilon,17.36328,1.2528523e+16,1.2528523e+16,7.2155276e+14,7.215528e+16
73,n04591157_2640_tie.jpg,alpha_beta,17.36328,17.361334,0.0019454956,0.00011204655,0.011204655
73,n04591157_2640_tie.jpg,composite,17.36328,17.36139,0.0018901825,0.00010886091,0.010886092
74,n03000684_16691_chain_saw.jpg,z_plus,11.281456,11.281451,4.7683716e-06,4.2267342e-07,4.2267344e-05
74,n03000684_16691_chain_saw.jpg,epsilon,11.281456,-7.723904e+16,7.723904e+16,6.8465494e+15,6.8465496e+17
74,n03000684_16691_chain_saw.jpg,alpha_beta,11.281456,11.281561,0.000104904175,9.298815e-06,0.00092988147
74,n03000684_16691_chain_saw.jpg,composite,11.281456,11.281561,0.000104904175,9.298815e-06,0.00092988147
75,n03770439_3065_miniskirt.jpg,z_plus,18.986486,18.986479,7.6293945e-06,4.018329e-07,4.0183288e-05
75,n03770439_3065_miniskirt.jpg,epsilon,18.986486,9.3851426e+17,9.3851426e+17,4.9430645e+16,4.9430645e+18
75,n03770439_3065_miniskirt.jpg,alpha_beta,18.986486,18.992989,0.0065021515,0.00034246207,0.034246206
75,n03770439_3065_miniskirt.jpg,composite,18.986486,18.99297,0.006483078,0.0003414575,0.03414575
76,n02411705_3019_sheep.jpg,z_plus,20.086683,20.086674,9.536743e-06,4.747794e-07,4.747794e-05
76,n02411705_3019_sheep.jpg,epsilon,20.086683,1.5592917e+17,1.5592917e+17,7.762813e+15,7.762813e+17
76,n02411705_3019_sheep.jpg,alpha_beta,20.086683,20.08693,0.00024604797,1.2249308e-05,0.0012249309
76,n02411705_3019_sheep.jpg,composite,20.086683,20.08693,0.00024604797,1.2249308e-05,0.0012249309
77,n04118776_1258_ruler.jpg,z_plus,18.918999,18.918991,7.6293945e-06,4.0326628e-07,4.0326628e-05
77,n04118776_1258_ruler.jpg,epsilon,18.918999,1.0911553e+16,1.0911553e+16,5.767511e+14,5.767511e+16
77,n04118776_1258_ruler.jpg,alpha_beta,18.918999,18.87007,0.048929214,0.0025862476,0.25862476
77,n04118776_1258_ruler.jpg,composite,18.918999,18.869883,0.049116135,0.0025961276,0.25961277
78,n01982650_3364_lobster.jpg,z_plus,19.941948,19.94193,1.7166138e-05,8.6080547e-07,8.6080545e-05
78,n01982650_3364_lobster.jpg,epsilon,19.941948,-7.013029e+15,7.013029e+15,3.516722e+14,3.5167218e+16
78,n01982650_3364_lobster.jpg,alpha_beta,19.941948,19.952976,0.01102829,0.0005530197,0.055301968
78,n01982650_3364_lobster.jpg,composite,19.941948,19.95293,0.010982513,0.0005507242,0.055072423
79,n01776313_1303_tick.jpg,z_plus,24.682356,24.682367,1.1444092e-05,4.6365477e-07,4.6365476e-05
79,n01776313_1303_tick.jpg,epsilon,24.682356,4.988215e+17,4.988215e+17,2.0209638e+16,2.0209638e+18
79,n01776313_1303_tick.jpg,alpha_beta,24.682356,24.749748,0.06739235,0.0027303856,0.27303857
79,n01776313_1303_tick.jpg,composite,24.682356,24.74992,0.06756401,0.0027373405,0.27373406
80,n04004767_2519_printer.jpg,z_plus,13.132596,13.132591,4.7683716e-06,3.6309436e-07,3.6309437e-05
80,n04004767_2519_printer.jpg,epsilon,13.132596,2.2213159e+16,2.2213159e+16,1.6914522e+15,1.6914523e+17
80,n04004767_2519_printer.jpg,alpha_beta,13.132596,13.190266,0.05766964,0.004391336,0.43913358
80,n04004767_2519_printer.jpg,composite,13.132596,13.190237,0.05764103,0.004389157,0.4389157
81,n02503517_6661_elephant.jpg,z_plus,21.80689,21.806879,1.1444092e-05,5.247925e-07,5.247925e-05
81,n02503517_6661_elephant.jpg,epsilon,21.80689,1.1043e+17,1.1043e+17,5.0639957e+15,5.0639956e+17
81,n02503517_6661_elephant.jpg,alpha_beta,21.80689,21.974806,0.16791534,0.0077001047,0.7700105
81,n02503517_6661_elephant.jpg,composite,21.80689,21.975044,0.16815376,0.007711038,0.7711038
82,n04336792_143_stretcher.jpg,z_plus,22.6719,22.67189,9.536743e-06,4.2064156e-07,4.2064155e-05
82,n04336792_143_stretcher.jpg,epsilon,22.6719,-2.0004283e+16,2.0004283e+16,8.8233815e+14,8.8233815e+16
82,n04336792_143_stretcher.jpg,alpha_beta,22.6719,22.669275,0.0026245117,0.00011576056,0.011576056
82,n04336792_143_stretcher.jpg,composite,22.6719,22.669258,0.0026416779,0.00011651771,0.011651771
83,n02807133_2901_bathing_cap.jpg,z_plus,16.02534,16.025333,5.722046e-06,3.570624e-07,3.5706238e-05
83,n02807133_2901_bathing_cap.jpg,epsilon,16.02534,8.195567e+17,8.195567e+17,5.1141305e+16,5.1141304e+18
83,n02807133_2901_bathing_cap.jpg,alpha_beta,16.02534,16.025331,7.6293945e-06,4.760832e-07,4.760832e-05
83,n02807133_2901_bathing_cap.jpg,composite,16.02534,16.02534,0.0,0.0,0.0
84,n02062744_3044_whale.jpg,z_plus,13.895595,13.895588,6.67572e-06,4.804199e-07,4.8041988e-05
84,n02062744_3044_whale.jpg,epsilon,13.895595,7.042548e+17,7.042548e+17,5.0681877e+16,5.068188e+18
84,n02062744_3044_whale.jpg,alpha_beta,13.895595,13.910898,0.015303612,0.0011013283,0.11013283
84,n02062744_3044_whale.jpg,composite,13.895595,13.91091,0.015315056,0.0011021519,0.110215195
85,n04557648_2511_water_bottle.jpg,z_plus,14.501812,14.501805,6.67572e-06,4.6033696e-07,4.6033696e-05
85,n04557648_2511_water_bottle.jpg,epsilon,14.501812,4.554507e+16,4.554507e+16,3.1406468e+15,3.1406467e+17
85,n04557648_2511_water_bottle.jpg,alpha_beta,14.501812,14.545145,0.043333054,0.002988113,0.29881132
85,n04557648_2511_water_bottle.jpg,composite,14.501812,14.54512,0.043308258,0.0029864032,0.2986403
86,n07753275_25056_pineapple.jpg,z_plus,14.326839,14.326837,2.861023e-06,1.9969673e-07,1.9969673e-05
86,n07753275_25056_pineapple.jpg,epsilon,14.326839,1.1464608e+17,1.1464608e+17,8.002189e+15,8.002189e+17
86,n07753275_25056_pineapple.jpg,alpha_beta,14.326839,14.333963,0.007123947,0.0004972448,0.049724482
86,n07753275_25056_pineapple.jpg,composite,14.326839,14.333973,0.007133484,0.0004979105,0.04979105
87,n04591713_5607_wine_bottle.jpg,z_plus,7.6509123,7.6509104,1.9073486e-06,2.492969e-07,2.492969e-05
87,n04591713_5607_wine_bottle.jpg,epsilon,7.6509123,1.1243551e+17,1.1243551e+17,1.46957e+16,1.46957e+18
87,n04591713_5607_wine_bottle.jpg,alpha_beta,7.6509123,7.673851,0.022938728,0.002998169,0.2998169
87,n04591713_5607_wine_bottle.jpg,composite,7.6509123,7.673888,0.022975922,0.0030030303,0.30030304
88,n02121808_5315_domestic_cat.jpg,z_plus,15.659807,15.659803,3.8146973e-06,2.4359798e-07,2.4359799e-05
88,n02121808_5315_domestic_cat.jpg,epsilon,15.659807,3.864701e+16,3.864701e+16,2.467911e+15,2.467911e+17
88,n02121808_5315_domestic_cat.jpg,alpha_beta,15.659807,15.657661,0.0021457672,0.00013702386,0.013702386
88,n02121808_5315_domestic_cat.jpg,composite,15.659807,15.657661,0.0021457672,0.00013702386,0.013702386
89,n07734744_5110_mushroom.jpg,z_plus,15.805285,15.805279,6.67572e-06,4.2237264e-07,4.2237265e-05
89,n07734744_5110_mushroom.jpg,epsilon,15.805285,3.502912e+17,3.502912e+17,2.2162916e+16,2.2162916e+18
89,n07734744_5110_mushroom.jpg,alpha_beta,15.805285,15.798472,0.0068130493,0.00043106146,0.043106146
89,n07734744_5110_mushroom.jpg,composite,15.805285,15.798469,0.006816864,0.00043130282,0.043130282
90,n07739125_9099_apple.jpg,z_plus,16.05883,16.05882,9.536743e-06,5.9386286e-07,5.9386286e-05
90,n07739125_9099_apple.jpg,epsilon,16.05883,7.244289e+17,7.244289e+17,4.511094e+16,4.511094e+18
90,n07739125_9099_apple.jpg,alpha_beta,16.05883,16.119726,0.06089592,0.003792052,0.3792052
90,n07739125_9099_apple.jpg,composite,16.05883,16.119968,0.061138153,0.003807136,0.3807136
91,n03271574_692_electric_fan.jpg,z_plus,21.022387,21.022377,9.536743e-06,4.5364703e-07,4.5364704e-05
91,n03271574_692_electric_fan.jpg,epsilon,21.022387,-2.4195853e+16,2.4195853e+16,1.1509565e+15,1.1509565e+17
91,n03271574_692_electric_fan.jpg,alpha_beta,21.022387,21.024431,0.0020446777,9.7261924e-05,0.009726193
91,n03271574_692_electric_fan.jpg,composite,21.022387,21.024458,0.0020713806,9.853213e-05,0.009853213
92,n03950228_10344_pitcher.jpg,z_plus,11.8317585,11.831755,3.8146973e-06,3.224117e-07,3.224117e-05
92,n03950228_10344_pitcher.jpg,epsilon,11.8317585,1.5145168e+17,1.5145168e+17,1.2800437e+16,1.2800437e+18
92,n03950228_10344_pitcher.jpg,alpha_beta,11.8317585,11.828801,0.002957344,0.00024994966,0.024994966
92,n03950228_10344_pitcher.jpg,composite,11.8317585,11.828825,0.0029335022,0.0002479346,0.024793461
93,n04530566_8181_watercraft.jpg,z_plus,24.281626,24.281616,9.536743e-06,3.9275554e-07,3.9275554e-05
93,n04530566_8181_watercraft.jpg,epsilon,24.281626,7.456228e+16,7.456228e+16,3.0707285e+15,3.0707284e+17
93,n04530566_8181_watercraft.jpg,alpha_beta,24.281626,24.281767,0.0001411438,5.812782e-06,0.00058127823
93,n04530566_8181_watercraft.jpg,composite,24.281626,24.281776,0.00015068054,6.205538e-06,0.0006205538
94,n03000684_3268_chain_saw.jpg,z_plus,13.038673,13.038667,6.67572e-06,5.1199385e-07,5.1199386e-05
94,n03000684_3268_chain_saw.jpg,epsilon,13.038673,-3.8102716e+16,3.8102716e+16,2.9222847e+15,2.9222848e+17
94,n03000684_3268_chain_saw.jpg,alpha_beta,13.038673,13.033455,0.005218506,0.00040023288,0.04002329
94,n03000684_3268_chain_saw.jpg,composite,13.038673,13.033451,0.0052223206,0.00040052546,0.040052544
95,n02355227_12248_squirrel.jpg,z_plus,13.470523,13.470516,6.67572e-06,4.955799e-07,4.955799e-05
95,n02355227_12248_squirrel.jpg,epsilon,13.470523,-2.7009366e+16,2.7009366e+16,2.0050718e+15,2.0050718e+17
95,n02355227_12248_squirrel.jpg,alpha_beta,13.470523,13.488744,0.018220901,0.0013526499,0.135265
95,n02355227_12248_squirrel.jpg,composite,13.470523,13.488777,0.01825428,0.0013551278,0.13551278
96,n03001627_6675_chair.jpg,z_plus,15.379665,15.379657,8.583069e-06,5.58079e-07,5.58079e-05
96,n03001627_6675_chair.jpg,epsilon,15.379665,-1.8063138e+16,1.8063138e+16,1.1744819e+15,1.1744819e+17
96,n03001627_6675_chair.jpg,alpha_beta,15.379665,15.378563,0.0011024475,7.168215e-05,0.0071682152
96,n03001627_6675_chair.jpg,composite,15.379665,15.3785715,0.0010938644,7.112407e-05,0.007112407
97,n02970849_5009_cart.jpg,z_plus,14.976094,14.976088,6.67572e-06,4.4575842e-07,4.457584e-05
97,n02970849_5009_cart.jpg,epsilon,14.976094,-2.3151248e+16,2.3151248e+16,1.5458802e+15,1.5458802e+17
97,n02970849_5009_cart.jpg,alpha_beta,14.976094,14.97813,0.0020360947,0.00013595632,0.013595631
97,n02970849_5009_cart.jpg,composite,14.976094,14.978139,0.0020446777,0.00013652944,0.013652945
98,n02444819_7927_otter.jpg,z_plus,20.84,20.839994,5.722046e-06,2.7457034e-07,2.7457034e-05
98,n02444819_7927_otter.jpg,epsilon,20.84,-3.57957e+16,3.57957e+16,1.717644e+15,1.717644e+17
98,n02444819_7927_otter.jpg,alpha_beta,20.84,20.841509,0.0015087128,7.239504e-05,0.0072395043
98,n02444819_7927_otter.jpg,composite,20.84,20.841524,0.0015239716,7.312723e-05,0.007312723
99,n04023962_20755_punching_bag.jpg,z_plus,19.849806,19.849794,1.1444092e-05,5.765342e-07,5.7653422e-05
99,n04023962_20755_punching_bag.jpg,epsilon,19.849806,-4.8700016e+16,4.8700016e+16,2.4534252e+15,2.4534252e+17
99,n04023962_20755_punching_bag.jpg,alpha_beta,19.849806,20.049946,0.20014,0.010082718,1.0082718
99,n04023962_20755_punching_bag.jpg,composite,19.849806,20.050446,0.20063972,0.0101078935,1.0107894
100,n02777292_18680_balance_beam.jpg,z_plus,10.30744,10.307435,4.7683716e-06,4.6261454e-07,4.6261455e-05
100,n02777292_18680_balance_beam.jpg,epsilon,10.30744,5.540989e+15,5.540989e+15,5.375718e+14,5.375718e+16
100,n02777292_18680_balance_beam.jpg,alpha_beta,10.30744,10.299187,0.0082530975,0.00080069323,0.080069326
100,n02777292_18680_balance_beam.jpg,composite,10.30744,10.299183,0.008256912,0.0008010634,0.08010634
101,n07753113_12066_fig.jpg,z_plus,8.516164,8.51616,3.8146973e-06,4.4793612e-07,4.479361e-05
101,n07753113_12066_fig.jpg,epsilon,8.516164,6.3474806e+15,6.3474806e+15,7.453451e+14,7.453451e+16
101,n07753113_12066_fig.jpg,alpha_beta,8.516164,8.506708,0.009455681,0.0011103216,0.11103216
101,n07753113_12066_fig.jpg,composite,8.516164,8.5067,0.009464264,0.0011113295,0.11113295
102,n04039381_8917_racket.jpg,z_plus,11.760792,11.760786,5.722046e-06,4.865358e-07,4.865358e-05
102,n04039381_8917_racket.jpg,epsilon,11.760792,-6.540115e+16,6.540115e+16,5.560948e+15,5.560948e+17
102,n04039381_8917_racket.jpg,alpha_beta,11.760792,11.734726,0.026065826,0.0022163326,0.22163326
102,n04039381_8917_racket.jpg,composite,11.760792,11.734724,0.026067734,0.0022164949,0.22164948
103,n03961711_9189_plate_rack.jpg,z_plus,10.2638235,10.263818,5.722046e-06,5.5749655e-07,5.5749653e-05
103,n03961711_9189_plate_rack.jpg,epsilon,10.2638235,-1.11655406e+15,1.11655406e+15,1.0878539e+14,1.0878539e+16
103,n03961711_9189_plate_rack.jpg,alpha_beta,10.2638235,10.253999,0.009824753,0.00095722155,0.095722154
103,n03961711_9189_plate_rack.jpg,composite,10.2638235,10.254018,0.009805679,0.0009553632,0.09553632
104,n01982650_8073_lobster.jpg,z_plus,12.475066,12.475063,2.861023e-06,2.293393e-07,2.2933931e-05
104,n01982650_8073_lobster.jpg,epsilon,12.475066,-7.2409025e+15,7.2409025e+15,5.8043e+14,5.8043e+16
104,n01982650_8073_lobster.jpg,alpha_beta,12.475066,12.501604,0.026537895,0.0021272749,0.21272749
104,n01982650_8073_lobster.jpg,composite,12.475066,12.501604,0.026537895,0.0021272749,0.21272749
105,n03838899_34130_oboe.jpg,z_plus,19.370792,19.370783,9.536743e-06,4.923259e-07,4.9232593e-05
105,n03838899_34130_oboe.jpg,epsilon,19.370792,-5.013237e+16,5.013237e+16,2.588039e+15,2.588039e+17
105,n03838899_34130_oboe.jpg,alpha_beta,19.370792,19.362617,0.008174896,0.00042202178,0.04220218
105,n03838899_34130_oboe.jpg,composite,19.370792,19.362617,0.008174896,0.00042202178,0.04220218
106,n07693725_1357_bagel.jpg,z_plus,19.008558,19.008554,3.8146973e-06,2.0068315e-07,2.0068315e-05
106,n07693725_1357_bagel.jpg,epsilon,19.008558,-1.4592993e+16,1.4592993e+16,7.677065e+14,7.677065e+16
106,n07693725_1357_bagel.jpg,alpha_beta,19.008558,19.013172,0.0046138763,0.00024272627,0.024272626
106,n07693725_1357_bagel.jpg,composite,19.008558,19.013128,0.0045700073,0.0002404184,0.02404184
107,n02391049_2847_zebra.jpg,z_plus,19.515018,19.515007,1.1444092e-05,5.8642485e-07,5.8642483e-05
107,n02391049_2847_zebra.jpg,epsilon,19.515018,1.1612355e+16,1.1612355e+16,5.9504705e+14,5.9504706e+16
107,n02391049_2847_zebra.jpg,alpha_beta,19.515018,19.518154,0.0031356812,0.00016068041,0.016068041
107,n02391049_2847_zebra.jpg,composite,19.515018,19.518156,0.0031375885,0.00016077815,0.016077815
108,n03633091_11227_ladle.jpg,z_plus,17.37558,17.375572,7.6293945e-06,4.390872e-07,4.390872e-05
108,n03633091_11227_ladle.jpg,epsilon,17.37558,-2.5390816e+16,2.5390816e+16,1.4612931e+15,1.461293e+17
108,n03633091_11227_ladle.jpg,alpha_beta,17.37558,17.428823,0.053243637,0.0030642797,0.30642796
108,n03633091_11227_ladle.jpg,composite,17.37558,17.428616,0.053035736,0.0030523145,0.30523145
109,n04252077_1991_snowmobile.jpg,z_plus,13.888826,13.888821,5.722046e-06,4.1198916e-07,4.1198917e-05
109,n04252077_1991_snowmobile.jpg,epsilon,13.888826,-9.88307e+16,9.88307e+16,7.115843e+15,7.115843e+17
109,n04252077_1991_snowmobile.jpg,alpha_beta,13.888826,13.889336,0.0005092621,3.6667036e-05,0.0036667036
109,n04252077_1991_snowmobile.jpg,composite,13.888826,13.889332,0.0005054474,3.6392375e-05,0.0036392375
110,n07873807_9267_pizza.jpg,z_plus,17.59522,17.595213,7.6293945e-06,4.3360606e-07,4.3360607e-05
110,n07873807_9267_pizza.jpg,epsilon,17.59522,4.1587928e+17,4.1587928e+17,2.3635922e+16,2.363592e+18
110,n07873807_9267_pizza.jpg,alpha_beta,17.59522,17.599838,0.004617691,0.00026244007,0.026244007
110,n07873807_9267_pizza.jpg,composite,17.59522,17.599854,0.00463295,0.0002633073,0.02633073
111,n02355227_12611_squirrel.jpg,z_plus,16.33199,16.331985,3.8146973e-06,2.3357211e-07,2.335721e-05
111,n02355227_12611_squirrel.jpg,epsilon,16.33199,-1.1794214e+17,1.1794214e+17,7.2215414e+15,7.2215415e+17
111,n02355227_12611_squirrel.jpg,alpha_beta,16.33199,16.360294,0.028305054,0.001733105,0.1733105
111,n02355227_12611_squirrel.jpg,composite,16.33199,16.360237,0.028247833,0.0017296015,0.17296015
112,n03337140_6179_filing_cabinet.jpg,z_plus,13.614443,13.614436,6.67572e-06,4.9034105e-07,4.9034104e-05
112,n03337140_6179_filing_cabinet.jpg,epsilon,13.614443,-9.930497e+15,9.930497e+15,7.29409e+14,7.29409e+16
112,n03337140_6179_filing_cabinet.jpg,alpha_beta,13.614443,13.621072,0.00662899,0.00048690866,0.048690867
112,n03337140_6179_filing_cabinet.jpg,composite,13.614443,13.620979,0.0065364838,0.00048011393,0.048011392
113,n03062245_2732_cocktail_shaker.jpg,z_plus,24.736183,24.736176,7.6293945e-06,3.0843054e-07,3.0843054e-05
113,n03062245_2732_cocktail_shaker.jpg,epsilon,24.736183,1.6522636e+16,1.6522636e+16,6.679541e+14,6.6795413e+16
113,n03062245_2732_cocktail_shaker.jpg,alpha_beta,24.736183,24.736847,0.0006637573,2.6833457e-05,0.0026833457
113,n03062245_2732_cocktail_shaker.jpg,composite,24.736183,24.736843,0.0006599426,2.6679243e-05,0.0026679244
114,n02786058_2393_band_aid.jpg,z_plus,17.492012,17.492008,3.8146973e-06,2.1808225e-07,2.1808224e-05
114,n02786058_2393_band_aid.jpg,epsilon,17.492012,1.0865346e+17,1.0865346e+17,6.2116045e+15,6.2116044e+17
114,n02786058_2393_band_aid.jpg,alpha_beta,17.492012,17.485226,0.0067863464,0.00038796832,0.03879683
114,n02786058_2393_band_aid.jpg,composite,17.492012,17.485132,0.0068798065,0.00039331132,0.03933113
115,n03958227_1109_plastic_bag.jpg,z_plus,17.159771,17.159763,7.6293945e-06,4.4460936e-07,4.4460936e-05
115,n03958227_1109_plastic_bag.jpg,epsilon,17.159771,6.057182e+16,6.057182e+16,3.5298734e+15,3.5298735e+17
115,n03958227_1109_plastic_bag.jpg,alpha_beta,17.159771,17.179502,0.019731522,0.0011498709,0.11498709
115,n03958227_1109_plastic_bag.jpg,composite,17.159771,17.179493,0.019721985,0.0011493152,0.11493152
116,n04070727_39078_refrigerator.jpg,z_plus,10.417266,10.417261,4.7683716e-06,4.5773734e-07,4.5773733e-05
116,n04070727_39078_refrigerator.jpg,epsilon,10.417266,-1.4236202e+16,1.4236202e+16,1.3665967e+15,1.36659675e+17
116,n04070727_39078_refrigerator.jpg,alpha_beta,10.417266,10.417433,0.000166893,1.6020807e-05,0.0016020808
116,n04070727_39078_refrigerator.jpg,composite,10.417266,10.417433,0.000166893,1.6020807e-05,0.0016020808
117,n03720891_10274_maraca.jpg,z_plus,20.498041,20.498034,7.6293945e-06,3.7220116e-07,3.7220118e-05
117,n03720891_10274_maraca.jpg,epsilon,20.498041,-7.908567e+16,7.908567e+16,3.8582064e+15,3.8582066e+17
117,n03720891_10274_maraca.jpg,alpha_beta,20.498041,20.5159,0.017858505,0.00087122986,0.087122984
117,n03720891_10274_maraca.jpg,composite,20.498041,20.51594,0.01789856,0.0008731839,0.08731839
118,n02454379_6001_armadillo.jpg,z_plus,18.611055,18.611048,7.6293945e-06,4.0993885e-07,4.0993884e-05
118,n02454379_6001_armadillo.jpg,epsilon,18.611055,-7.645784e+16,7.645784e+16,4.1081947e+15,4.1081946e+17
118,n02454379_6001_armadillo.jpg,alpha_beta,18.611055,18.619488,0.008432388,0.0004530849,0.04530849
118,n02454379_6001_armadillo.jpg,composite,18.611055,18.61948,0.008424759,0.00045267495,0.045267496
119,n04070727_16103_refrigerator.jpg,z_plus,18.695797,18.69579,7.6293945e-06,4.0808072e-07,4.0808074e-05
119,n04070727_16103_refrigerator.jpg,epsilon,18.695797,-1.7896256e+17,1.7896256e+17,9.572342e+15,9.572342e+17
119,n04070727_16103_refrigerator.jpg,alpha_beta,18.695797,18.698349,0.0025520325,0.000136503,0.0136503
119,n04070727_16103_refrigerator.jpg,composite,18.695797,18.69833,0.002532959,0.0001354828,0.01354828
120,n02880940_18435_bowl.jpg,z_plus,17.043901,17.043896,5.722046e-06,3.3572394e-07,3.3572393e-05
120,n02880940_18435_bowl.jpg,epsilon,17.043901,-6.489058e+17,6.489058e+17,3.807261e+16,3.8072608e+18
120,n02880940_18435_bowl.jpg,alpha_beta,17.043901,17.038532,0.0053691864,0.00031502097,0.031502098
120,n02880940_18435_bowl.jpg,composite,17.043901,17.038519,0.005382538,0.00031580433,0.031580433
121,n04540053_735_volleyball.jpg,z_plus,24.868774,24.868767,7.6293945e-06,3.0678612e-07,3.0678613e-05
121,n04540053_735_volleyball.jpg,epsilon,24.868774,-1.2254483e+17,1.2254483e+17,4.9276584e+15,4.9276582e+17
121,n04540053_735_volleyball.jpg,alpha_beta,24.868774,24.86878,5.722046e-06,2.3008958e-07,2.3008959e-05
121,n04540053_735_volleyball.jpg,composite,24.868774,24.868776,1.9073486e-06,7.669653e-08,7.669653e-06
122,n04332243_12542_strainer.jpg,z_plus,17.549416,17.54941,5.722046e-06,3.2605337e-07,3.2605338e-05
122,n04332243_12542_strainer.jpg,epsilon,17.549416,-1.4064953e+16,1.4064953e+16,8.014485e+14,8.0144846e+16
122,n04332243_12542_strainer.jpg,alpha_beta,17.549416,17.552414,0.002998352,0.00017085196,0.017085196
122,n04332243_12542_strainer.jpg,composite,17.549416,17.55242,0.003004074,0.00017117802,0.017117802
123,n04336792_7621_stretcher.jpg,z_plus,18.565376,18.565369,7.6293945e-06,4.1094748e-07,4.1094747e-05
123,n04336792_7621_stretcher.jpg,epsilon,18.565376,-1.9903195e+17,1.9903195e+17,1.0720598e+16,1.0720598e+18
123,n04336792_7621_stretcher.jpg,alpha_beta,18.565376,18.564852,0.0005245209,2.825264e-05,0.002825264
123,n04336792_7621_stretcher.jpg,composite,18.565376,18.56485,0.0005264282,2.8355376e-05,0.0028355375
124,n01882714_14215_koala_bear.jpg,z_plus,25.205862,25.20585,1.1444092e-05,4.54025e-07,4.5402503e-05
124,n01882714_14215_koala_bear.jpg,epsilon,25.205862,-1.4927313e+17,1.4927313e+17,5.9221597e+15,5.92216e+17
124,n01882714_14215_koala_bear.jpg,alpha_beta,25.205862,25.2058,6.2942505e-05,2.4971375e-06,0.00024971375
124,n01882714_14215_koala_bear.jpg,composite,25.205862,25.205791,7.05719e-05,2.799821e-06,0.0002799821
125,n02503517_9218_elephant.jpg,z_plus,22.560472,22.560463,9.536743e-06,4.2271913e-07,4.2271913e-05
125,n02503517_9218_elephant.jpg,epsilon,22.560472,5.7553593e+16,5.7553593e+16,2.551081e+15,2.5510809e+17
125,n02503517_9218_elephant.jpg,alpha_beta,22.560472,22.539717,0.020755768,0.0009200059,0.09200059
125,n02503517_9218_elephant.jpg,composite,22.560472,22.539707,0.020765305,0.0009204286,0.09204286
126,n04509417_2993_unicycle.jpg,z_plus,14.514951,14.514944,6.67572e-06,4.5992027e-07,4.5992027e-05
126,n04509417_2993_unicycle.jpg,epsilon,14.514951,6.62464e+16,6.62464e+16,4.5640116e+15,4.5640116e+17
126,n04509417_2993_unicycle.jpg,alpha_beta,14.514951,14.524933,0.009982109,0.0006877122,0.06877122
126,n04509417_2993_unicycle.jpg,composite,14.514951,14.524956,0.010004997,0.00068928907,0.068928905
127,n07753592_862_banana.jpg,z_plus,11.651337,11.651331,5.722046e-06,4.911064e-07,4.911064e-05
127,n07753592_862_banana.jpg,epsilon,11.651337,1.9048819e+17,1.9048819e+17,1.6349042e+16,1.6349042e+18
127,n07753592_862_banana.jpg,alpha_beta,11.651337,11.638641,0.0126953125,0.0010896014,0.108960144
127,n07753592_862_banana.jpg,composite,11.651337,11.638637,0.012700081,0.0010900106,0.10900106
128,n04409515_6040_tennis_ball.jpg,z_plus,15.869144,15.869139,5.722046e-06,3.6057685e-07,3.6057685e-05
128,n04409515_6040_tennis_ball.jpg,epsilon,15.869144,-1.803353e+17,1.803353e+17,1.1363895e+16,1.1363895e+18
128,n04409515_6040_tennis_ball.jpg,alpha_beta,15.869144,15.855494,0.013650894,0.00086021615,0.08602162
128,n04409515_6040_tennis_ball.jpg,composite,15.869144,15.855459,0.013685226,0.0008623796,0.08623796
129,n02870880_2338_bookshelf.jpg,z_plus,17.053434,17.05343,3.8146973e-06,2.2369085e-07,2.2369084e-05
129,n02870880_2338_bookshelf.jpg,epsilon,17.053434,6.166237e+17,6.166237e+17,3.615833e+16,3.6158328e+18
129,n02870880_2338_bookshelf.jpg,alpha_beta,17.053434,17.07642,0.022985458,0.0013478493,0.13478492
129,n02870880_2338_bookshelf.jpg,composite,17.053434,17.076437,0.023002625,0.0013488558,0.13488558
130,n03124170_1312_hat_with_a_wide_brim.jpg,z_plus,11.576464,11.576459,4.7683716e-06,4.1190225e-07,4.1190226e-05
130,n03124170_1312_hat_with_a_wide_brim.jpg,epsilon,11.576464,-8.6108253e+15,8.6108253e+15,7.4382176e+14,7.438218e+16
130,n03124170_1312_hat_with_a_wide_brim.jpg,alpha_beta,11.576464,11.573757,0.0027065277,0.00023379573,0.023379572
130,n03124170_1312_hat_with_a_wide_brim.jpg,composite,11.576464,11.573761,0.002702713,0.0002334662,0.02334662
131,n02777292_4842_balance_beam.jpg,z_plus,18.29704,18.297033,7.6293945e-06,4.1697422e-07,4.169742e-05
131,n02777292_4842_balance_beam.jpg,epsilon,18.29704,6.851436e+17,6.851436e+17,3.74456e+16,3.74456e+18
131,n02777292_4842_balance_beam.jpg,alpha_beta,18.29704,18.301403,0.0043621063,0.00023840502,0.023840502
131,n02777292_4842_balance_beam.jpg,composite,18.29704,18.301395,0.004354477,0.00023798805,0.023798805
132,n01944390_7154_snail.jpg,z_plus,21.429956,21.429947,9.536743e-06,4.4501925e-07,4.4501925e-05
132,n01944390_7154_snail.jpg,epsilon,21.429956,3.3693297e+16,3.3693297e+16,1.5722522e+15,1.5722521e+17
132,n01944390_7154_snail.jpg,alpha_beta,21.429956,21.430489,0.00053215027,2.4832074e-05,0.0024832075
132,n01944390_7154_snail.jpg,composite,21.429956,21.430494,0.0005378723,2.5099085e-05,0.0025099085
133,n02445715_13210_skunk.jpg,z_plus,17.219828,17.21973,9.727478e-05,5.6489985e-06,0.0005648998
133,n02445715_13210_skunk.jpg,epsilon,17.219828,7.368927e+15,7.368927e+15,4.279327e+14,4.2793267e+16
133,n02445715_13210_skunk.jpg,alpha_beta,17.219828,17.165213,0.05461502,0.0031716358,0.3171636
133,n02445715_13210_skunk.jpg,composite,17.219828,17.165081,0.054746628,0.0031792785,0.31792784
134,n03761084_13411_microwave.jpg,z_plus,19.762066,19.762054,1.1444092e-05,5.790939e-07,5.790939e-05
134,n03761084_13411_microwave.jpg,epsilon,19.762066,8.0746485e+17,8.0746485e+17,4.0859334e+16,4.0859334e+18
134,n03761084_13411_microwave.jpg,alpha_beta,19.762066,19.781336,0.019269943,0.0009750976,0.09750976
134,n03761084_13411_microwave.jpg,composite,19.762066,19.781326,0.019260406,0.00097461505,0.09746151
135,n04154565_1120_screwdriver.jpg,z_plus,23.280085,23.280079,5.722046e-06,2.4579145e-07,2.4579145e-05
135,n04154565_1120_screwdriver.jpg,epsilon,23.280085,-1.367398e+17,1.367398e+17,5.8736813e+15,5.873681e+17
135,n04154565_1120_screwdriver.jpg,alpha_beta,23.280085,23.274181,0.005903244,0.00025357486,0.025357487
135,n04154565_1120_screwdriver.jpg,composite,23.280085,23.274118,0.0059661865,0.00025627855,0.025627855
136,n02870880_1312_bookshelf.jpg,z_plus,24.231945,24.231932,1.335144e-05,5.509851e-07,5.5098506e-05
136,n02870880_1312_bookshelf.jpg,epsilon,24.231945,-5.7733294e+16,5.7733294e+16,2.3825281e+15,2.3825281e+17
136,n02870880_1312_bookshelf.jpg,alpha_beta,24.231945,24.213724,0.018220901,0.0007519372,0.07519372
136,n02870880_1312_bookshelf.jpg,composite,24.231945,24.213387,0.018558502,0.0007658693,0.076586924
137,n02445715_1874_skunk.jpg,z_plus,18.298096,18.29809,5.722046e-06,3.1271264e-07,3.1271265e-05
137,n02445715_1874_skunk.jpg,epsilon,18.298096,9.476347e+15,9.476347e+15,5.1788706e+14,5.1788707e+16
137,n02445715_1874_skunk.jpg,alpha_beta,18.298096,18.2979,0.00019645691,1.0736468e-05,0.0010736467
137,n02445715_1874_skunk.jpg,composite,18.298096,18.297897,0.00019836426,1.0840705e-05,0.0010840705
138,n03995372_2270_power_drill.jpg,z_plus,24.998621,24.998611,9.536743e-06,3.8149076e-07,3.8149075e-05
138,n03995372_2270_power_drill.jpg,epsilon,24.998621,-5.3397562e+17,5.3397562e+17,2.1360204e+16,2.1360204e+18
138,n03995372_2270_power_drill.jpg,alpha_beta,24.998621,24.998611,9.536743e-06,3.8149076e-07,3.8149075e-05
138,n03995372_2270_power_drill.jpg,composite,24.998621,24.998615,5.722046e-06,2.2889446e-07,2.2889446e-05
139,n03481172_10708_hammer.jpg,z_plus,13.255066,13.255057,8.583069e-06,6.475312e-07,6.475312e-05
139,n03481172_10708_hammer.jpg,epsilon,13.255066,4.710995e+15,4.710995e+15,3.554109e+14,3.5541088e+16
139,n03481172_10708_hammer.jpg,alpha_beta,13.255066,13.253654,0.0014123917,0.00010655486,0.010655486
139,n03481172_10708_hammer.jpg,composite,13.255066,13.253641,0.0014247894,0.00010749018,0.010749018
140,n03110669_126388_trumpet.jpg,z_plus,10.515669,10.515666,2.861023e-06,2.7207236e-07,2.7207236e-05
140,n03110669_126388_trumpet.jpg,epsilon,10.515669,3.6098607e+16,3.6098607e+16,3.4328399e+15,3.43284e+17
140,n03110669_126388_trumpet.jpg,alpha_beta,10.515669,10.51568,1.1444092e-05,1.0882894e-06,0.00010882894
140,n03110669_126388_trumpet.jpg,composite,10.515669,10.515684,1.5258789e-05,1.4510526e-06,0.00014510527
141,n03958227_3676_plastic_bag.jpg,z_plus,12.163589,12.163584,4.7683716e-06,3.9202013e-07,3.9202012e-05
141,n03958227_3676_plastic_bag.jpg,epsilon,12.163589,5.509169e+17,5.509169e+17,4.52923e+16,4.5292298e+18
141,n03958227_3676_plastic_bag.jpg,alpha_beta,12.163589,12.164339,0.0007505417,6.170397e-05,0.006170397
141,n03958227_3676_plastic_bag.jpg,composite,12.163589,12.164392,0.00080394745,6.6094595e-05,0.0066094594
142,n03314780_8491_face_powder.jpg,z_plus,17.22582,17.225685,0.00013542175,7.861556e-06,0.0007861556
142,n03314780_8491_face_powder.jpg,epsilon,17.22582,1.2526684e+16,1.2526684e+16,7.272039e+14,7.272039e+16
142,n03314780_8491_face_powder.jpg,alpha_beta,17.22582,17.234177,0.008356094,0.00048509124,0.048509125
142,n03314780_8491_face_powder.jpg,composite,17.22582,17.224676,0.0011444092,6.6435685e-05,0.0066435686
143,n02317335_14997_starfish.jpg,z_plus,14.229583,14.229576,6.67572e-06,4.6914377e-07,4.6914378e-05
143,n02317335_14997_starfish.jpg,epsilon,14.229583,1.1263672e+16,1.1263672e+16,7.9156724e+14,7.915672e+16
143,n02317335_14997_starfish.jpg,alpha_beta,14.229583,14.216426,0.013156891,0.00092461536,0.092461534
143,n02317335_14997_starfish.jpg,composite,14.229583,14.216407,0.013175964,0.00092595577,0.09259558
144,n02777292_15460_balance_beam.jpg,z_plus,10.287813,10.28781,2.861023e-06,2.7809827e-07,2.7809827e-05
144,n02777292_15460_balance_beam.jpg,epsilon,10.287813,-7.535288e+15,7.535288e+15,7.32448e+14,7.32448e+16
144,n02777292_15460_balance_beam.jpg,alpha_beta,10.287813,10.28977,0.0019569397,0.00019021922,0.01902192
144,n02777292_15460_balance_beam.jpg,composite,10.287813,10.289775,0.001961708,0.00019068271,0.01906827
145,n07873807_12105_pizza.jpg,z_plus,15.534195,15.534189,5.722046e-06,3.6835164e-07,3.6835165e-05
145,n07873807_12105_pizza.jpg,epsilon,15.534195,-7.296439e+17,7.296439e+17,4.697018e+16,4.697018e+18
145,n07873807_12105_pizza.jpg,alpha_beta,15.534195,15.544497,0.01030159,0.0006631557,0.06631557
145,n07873807_12105_pizza.jpg,composite,15.534195,15.544502,0.010307312,0.000663524,0.066352405
146,n02691156_433_airplane.jpg,z_plus,23.476767,23.476753,1.335144e-05,5.687087e-07,5.6870867e-05
146,n02691156_433_airplane.jpg,epsilon,23.476767,-1.959084e+17,1.959084e+17,8.344778e+15,8.344778e+17
146,n02691156_433_airplane.jpg,alpha_beta,23.476767,23.441132,0.035634995,0.0015178834,0.15178834
146,n02691156_433_airplane.jpg,composite,23.476767,23.441086,0.03568077,0.0015198332,0.15198332
147,n04254680_5654_soccer_ball.jpg,z_plus,22.800348,22.800339,9.536743e-06,4.182718e-07,4.182718e-05
147,n04254680_5654_soccer_ball.jpg,epsilon,22.800348,2.9339368e+16,2.9339368e+16,1.2867948e+15,1.2867947e+17
147,n04254680_5654_soccer_ball.jpg,alpha_beta,22.800348,22.936777,0.13642883,0.0059836293,0.5983629
147,n04254680_5654_soccer_ball.jpg,composite,22.800348,22.93729,0.13694191,0.0060061323,0.60061324
148,n07753113_7675_fig.jpg,z_plus,14.9428835,14.942875,8.583069e-06,5.743917e-07,5.743917e-05
148,n07753113_7675_fig.jpg,epsilon,14.9428835,-4.6475697e+17,4.6475697e+17,3.1102227e+16,3.1102226e+18
148,n07753113_7675_fig.jpg,alpha_beta,14.9428835,14.942882,1.9073486e-06,1.2764261e-07,1.2764261e-05
148,n07753113_7675_fig.jpg,composite,14.9428835,14.942868,1.5258789e-05,1.0211409e-06,0.000102114085
149,n03636649_2054_lamp.jpg,z_plus,19.358486,19.358477,9.536743e-06,4.926389e-07,4.926389e-05
149,n03636649_2054_lamp.jpg,epsilon,19.358486,2.4070605e+17,2.4070605e+17,1.2434135e+16,1.2434135e+18
149,n03636649_2054_lamp.jpg,alpha_beta,19.358486,19.358347,0.00013923645,7.192528e-06,0.0007192528
149,n03636649_2054_lamp.jpg,composite,19.358486,19.358353,0.0001335144,6.8969443e-06,0.0006896944
150,n02769748_46333_backpack.jpg,z_plus,15.376821,15.376816,4.7683716e-06,3.1010126e-07,3.1010124e-05
150,n02769748_46333_backpack.jpg,epsilon,15.376821,-6.7104655e+15,6.7104655e+15,4.3640136e+14,4.3640136e+16
150,n02769748_46333_backpack.jpg,alpha_beta,15.376821,15.377153,0.00033283234,2.1645068e-05,0.0021645068
150,n02769748_46333_backpack.jpg,composite,15.376821,15.377074,0.00025367737,1.6497388e-05,0.0016497388
151,n04254680_8751_soccer_ball.jpg,z_plus,19.574247,19.57424,7.6293945e-06,3.8976694e-07,3.8976694e-05
151,n04254680_8751_soccer_ball.jpg,epsilon,19.574247,-2.1487916e+19,2.1487916e+19,1.09776464e+18,1.0977646e+20
151,n04254680_8751_soccer_ball.jpg,alpha_beta,19.574247,19.5868,0.012552261,0.0006412641,0.06412641
151,n04254680_8751_soccer_ball.jpg,composite,19.574247,19.586803,0.012556076,0.00064145896,0.06414589
152,n03790512_6395_motorcycle.jpg,z_plus,15.97525,15.975248,1.9073486e-06,1.1939397e-07,1.1939397e-05
152,n03790512_6395_motorcycle.jpg,epsilon,15.97525,-4.6948803e+15,4.6948803e+15,2.938846e+14,2.9388462e+16
152,n03790512_6395_motorcycle.jpg,alpha_beta,15.97525,15.976454,0.001203537,7.53376e-05,0.0075337603
152,n03790512_6395_motorcycle.jpg,composite,15.97525,15.9764385,0.0011882782,7.438245e-05,0.0074382448
153,n03196217_5430_digital_clock.jpg,z_plus,11.259451,11.259447,3.8146973e-06,3.387996e-07,3.387996e-05
153,n03196217_5430_digital_clock.jpg,epsilon,11.259451,-1.1477101e+17,1.1477101e+17,1.0193304e+16,1.01933036e+18
153,n03196217_5430_digital_clock.jpg,alpha_beta,11.259451,11.279289,0.019838333,0.0017619273,0.17619273
153,n03196217_5430_digital_clock.jpg,composite,11.259451,11.279286,0.019835472,0.0017616731,0.17616731
154,n03790512_5722_motorcycle.jpg,z_plus,14.074343,14.074337,5.722046e-06,4.0655866e-07,4.0655865e-05
154,n03790512_5722_motorcycle.jpg,epsilon,14.074343,1.3412063e+17,1.3412063e+17,9.529442e+15,9.529441e+17
154,n03790512_5722_motorcycle.jpg,alpha_beta,14.074343,14.056839,0.017503738,0.0012436629,0.12436629
154,n03790512_5722_motorcycle.jpg,composite,14.074343,14.056842,0.017500877,0.0012434596,0.124345966
155,n03110669_8565_trumpet.jpg,z_plus,21.635763,21.63577,7.6293945e-06,3.5262886e-07,3.5262885e-05
155,n03110669_8565_trumpet.jpg,epsilon,21.635763,3.5441203e+16,3.5441203e+16,1.6380843e+15,1.6380842e+17
155,n03110669_8565_trumpet.jpg,alpha_beta,21.635763,21.621548,0.014215469,0.00065703574,0.06570357
155,n03110669_8565_trumpet.jpg,composite,21.635763,21.62159,0.014173508,0.00065509626,0.065509625
156,n07714571_1112_head_cabbage.jpg,z_plus,32.391766,32.391754,1.1444092e-05,3.533025e-07,3.533025e-05
156,n07714571_1112_head_cabbage.jpg,epsilon,32.391766,-2.3725702e+17,2.3725702e+17,7.324609e+15,7.324609e+17
156,n07714571_1112_head_cabbage.jpg,alpha_beta,32.391766,32.442547,0.05078125,0.001567721,0.1567721
156,n07714571_1112_head_cabbage.jpg,composite,32.391766,32.44248,0.050712585,0.0015656011,0.15656011
157,n04591157_197_tie.jpg,z_plus,21.040007,21.039997,9.536743e-06,4.5326712e-07,4.5326713e-05
157,n04591157_197_tie.jpg,epsilon,21.040007,-1.6971065e+16,1.6971065e+16,8.066093e+14,8.066093e+16
157,n04591157_197_tie.jpg,alpha_beta,21.040007,21.033997,0.0060100555,0.00028564894,0.028564895
157,n04591157_197_tie.jpg,composite,21.040007,21.034016,0.005990982,0.0002847424,0.02847424
158,n02274259_1690_butterfly.jpg,z_plus,8.152149,8.152146,2.861023e-06,3.509532e-07,3.509532e-05
158,n02274259_1690_butterfly.jpg,epsilon,8.152149,9.496757e+15,9.496757e+15,1.164939e+15,1.164939e+17
158,n02274259_1690_butterfly.jpg,alpha_beta,8.152149,8.141146,0.011003494,0.001349766,0.13497661
158,n02274259_1690_butterfly.jpg,composite,8.152149,8.141145,0.011004448,0.001349883,0.13498831
159,n03494278_29099_harmonica.jpg,z_plus,15.474244,15.474242,1.9073486e-06,1.2325957e-07,1.2325957e-05
159,n03494278_29099_harmonica.jpg,epsilon,15.474244,2.9381871e+16,2.9381871e+16,1.8987597e+15,1.8987597e+17
159,n03494278_29099_harmonica.jpg,alpha_beta,15.474244,15.474857,0.0006132126,3.962795e-05,0.0039627953
159,n03494278_29099_harmonica.jpg,composite,15.474244,15.474839,0.0005950928,3.8456987e-05,0.0038456987
160,n03476991_14651_hair_spray.jpg,z_plus,21.652624,21.652615,9.536743e-06,4.4044285e-07,4.4044285e-05
160,n03476991_14651_hair_spray.jpg,epsilon,21.652624,-1.8300203e+16,1.8300203e+16,8.451725e+14,8.451725e+16
160,n03476991_14651_hair_spray.jpg,alpha_beta,21.652624,21.655523,0.00289917,0.00013389462,0.013389462
160,n03476991_14651_hair_spray.jpg,composite,21.652624,21.655396,0.0027713776,0.0001279927,0.0127992695
161,n02084071_35839_dog.jpg,z_plus,18.060013,18.060001,1.1444092e-05,6.336702e-07,6.336702e-05
161,n02084071_35839_dog.jpg,epsilon,18.060013,2.0561791e+18,2.0561791e+18,1.1385258e+17,1.1385258e+19
161,n02084071_35839_dog.jpg,alpha_beta,18.060013,18.061255,0.001241684,6.8753216e-05,0.0068753217
161,n02084071_35839_dog.jpg,composite,18.060013,18.061287,0.0012741089,7.0548616e-05,0.0070548616
162,n04270147_7710_spatula.jpg,z_plus,16.782846,16.782839,7.6293945e-06,4.5459478e-07,4.5459477e-05
162,n04270147_7710_spatula.jpg,epsilon,16.782846,-2.8589776e+16,2.8589776e+16,1.7035118e+15,1.7035118e+17
162,n04270147_7710_spatula.jpg,alpha_beta,16.782846,16.79794,0.01509285,0.00089930213,0.089930214
162,n04270147_7710_spatula.jpg,composite,16.782846,16.79789,0.015043259,0.0008963473,0.08963473
163,n01776313_4044_tick.jpg,z_plus,22.577057,22.577045,1.1444092e-05,5.0689033e-07,5.0689032e-05
163,n01776313_4044_tick.jpg,epsilon,22.577057,-4.327712e+15,4.327712e+15,1.9168629e+14,1.9168628e+16
163,n01776313_4044_tick.jpg,alpha_beta,22.577057,22.596134,0.019077301,0.0008449862,0.084498614
163,n01776313_4044_tick.jpg,composite,22.577057,22.596178,0.01912117,0.00084692927,0.084692925
164,n02129604_7580_tiger.jpg,z_plus,16.268522,16.268515,7.6293945e-06,4.6896665e-07,4.6896665e-05
164,n02129604_7580_tiger.jpg,epsilon,16.268522,8.771772e+17,8.771772e+17,5.3918676e+16,5.3918676e+18
164,n02129604_7580_tiger.jpg,alpha_beta,16.268522,16.267618,0.00090408325,5.557255e-05,0.005557255
164,n02129604_7580_tiger.jpg,composite,16.268522,16.267622,0.00090026855,5.5338067e-05,0.0055338065
165,n02342885_1420_hamster.jpg,z_plus,11.312658,11.312652,6.67572e-06,5.9011063e-07,5.9011065e-05
165,n02342885_1420_hamster.jpg,epsilon,11.312658,-3.7521934e+16,3.7521934e+16,3.3168097e+15,3.3168098e+17
165,n02342885_1420_hamster.jpg,alpha_beta,11.312658,11.318203,0.0055446625,0.00049012905,0.049012907
165,n02342885_1420_hamster.jpg,composite,11.312658,11.318201,0.005542755,0.0004899604,0.048996042
166,n03928116_26188_piano.jpg,z_plus,9.895405,9.8954,4.7683716e-06,4.8187735e-07,4.8187736e-05
166,n03928116_26188_piano.jpg,epsilon,9.895405,-5.716416e+16,5.716416e+16,5.776839e+15,5.776839e+17
166,n03928116_26188_piano.jpg,alpha_beta,9.895405,9.905004,0.009598732,0.00097001914,0.09700192
166,n03928116_26188_piano.jpg,composite,9.895405,9.905008,0.0096035,0.000970501,0.0970501
167,n07745940_2123_strawberry.jpg,z_plus,13.290316,13.29031,5.722046e-06,4.305425e-07,4.305425e-05
167,n07745940_2123_strawberry.jpg,epsilon,13.290316,-5.651696e+16,5.651696e+16,4.252492e+15,4.2524918e+17
167,n07745940_2123_strawberry.jpg,alpha_beta,13.290316,13.331356,0.04104042,0.0030879944,0.30879945
167,n07745940_2123_strawberry.jpg,composite,13.290316,13.331359,0.04104328,0.0030882098,0.30882096
168,n04379243_19752_table.jpg,z_plus,9.892039,9.892035,4.7683716e-06,4.820413e-07,4.820413e-05
168,n04379243_19752_table.jpg,epsilon,9.892039,1.7815524e+16,1.7815524e+16,1.8009962e+15,1.8009961e+17
168,n04379243_19752_table.jpg,alpha_beta,9.892039,9.874968,0.017071724,0.0017258043,0.17258044
168,n04379243_19752_table.jpg,composite,9.892039,9.87498,0.017059326,0.001724551,0.1724551
169,n04039381_17266_racket.jpg,z_plus,12.977196,12.97719,5.722046e-06,4.4093085e-07,4.4093085e-05
169,n04039381_17266_racket.jpg,epsilon,12.977196,-5.4670467e+16,5.4670467e+16,4.2128105e+15,4.2128104e+17
169,n04039381_17266_racket.jpg,alpha_beta,12.977196,12.958206,0.018989563,0.0014633025,0.14633025
169,n04039381_17266_racket.jpg,composite,12.977196,12.958226,0.018969536,0.0014617592,0.14617592
170,n07745940_1671_strawberry.jpg,z_plus,17.41595,17.415945,5.722046e-06,3.2855203e-07,3.2855205e-05
170,n07745940_1671_strawberry.jpg,epsilon,17.41595,5.0418326e+17,5.0418326e+17,2.894951e+16,2.894951e+18
170,n07745940_1671_strawberry.jpg,alpha_beta,17.41595,17.396505,0.01944542,0.0011165293,0.11165293
170,n07745940_1671_strawberry.jpg,composite,17.41595,17.39649,0.019460678,0.0011174055,0.111740544
171,n03804744_1360_nail.jpg,z_plus,10.083925,10.08392,5.722046e-06,5.674423e-07,5.6744233e-05
171,n03804744_1360_nail.jpg,epsilon,10.083925,-4.845774e+17,4.845774e+17,4.805444e+16,4.805444e+18
171,n03804744_1360_nail.jpg,alpha_beta,10.083925,10.089651,0.0057258606,0.0005678206,0.056782063
171,n03804744_1360_nail.jpg,composite,10.083925,10.089647,0.005722046,0.00056744233,0.056744233
172,n01944390_2487_snail.jpg,z_plus,11.339636,11.339632,3.8146973e-06,3.3640387e-07,3.3640386e-05
172,n01944390_2487_snail.jpg,epsilon,11.339636,8.45399e+16,8.45399e+16,7.4552574e+15,7.455257e+17
172,n01944390_2487_snail.jpg,alpha_beta,11.339636,11.336118,0.0035181046,0.00031024846,0.031024847
172,n01944390_2487_snail.jpg,composite,11.339636,11.336117,0.0035190582,0.00031033257,0.031033257
173,n03063338_8414_coffee_maker.jpg,z_plus,11.103817,11.103812,4.7683716e-06,4.2943535e-07,4.2943535e-05
173,n03063338_8414_coffee_maker.jpg,epsilon,11.103817,-1.1975007e+18,1.1975007e+18,1.0784586e+17,1.0784585e+19
173,n03063338_8414_coffee_maker.jpg,alpha_beta,11.103817,11.106269,0.0024518967,0.00022081567,0.022081567
173,n03063338_8414_coffee_maker.jpg,composite,11.103817,11.106287,0.0024700165,0.00022244752,0.022244751
174,n03063338_187_coffee_maker.jpg,z_plus,20.182327,20.18232,7.6293945e-06,3.7802351e-07,3.780235e-05
174,n03063338_187_coffee_maker.jpg,epsilon,20.182327,2.6947502e+18,2.6947502e+18,1.33520285e+17,1.3352028e+19
174,n03063338_187_coffee_maker.jpg,alpha_beta,20.182327,20.207676,0.025348663,0.0012559831,0.12559831
174,n03063338_187_coffee_maker.jpg,composite,20.182327,20.207678,0.02535057,0.0012560777,0.12560777
175,n07747607_5642_orange.jpg,z_plus,16.667696,16.667698,1.9073486e-06,1.1443385e-07,1.1443385e-05
175,n07747607_5642_orange.jpg,epsilon,16.667696,1.470803e+15,1.470803e+15,8.824273e+13,8.824273e+15
175,n07747607_5642_orange.jpg,alpha_beta,16.667696,16.66771,1.335144e-05,8.0103695e-07,8.0103695e-05
175,n07747607_5642_orange.jpg,composite,16.667696,16.667698,1.9073486e-06,1.1443385e-07,1.1443385e-05
176,n03372029_58342_flute.jpg,z_plus,15.471263,15.471256,6.67572e-06,4.3149163e-07,4.3149164e-05
176,n03372029_58342_flute.jpg,epsilon,15.471263,-7.2498636e+17,7.2498636e+17,4.6860193e+16,4.6860196e+18
176,n03372029_58342_flute.jpg,alpha_beta,15.471263,15.522666,0.051403046,0.0033224854,0.33224854
176,n03372029_58342_flute.jpg,composite,15.471263,15.522955,0.05169201,0.0033411628,0.33411628
177,n03584254_2594_iPod.jpg,z_plus,18.251677,18.25167,5.722046e-06,3.1350797e-07,3.1350795e-05
177,n03584254_2594_iPod.jpg,epsilon,18.251677,-4.275e+17,4.275e+17,2.3422508e+16,2.342251e+18
177,n03584254_2594_iPod.jpg,alpha_beta,18.251677,18.314625,0.06294823,0.003448901,0.3448901
177,n03584254_2594_iPod.jpg,composite,18.251677,18.314615,0.06293869,0.0034483785,0.34483784
178,n02764044_41120_axe.jpg,z_plus,19.745531,19.745525,5.722046e-06,2.8978943e-07,2.8978942e-05
178,n02764044_41120_axe.jpg,epsilon,19.745531,8.4054585e+17,8.4054585e+17,4.2568916e+16,4.2568915e+18
178,n02764044_41120_axe.jpg,alpha_beta,19.745531,19.748169,0.0026378632,0.00013359293,0.013359292
178,n02764044_41120_axe.jpg,composite,19.745531,19.748232,0.0027008057,0.00013678061,0.013678061
179,n03710721_17219_maillot.jpg,z_plus,24.388124,24.388115,9.536743e-06,3.9104046e-07,3.9104045e-05
179,n03710721_17219_maillot.jpg,epsilon,24.388124,8.605218e+16,8.605218e+16,3.5284458e+15,3.528446e+17
179,n03710721_17219_maillot.jpg,alpha_beta,24.388124,24.40399,0.015865326,0.0006505349,0.065053485
179,n03710721_17219_maillot.jpg,composite,24.388124,24.40391,0.015785217,0.00064725016,0.06472502
180,n01495701_1287_ray.jpg,z_plus,15.404711,15.404703,7.6293945e-06,4.9526375e-07,4.9526374e-05
180,n01495701_1287_ray.jpg,epsilon,15.404711,3.4324994e+17,3.4324994e+17,2.228214e+16,2.228214e+18
180,n01495701_1287_ray.jpg,alpha_beta,15.404711,15.403683,0.0010280609,6.6736786e-05,0.0066736788
180,n01495701_1287_ray.jpg,composite,15.404711,15.403687,0.0010242462,6.6489156e-05,0.006648916
181,n04468005_24186_train.jpg,z_plus,11.794655,11.794651,3.8146973e-06,3.2342592e-07,3.2342592e-05
181,n04468005_24186_train.jpg,epsilon,11.794655,3.8230645e+17,3.8230645e+17,3.2413534e+16,3.2413534e+18
181,n04468005_24186_train.jpg,alpha_beta,11.794655,11.794691,3.6239624e-05,3.0725464e-06,0.00030725464
181,n04468005_24186_train.jpg,composite,11.794655,11.794695,4.005432e-05,3.3959723e-06,0.00033959723
182,n04154565_3382_screwdriver.jpg,z_plus,23.636217,23.636208,9.536743e-06,4.034801e-07,4.034801e-05
182,n04154565_3382_screwdriver.jpg,epsilon,23.636217,2.181486e+16,2.181486e+16,9.229421e+14,9.229421e+16
182,n04154565_3382_screwdriver.jpg,alpha_beta,23.636217,23.686481,0.05026436,0.0021265822,0.21265823
182,n04154565_3382_screwdriver.jpg,composite,23.636217,23.686468,0.050251007,0.0021260174,0.21260174
183,n02131653_3512_bear.jpg,z_plus,21.280163,21.280153,9.536743e-06,4.481518e-07,4.481518e-05
183,n02131653_3512_bear.jpg,epsilon,21.280163,-4.088204e+16,4.088204e+16,1.9211339e+15,1.9211339e+17
183,n02131653_3512_bear.jpg,alpha_beta,21.280163,21.283852,0.0036888123,0.00017334512,0.017334512
183,n02131653_3512_bear.jpg,composite,21.280163,21.28383,0.0036678314,0.00017235918,0.017235918
184,n04039381_8129_racket.jpg,z_plus,17.0916,17.091595,5.722046e-06,3.3478702e-07,3.34787e-05
184,n04039381_8129_racket.jpg,epsilon,17.0916,-1.8850625e+17,1.8850625e+17,1.1029175e+16,1.1029175e+18
184,n04039381_8129_racket.jpg,alpha_beta,17.0916,17.095581,0.0039806366,0.00023290017,0.023290018
184,n04039381_8129_racket.jpg,composite,17.0916,17.095558,0.0039577484,0.00023156102,0.023156103
185,n07718747_4881_artichoke.jpg,z_plus,18.565495,18.565489,5.722046e-06,3.0820866e-07,3.0820866e-05
185,n07718747_4881_artichoke.jpg,epsilon,18.565495,-1.0295835e+18,1.0295835e+18,5.5456832e+16,5.545683e+18
185,n07718747_4881_artichoke.jpg,alpha_beta,18.565495,18.576214,0.010719299,0.0005773775,0.05773775
185,n07718747_4881_artichoke.jpg,composite,18.565495,18.576216,0.010721207,0.00057748024,0.057748023
186,n04256520_823_sofa.jpg,z_plus,25.210365,25.210354,1.1444092e-05,4.539439e-07,4.539439e-05
186,n04256520_823_sofa.jpg,epsilon,25.210365,-1.0329807e+18,1.0329807e+18,4.0974443e+16,4.0974444e+18
186,n04256520_823_sofa.jpg,alpha_beta,25.210365,25.244938,0.0345726,0.0013713646,0.13713646
186,n04256520_823_sofa.jpg,composite,25.210365,25.24493,0.034564972,0.0013710619,0.1371062
187,n07583066_9023_guacamole.jpg,z_plus,22.07051,22.0705,1.1444092e-05,5.185241e-07,5.1852407e-05
187,n07583066_9023_guacamole.jpg,epsilon,22.07051,9.9815315e+16,9.9815315e+16,4.5225646e+15,4.5225645e+17
187,n07583066_9023_guacamole.jpg,alpha_beta,22.07051,22.077871,0.0073604584,0.00033349742,0.03334974
187,n07583066_9023_guacamole.jpg,composite,22.07051,22.077871,0.0073604584,0.00033349742,0.03334974
188,n04332243_13118_strainer.jpg,z_plus,9.238197,9.238195,1.9073486e-06,2.064633e-07,2.064633e-05
188,n04332243_13118_strainer.jpg,epsilon,9.238197,1.6325961e+16,1.6325961e+16,1.7672236e+15,1.7672236e+17
188,n04332243_13118_strainer.jpg,alpha_beta,9.238197,9.274943,0.036746025,0.0039776186,0.39776185
188,n04332243_13118_strainer.jpg,composite,9.238197,9.274926,0.03672886,0.00397576,0.39757603
189,n03958227_1879_plastic_bag.jpg,z_plus,14.526882,14.526876,5.722046e-06,3.938936e-07,3.938936e-05
189,n03958227_1879_plastic_bag.jpg,epsilon,14.526882,6.013185e+17,6.013185e+17,4.13935e+16,4.1393498e+18
189,n03958227_1879_plastic_bag.jpg,alpha_beta,14.526882,14.548788,0.021905899,0.001507956,0.1507956
189,n03958227_1879_plastic_bag.jpg,composite,14.526882,14.54878,0.02189827,0.0015074308,0.15074308
190,n07745940_13408_strawberry.jpg,z_plus,13.116858,13.116842,1.5258789e-05,1.1632961e-06,0.00011632961
190,n07745940_13408_strawberry.jpg,epsilon,13.116858,-5.386583e+16,5.386583e+16,4.106611e+15,4.106611e+17
190,n07745940_13408_strawberry.jpg,alpha_beta,13.116858,13.115202,0.0016555786,0.00012621762,0.012621762
190,n07745940_13408_strawberry.jpg,composite,13.116858,13.1151905,0.0016670227,0.0001270901,0.012709009
191,n07880968_5436_burrito.jpg,z_plus,27.168848,27.168842,5.722046e-06,2.1061055e-07,2.1061056e-05
191,n07880968_5436_burrito.jpg,epsilon,27.168848,5.7752106e+16,5.7752106e+16,2.1256737e+15,2.1256736e+17
191,n07880968_5436_burrito.jpg,alpha_beta,27.168848,27.175573,0.0067253113,0.0002475376,0.024753759
191,n07880968_5436_burrito.jpg,composite,27.168848,27.175608,0.0067596436,0.00024880125,0.024880126
192,n07718472_11793_cucumber.jpg,z_plus,16.91087,16.910862,7.6293945e-06,4.5115328e-07,4.511533e-05
192,n07718472_11793_cucumber.jpg,epsilon,16.91087,-5.152185e+17,5.152185e+17,3.0466707e+16,3.0466706e+18
192,n07718472_11793_cucumber.jpg,alpha_beta,16.91087,16.913097,0.0022277832,0.00013173676,0.013173676
192,n07718472_11793_cucumber.jpg,composite,16.91087,16.91311,0.0022411346,0.00013252629,0.013252629
193,n03211117_11986_tv_or_monitor.jpg,z_plus,14.369261,14.369257,3.8146973e-06,2.6547625e-07,2.6547625e-05
193,n03211117_11986_tv_or_monitor.jpg,epsilon,14.369261,-1.08899205e+17,1.08899205e+17,7.578623e+15,7.578623e+17
193,n03211117_11986_tv_or_monitor.jpg,alpha_beta,14.369261,14.380639,0.011378288,0.0007918492,0.07918492
193,n03211117_11986_tv_or_monitor.jpg,composite,14.369261,14.380634,0.01137352,0.0007915174,0.079151735
194,n02346627_2043_porcupine.jpg,z_plus,14.15404,14.154025,1.5258789e-05,1.0780518e-06,0.00010780518
194,n02346627_2043_porcupine.jpg,epsilon,14.15404,1.4799633e+16,1.4799633e+16,1.0456119e+15,1.04561185e+17
194,n02346627_2043_porcupine.jpg,alpha_beta,14.15404,14.15551,0.0014696121,0.000103829865,0.010382987
194,n02346627_2043_porcupine.jpg,composite,14.15404,14.155525,0.0014848709,0.00010490792,0.010490792
195,n07693725_4210_bagel.jpg,z_plus,17.229708,17.229702,5.722046e-06,3.3210347e-07,3.321035e-05
195,n07693725_4210_bagel.jpg,epsilon,17.229708,-3.1189709e+16,3.1189709e+16,1.8102286e+15,1.8102286e+17
195,n07693725_4210_bagel.jpg,alpha_beta,17.229708,17.293823,0.064115524,0.0037212195,0.37212196
195,n07693725_4210_bagel.jpg,composite,17.229708,17.293312,0.063604355,0.0036915515,0.36915514
196,n00007846_160891_person.jpg,z_plus,16.546837,16.54683,7.6293945e-06,4.6107874e-07,4.6107874e-05
196,n00007846_160891_person.jpg,epsilon,16.546837,-1.6874315e+17,1.6874315e+17,1.019791e+16,1.019791e+18
196,n00007846_160891_person.jpg,alpha_beta,16.546837,16.547588,0.00075149536,4.5416255e-05,0.0045416253
196,n00007846_160891_person.jpg,composite,16.546837,16.547579,0.0007419586,4.4839908e-05,0.004483991
197,n04154565_5155_screwdriver.jpg,z_plus,14.236023,14.236015,7.6293945e-06,5.3592174e-07,5.3592175e-05
197,n04154565_5155_screwdriver.jpg,epsilon,14.236023,-1.9413252e+16,1.9413252e+16,1.363671e+15,1.363671e+17
197,n04154565_5155_screwdriver.jpg,alpha_beta,14.236023,14.241134,0.0051107407,0.00035900058,0.035900056
197,n04154565_5155_screwdriver.jpg,composite,14.236023,14.241147,0.005124092,0.00035993845,0.035993844
198,n04154565_11358_screwdriver.jpg,z_plus,9.054222,9.054217,4.7683716e-06,5.266462e-07,5.266462e-05
198,n04154565_11358_screwdriver.jpg,epsilon,9.054222,6.1723834e+15,6.1723834e+15,6.8171325e+14,6.8171323e+16
198,n04154565_11358_screwdriver.jpg,alpha_beta,9.054222,9.045141,0.009080887,0.001002945,0.1002945
198,n04154565_11358_screwdriver.jpg,composite,9.054222,9.0451145,0.00910759,0.0010058943,0.100589424
199,n07718472_10383_cucumber.jpg,z_plus,19.382742,19.382734,7.6293945e-06,3.936179e-07,3.9361792e-05
199,n07718472_10383_cucumber.jpg,epsilon,19.382742,6.9068503e+16,6.9068503e+16,3.563402e+15,3.563402e+17
199,n07718472_10383_cucumber.jpg,alpha_beta,19.382742,19.383614,0.0008716583,4.4970846e-05,0.0044970848
199,n07718472_10383_cucumber.jpg,composite,19.382742,19.383617,0.000875473,4.5167657e-05,0.0045167655
200,n03481172_195_hammer.jpg,z_plus,17.827084,17.827074,9.536743e-06,5.3495813e-07,5.3495813e-05
200,n03481172_195_hammer.jpg,epsilon,17.827084,-2.2552523e+17,2.2552523e+17,1.2650708e+16,1.2650709e+18
200,n03481172_195_hammer.jpg,alpha_beta,17.827084,17.830326,0.0032424927,0.00018188576,0.018188575
200,n03481172_195_hammer.jpg,composite,17.827084,17.830318,0.0032348633,0.0001814578,0.01814578
201,n04330267_1115_stove.jpg,z_plus,12.22319,12.223185,5.722046e-06,4.681303e-07,4.681303e-05
201,n04330267_1115_stove.jpg,epsilon,12.22319,-2.0661319e+18,2.0661319e+18,1.6903376e+17,1.6903376e+19
201,n04330267_1115_stove.jpg,alpha_beta,12.22319,12.224642,0.0014514923,0.000118749056,0.011874906
201,n04330267_1115_stove.jpg,composite,12.22319,12.224646,0.001455307,0.000119061144,0.011906114
202,n02395003_18939_swine.jpg,z_plus,13.359662,13.359656,5.722046e-06,4.283077e-07,4.283077e-05
202,n02395003_18939_swine.jpg,epsilon,13.359662,3.304956e+17,3.304956e+17,2.473832e+16,2.473832e+18
202,n02395003_18939_swine.jpg,alpha_beta,13.359662,13.359668,5.722046e-06,4.283077e-07,4.283077e-05
202,n02395003_18939_swine.jpg,composite,13.359662,13.359667,4.7683716e-06,3.5692307e-07,3.569231e-05
203,n03483316_5354_hair_dryer.jpg,z_plus,19.16659,19.166586,3.8146973e-06,1.9902848e-07,1.9902847e-05
203,n03483316_5354_hair_dryer.jpg,epsilon,19.16659,-3.2638728e+16,3.2638728e+16,1.702897e+15,1.702897e+17
203,n03483316_5354_hair_dryer.jpg,alpha_beta,19.16659,19.1772,0.01061058,0.0005535977,0.05535977
203,n03483316_5354_hair_dryer.jpg,composite,19.16659,19.177309,0.010719299,0.00055927003,0.055927005
204,n02129165_2762_lion.jpg,z_plus,12.916069,12.916063,5.722046e-06,4.430176e-07,4.430176e-05
204,n02129165_2762_lion.jpg,epsilon,12.916069,-3.0790724e+16,3.0790724e+16,2.3839082e+15,2.3839082e+17
204,n02129165_2762_lion.jpg,alpha_beta,12.916069,12.939323,0.023254395,0.0018004235,0.18004236
204,n02129165_2762_lion.jpg,composite,12.916069,12.939316,0.023246765,0.0017998328,0.17998327
205,n03928116_13232_piano.jpg,z_plus,15.299257,15.2992525,4.7683716e-06,3.116734e-07,3.116734e-05
205,n03928116_13232_piano.jpg,epsilon,15.299257,-1.571995e+16,1.571995e+16,1.0274976e+15,1.0274976e+17
205,n03928116_13232_piano.jpg,alpha_beta,15.299257,15.304148,0.004890442,0.00031965223,0.031965222
205,n03928116_13232_piano.jpg,composite,15.299257,15.304148,0.004890442,0.00031965223,0.031965222
206,n02828884_2302_bench.jpg,z_plus,23.46709,23.467087,3.8146973e-06,1.6255518e-07,1.6255519e-05
206,n02828884_2302_bench.jpg,epsilon,23.46709,1.337358e+17,1.337358e+17,5.698866e+15,5.698866e+17
206,n02828884_2302_bench.jpg,alpha_beta,23.46709,23.467113,2.2888184e-05,9.753311e-07,9.7533106e-05
206,n02828884_2302_bench.jpg,composite,23.46709,23.46719,9.918213e-05,4.2264346e-06,0.00042264347
207,n07880968_830_burrito.jpg,z_plus,25.714273,25.714266,7.6293945e-06,2.9669883e-07,2.9669884e-05
207,n07880968_830_burrito.jpg,epsilon,25.714273,1.2286376e+17,1.2286376e+17,4.7780373e+15,4.7780374e+17
207,n07880968_830_burrito.jpg,alpha_beta,25.714273,25.808804,0.094530106,0.0036761726,0.36761725
207,n07880968_830_burrito.jpg,composite,25.714273,25.809258,0.094984055,0.003693826,0.3693826
208,n04356056_14405_sunglasses.jpg,z_plus,12.194361,12.194355,5.722046e-06,4.6923705e-07,4.6923706e-05
208,n04356056_14405_sunglasses.jpg,epsilon,12.194361,1.746533e+16,1.746533e+16,1.4322465e+15,1.4322465e+17
208,n04356056_14405_sunglasses.jpg,alpha_beta,12.194361,12.193386,0.00097465515,7.9926715e-05,0.007992672
208,n04356056_14405_sunglasses.jpg,composite,12.194361,12.193386,0.00097465515,7.9926715e-05,0.007992672
209,n06874185_8872_traffic_light.jpg,z_plus,15.796902,15.796898,3.8146973e-06,2.414839e-07,2.4148389e-05
209,n06874185_8872_traffic_light.jpg,epsilon,15.796902,-4.6742095e+16,4.6742095e+16,2.9589407e+15,2.9589408e+17
209,n06874185_8872_traffic_light.jpg,alpha_beta,15.796902,15.79499,0.001912117,0.0001210438,0.01210438
209,n06874185_8872_traffic_light.jpg,composite,15.796902,15.79498,0.0019216537,0.00012164751,0.012164751
210,n07753113_564_fig.jpg,z_plus,17.256117,17.256113,3.8146973e-06,2.2106349e-07,2.210635e-05
210,n07753113_564_fig.jpg,epsilon,17.256117,8.5084333e+15,8.5084333e+15,4.9306768e+14,4.930677e+16
210,n07753113_564_fig.jpg,alpha_beta,17.256117,17.257053,0.0009365082,5.4271084e-05,0.0054271086
210,n07753113_564_fig.jpg,composite,17.256117,17.257063,0.0009460449,5.4823744e-05,0.005482374
211,n04468005_9150_train.jpg,z_plus,15.539532,15.539526,5.722046e-06,3.6822513e-07,3.6822512e-05
211,n04468005_9150_train.jpg,epsilon,15.539532,2.086069e+16,2.086069e+16,1.3424272e+15,1.3424272e+17
211,n04468005_9150_train.jpg,alpha_beta,15.539532,15.5498705,0.010338783,0.0006653214,0.06653214
211,n04468005_9150_train.jpg,composite,15.539532,15.5498705,0.010338783,0.0006653214,0.06653214
212,n03017168_55_chime.jpg,z_plus,17.180756,17.180748,7.6293945e-06,4.440663e-07,4.440663e-05
212,n03017168_55_chime.jpg,epsilon,17.180756,-3.1665935e+14,3.1665935e+14,1.8431049e+13,1.843105e+15
212,n03017168_55_chime.jpg,alpha_beta,17.180756,17.214985,0.03422928,0.0019923034,0.19923034
212,n03017168_55_chime.jpg,composite,17.180756,17.21502,0.03426361,0.0019943018,0.19943018
213,n04356056_8589_sunglasses.jpg,z_plus,9.650569,9.650566,2.861023e-06,2.964616e-07,2.9646159e-05
213,n04356056_8589_sunglasses.jpg,epsilon,9.650569,-2.2903432e+17,2.2903432e+17,2.3732727e+16,2.3732728e+18
213,n04356056_8589_sunglasses.jpg,alpha_beta,9.650569,9.664082,0.013512611,0.0014001881,0.1400188
213,n04356056_8589_sunglasses.jpg,composite,9.650569,9.664082,0.013512611,0.0014001881,0.1400188
214,n02355227_10230_squirrel.jpg,z_plus,13.567345,13.567339,5.722046e-06,4.2175134e-07,4.2175132e-05
214,n02355227_10230_squirrel.jpg,epsilon,13.567345,-6.201012e+16,6.201012e+16,4.570542e+15,4.570542e+17
214,n02355227_10230_squirrel.jpg,alpha_beta,13.567345,13.580328,0.012983322,0.0009569538,0.09569538
214,n02355227_10230_squirrel.jpg,composite,13.567345,13.580334,0.012989044,0.00095737557,0.095737554
215,n03636649_4908_lamp.jpg,z_plus,12.6284275,12.628424,3.8146973e-06,3.0207224e-07,3.0207224e-05
215,n03636649_4908_lamp.jpg,epsilon,12.6284275,-9.286901e+16,9.286901e+16,7.353965e+15,7.3539646e+17
215,n03636649_4908_lamp.jpg,alpha_beta,12.6284275,12.62895,0.0005226135,4.1383897e-05,0.0041383896
215,n03636649_4908_lamp.jpg,composite,12.6284275,12.628949,0.00052165985,4.1308376e-05,0.0041308375
216,n03584254_3743_iPod.jpg,z_plus,13.521223,13.521215,7.6293945e-06,5.642533e-07,5.642533e-05
216,n03584254_3743_iPod.jpg,epsilon,13.521223,-3.3591626e+16,3.3591626e+16,2.484363e+15,2.4843628e+17
216,n03584254_3743_iPod.jpg,alpha_beta,13.521223,13.520231,0.0009918213,7.335293e-05,0.007335293
216,n03584254_3743_iPod.jpg,composite,13.521223,13.520237,0.0009860992,7.292974e-05,0.007292974
217,n00007846_147031_person.jpg,z_plus,18.91717,18.917164,5.722046e-06,3.0247898e-07,3.0247898e-05
217,n00007846_147031_person.jpg,epsilon,18.91717,7.5434854e+17,7.5434854e+17,3.9876396e+16,3.9876395e+18
217,n00007846_147031_person.jpg,alpha_beta,18.91717,18.942886,0.025716782,0.0013594413,0.13594413
217,n00007846_147031_person.jpg,composite,18.91717,18.942862,0.025691986,0.0013581306,0.13581306
218,n03804744_6191_nail.jpg,z_plus,20.766123,20.766113,9.536743e-06,4.5924526e-07,4.5924528e-05
218,n03804744_6191_nail.jpg,epsilon,20.766123,1.1810239e+17,1.1810239e+17,5.6872625e+15,5.6872624e+17
218,n03804744_6191_nail.jpg,alpha_beta,20.766123,20.764193,0.0019302368,9.295124e-05,0.009295124
218,n03804744_6191_nail.jpg,composite,20.766123,20.764198,0.0019245148,9.267569e-05,0.0092675695
219,n02880940_17711_bowl.jpg,z_plus,26.763582,26.763565,1.7166138e-05,6.413991e-07,6.413991e-05
219,n02880940_17711_bowl.jpg,epsilon,26.763582,1.7993134e+18,1.7993134e+18,6.7229918e+16,6.722992e+18
219,n02880940_17711_bowl.jpg,alpha_beta,26.763582,26.760506,0.0030765533,0.00011495297,0.011495297
219,n02880940_17711_bowl.jpg,composite,26.763582,26.760494,0.0030879974,0.00011538057,0.011538058
220,n03467517_10919_guitar.jpg,z_plus,15.418386,15.418386,0.0,0.0,0.0
220,n03467517_10919_guitar.jpg,epsilon,15.418386,4.1669223e+16,4.1669223e+16,2.702567e+15,2.7025671e+17
220,n03467517_10919_guitar.jpg,alpha_beta,15.418386,15.403345,0.015041351,0.00097554637,0.09755464
220,n03467517_10919_guitar.jpg,composite,15.418386,15.4033165,0.015069962,0.000977402,0.097740196
221,n01503061_4034_bird.jpg,z_plus,26.03845,26.038443,7.6293945e-06,2.9300494e-07,2.9300494e-05
221,n01503061_4034_bird.jpg,epsilon,26.03845,-2.8178999e+17,2.8178999e+17,1.0822072e+16,1.08220724e+18
221,n01503061_4034_bird.jpg,alpha_beta,26.03845,26.067482,0.029031754,0.001114957,0.1114957
221,n01503061_4034_bird.jpg,composite,26.03845,26.067387,0.028936386,0.0011112945,0.11112945
222,n04376876_7577_syringe.jpg,z_plus,18.811174,18.811167,7.6293945e-06,4.055778e-07,4.055778e-05
222,n04376876_7577_syringe.jpg,epsilon,18.811174,3.3469134e+15,3.3469134e+15,1.7792155e+14,1.7792155e+16
222,n04376876_7577_syringe.jpg,alpha_beta,18.811174,18.816578,0.0054035187,0.00028725047,0.028725047
222,n04376876_7577_syringe.jpg,composite,18.811174,18.816566,0.0053920746,0.0002866421,0.02866421
223,n03000684_2055_chain_saw.jpg,z_plus,19.99624,19.996235,5.722046e-06,2.8615608e-07,2.8615608e-05
223,n03000684_2055_chain_saw.jpg,epsilon,19.99624,6.1453354e+16,6.1453354e+16,3.0732453e+15,3.0732453e+17
223,n03000684_2055_chain_saw.jpg,alpha_beta,19.99624,20.016861,0.020620346,0.0010312111,0.10312111
223,n03000684_2055_chain_saw.jpg,composite,19.99624,20.016624,0.020383835,0.0010193833,0.10193833
224,n02834778_6714_bicycle.jpg,z_plus,26.875952,26.875942,9.536743e-06,3.54843e-07,3.54843e-05
224,n02834778_6714_bicycle.jpg,epsilon,26.875952,-6.4942654e+16,6.4942654e+16,2.4163854e+15,2.4163854e+17
224,n02834778_6714_bicycle.jpg,alpha_beta,26.875952,26.880497,0.004545212,0.00016911817,0.016911816
224,n02834778_6714_bicycle.jpg,composite,26.875952,26.880493,0.004541397,0.00016897623,0.016897622
225,n02672831_20_accordion.jpg,z_plus,14.144662,14.144653,8.583069e-06,6.068062e-07,6.068062e-05
225,n02672831_20_accordion.jpg,epsilon,14.144662,-4.351551e+16,4.351551e+16,3.0764617e+15,3.0764617e+17
225,n02672831_20_accordion.jpg,alpha_beta,14.144662,14.130121,0.014540672,0.0010279971,0.10279971
225,n02672831_20_accordion.jpg,composite,14.144662,14.130104,0.014557838,0.0010292107,0.102921076
226,n01882714_4157_koala_bear.jpg,z_plus,10.892445,10.892442,2.861023e-06,2.6266125e-07,2.6266125e-05
226,n01882714_4157_koala_bear.jpg,epsilon,10.892445,6.2823895e+16,6.2823895e+16,5.767658e+15,5.767658e+17
226,n01882714_4157_koala_bear.jpg,alpha_beta,10.892445,10.900124,0.0076789856,0.0007049827,0.07049827
226,n01882714_4157_koala_bear.jpg,composite,10.892445,10.9001255,0.007680893,0.0007051579,0.07051579
227,n02672831_2455_accordion.jpg,z_plus,20.152256,20.152248,7.6293945e-06,3.785876e-07,3.785876e-05
227,n02672831_2455_accordion.jpg,epsilon,20.152256,-7.872943e+16,7.872943e+16,3.9067304e+15,3.9067304e+17
227,n02672831_2455_accordion.jpg,alpha_beta,20.152256,20.147392,0.004863739,0.00024134961,0.024134962
227,n02672831_2455_accordion.jpg,composite,20.152256,20.147375,0.004880905,0.00024220142,0.024220143
228,n04542943_1490_waffle_iron.jpg,z_plus,22.096022,22.096012,9.536743e-06,4.3160455e-07,4.3160453e-05
228,n04542943_1490_waffle_iron.jpg,epsilon,22.096022,-2.287204e+16,2.287204e+16,1.03512034e+15,1.0351204e+17
228,n04542943_1490_waffle_iron.jpg,alpha_beta,22.096022,22.097507,0.0014858246,6.7243986e-05,0.0067243986
228,n04542943_1490_waffle_iron.jpg,composite,22.096022,22.097511,0.0014896393,6.741663e-05,0.006741663
229,n07718472_20689_cucumber.jpg,z_plus,20.169615,20.169607,7.6293945e-06,3.7826177e-07,3.7826176e-05
229,n07718472_20689_cucumber.jpg,epsilon,20.169615,2.234675e+16,2.234675e+16,1.1079413e+15,1.1079413e+17
229,n07718472_20689_cucumber.jpg,alpha_beta,20.169615,20.194347,0.02473259,0.0012262302,0.12262302
229,n07718472_20689_cucumber.jpg,composite,20.169615,20.194479,0.024864197,0.0012327551,0.12327551
230,n02076196_13108_seal.jpg,z_plus,18.352854,18.352844,9.536743e-06,5.196327e-07,5.196327e-05
230,n02076196_13108_seal.jpg,epsilon,18.352854,8.936171e+16,8.936171e+16,4.8690906e+15,4.8690907e+17
230,n02076196_13108_seal.jpg,alpha_beta,18.352854,18.388279,0.035425186,0.0019302276,0.19302276
230,n02076196_13108_seal.jpg,composite,18.352854,18.388252,0.035398483,0.0019287727,0.19287726
231,n04252077_7312_snowmobile.jpg,z_plus,24.460546,24.46054,5.722046e-06,2.339296e-07,2.339296e-05
231,n04252077_7312_snowmobile.jpg,epsilon,24.460546,6.4415095e+16,6.4415095e+16,2.6334283e+15,2.6334283e+17
231,n04252077_7312_snowmobile.jpg,alpha_beta,24.460546,24.475838,0.015291214,0.0006251379,0.06251379
231,n04252077_7312_snowmobile.jpg,composite,24.460546,24.475801,0.015254974,0.0006236563,0.062365633
232,n03445924_5829_golfcart.jpg,z_plus,25.826767,25.826752,1.5258789e-05,5.90813e-07,5.90813e-05
232,n03445924_5829_golfcart.jpg,epsilon,25.826767,-5.4568542e+17,5.4568542e+17,2.1128677e+16,2.1128677e+18
232,n03445924_5829_golfcart.jpg,alpha_beta,25.826767,25.82753,0.00076293945,2.9540648e-05,0.0029540649
232,n03445924_5829_golfcart.jpg,composite,25.826767,25.82753,0.00076293945,2.9540648e-05,0.0029540649
233,n01982650_10568_lobster.jpg,z_plus,19.448011,19.448004,7.6293945e-06,3.922969e-07,3.922969e-05
233,n01982650_10568_lobster.jpg,epsilon,19.448011,5.4523022e+17,5.4523022e+17,2.8035268e+16,2.8035268e+18
233,n01982650_10568_lobster.jpg,alpha_beta,19.448011,19.47447,0.02645874,0.0013604857,0.13604857
233,n01982650_10568_lobster.jpg,composite,19.448011,19.474522,0.026510239,0.0013631337,0.13631336
234,n03633091_10052_ladle.jpg,z_plus,21.478289,21.47828,9.536743e-06,4.4401784e-07,4.4401786e-05
234,n03633091_10052_ladle.jpg,epsilon,21.478289,7.7280054e+17,7.7280054e+17,3.5980545e+16,3.5980545e+18
234,n03633091_10052_ladle.jpg,alpha_beta,21.478289,21.505095,0.026805878,0.0012480454,0.124804534
234,n03633091_10052_ladle.jpg,composite,21.478289,21.504974,0.026685715,0.0012424507,0.12424507
235,n02206856_6027_bee.jpg,z_plus,15.006711,15.006706,4.7683716e-06,3.1774928e-07,3.177493e-05
235,n02206856_6027_bee.jpg,epsilon,15.006711,1.9913673e+18,1.9913673e+18,1.3269845e+17,1.3269845e+19
235,n02206856_6027_bee.jpg,alpha_beta,15.006711,15.004038,0.002673149,0.00017813024,0.017813025
235,n02206856_6027_bee.jpg,composite,15.006711,15.004048,0.0026626587,0.0001774312,0.01774312
236,n02219486_23711_ant.jpg,z_plus,24.754618,24.754604,1.335144e-05,5.393515e-07,5.393515e-05
236,n02219486_23711_ant.jpg,epsilon,24.754618,6.1611134e+16,6.1611134e+16,2.4888745e+15,2.4888744e+17
236,n02219486_23711_ant.jpg,alpha_beta,24.754618,24.763391,0.008773804,0.000354431,0.035443097
236,n02219486_23711_ant.jpg,composite,24.754618,24.763357,0.008739471,0.0003530441,0.03530441
237,n04004767_12593_printer.jpg,z_plus,19.206175,19.20617,5.722046e-06,2.9792741e-07,2.9792742e-05
237,n04004767_12593_printer.jpg,epsilon,19.206175,1.9280156e+17,1.9280156e+17,1.003852e+16,1.003852e+18
237,n04004767_12593_printer.jpg,alpha_beta,19.206175,19.311602,0.10542679,0.0054892134,0.54892135
237,n04004767_12593_printer.jpg,composite,19.206175,19.311497,0.105321884,0.005483751,0.5483751
238,n03400231_1761_frying_pan.jpg,z_plus,22.346006,22.345997,9.536743e-06,4.2677618e-07,4.2677617e-05
238,n03400231_1761_frying_pan.jpg,epsilon,22.346006,-1.7446061e+17,1.7446061e+17,7.807239e+15,7.807239e+17
238,n03400231_1761_frying_pan.jpg,alpha_beta,22.346006,22.344809,0.0011978149,5.360309e-05,0.005360309
238,n03400231_1761_frying_pan.jpg,composite,22.346006,22.344868,0.0011386871,5.0957075e-05,0.0050957073
239,n03676483_6851_lipstick.jpg,z_plus,20.245197,20.24519,7.6293945e-06,3.768496e-07,3.768496e-05
239,n03676483_6851_lipstick.jpg,epsilon,20.245197,7.639077e+16,7.639077e+16,3.7732786e+15,3.7732786e+17
239,n03676483_6851_lipstick.jpg,alpha_beta,20.245197,20.325903,0.08070564,0.0039864094,0.39864093
239,n03676483_6851_lipstick.jpg,composite,20.245197,20.326593,0.0813961,0.004020514,0.4020514
240,n02355227_4298_squirrel.jpg,z_plus,20.685009,20.685,9.536743e-06,4.610461e-07,4.610461e-05
240,n02355227_4298_squirrel.jpg,epsilon,20.685009,-9.907534e+16,9.907534e+16,4.7897175e+15,4.7897173e+17
240,n02355227_4298_squirrel.jpg,alpha_beta,20.685009,20.676708,0.008300781,0.00040129456,0.040129457
240,n02355227_4298_squirrel.jpg,composite,20.685009,20.676653,0.008356094,0.00040396862,0.04039686
241,n04536866_11045_violin.jpg,z_plus,12.1103325,12.110328,4.7683716e-06,3.9374407e-07,3.937441e-05
241,n04536866_11045_violin.jpg,epsilon,12.1103325,-1.04813145e+17,1.04813145e+17,8.654853e+15,8.654853e+17
241,n04536866_11045_violin.jpg,alpha_beta,12.1103325,12.109101,0.0012311935,0.00010166472,0.010166472
241,n04536866_11045_violin.jpg,composite,12.1103325,12.109074,0.0012588501,0.000103948434,0.010394843
242,n03584254_2436_iPod.jpg,z_plus,25.325672,25.325665,7.6293945e-06,3.0125142e-07,3.0125142e-05
242,n03584254_2436_iPod.jpg,epsilon,25.325672,-2.0600312e+16,2.0600312e+16,8.134162e+14,8.134162e+16
242,n03584254_2436_iPod.jpg,alpha_beta,25.325672,25.347805,0.022132874,0.00087393034,0.08739304
242,n03584254_2436_iPod.jpg,composite,25.325672,25.347355,0.02168274,0.0008561565,0.08561565
243,n03838899_31925_oboe.jpg,z_plus,19.24891,19.248905,5.722046e-06,2.9726596e-07,2.9726596e-05
243,n03838899_31925_oboe.jpg,epsilon,19.24891,1.224691e+16,1.224691e+16,6.3623914e+14,6.3623915e+16
243,n03838899_31925_oboe.jpg,alpha_beta,19.24891,19.242214,0.006696701,0.00034790026,0.034790028
243,n03838899_31925_oboe.jpg,composite,19.24891,19.242207,0.0067043304,0.0003482966,0.03482966
244,n03188531_29832_diaper.jpg,z_plus,21.767088,21.76708,7.6293945e-06,3.5050138e-07,3.505014e-05
244,n03188531_29832_diaper.jpg,epsilon,21.767088,-9.008849e+15,9.008849e+15,4.1387476e+14,4.1387477e+16
244,n03188531_29832_diaper.jpg,alpha_beta,21.767088,21.806412,0.039323807,0.0018065717,0.18065718
244,n03188531_29832_diaper.jpg,composite,21.767088,21.806519,0.03943062,0.0018114788,0.18114787
245,n04542943_2558_waffle_iron.jpg,z_plus,23.809612,23.809603,9.536743e-06,4.0054172e-07,4.0054172e-05
245,n04542943_2558_waffle_iron.jpg,epsilon,23.809612,-5.041963e+17,5.041963e+17,2.1176167e+16,2.1176167e+18
245,n04542943_2558_waffle_iron.jpg,alpha_beta,23.809612,23.795887,0.013725281,0.0005764596,0.05764596
245,n04542943_2558_waffle_iron.jpg,composite,23.809612,23.795765,0.013847351,0.00058158656,0.058158655
246,n04330267_20413_stove.jpg,z_plus,25.39635,25.396343,7.6293945e-06,3.0041303e-07,3.0041303e-05
246,n04330267_20413_stove.jpg,epsilon,25.39635,1.3259231e+17,1.3259231e+17,5.22092e+15,5.22092e+17
246,n04330267_20413_stove.jpg,alpha_beta,25.39635,25.39661,0.0002593994,1.0214043e-05,0.0010214043
246,n04330267_20413_stove.jpg,composite,25.39635,25.396677,0.00032615662,1.2842656e-05,0.0012842657
247,n07718747_8558_artichoke.jpg,z_plus,17.805614,17.80561,3.8146973e-06,2.1424125e-07,2.1424126e-05
247,n07718747_8558_artichoke.jpg,epsilon,17.805614,2.3124269e+17,2.3124269e+17,1.2987066e+16,1.2987066e+18
247,n07718747_8558_artichoke.jpg,alpha_beta,17.805614,17.80561,3.8146973e-06,2.1424125e-07,2.1424126e-05
247,n07718747_8558_artichoke.jpg,composite,17.805614,17.805603,1.1444092e-05,6.4272376e-07,6.4272375e-05
248,n04074963_15621_remote_control.jpg,z_plus,22.098097,22.098085,1.1444092e-05,5.178768e-07,5.178768e-05
248,n04074963_15621_remote_control.jpg,epsilon,22.098097,-9.867705e+15,9.867705e+15,4.4654094e+14,4.465409e+16
248,n04074963_15621_remote_control.jpg,alpha_beta,22.098097,22.094555,0.0035419464,0.00016028287,0.016028287
248,n04074963_15621_remote_control.jpg,composite,22.098097,22.09456,0.0035362244,0.00016002393,0.016002394
249,n02437136_176_camel.jpg,z_plus,14.809482,14.809474,7.6293945e-06,5.151696e-07,5.1516956e-05
249,n02437136_176_camel.jpg,epsilon,14.809482,-6.159684e+16,6.159684e+16,4.159284e+15,4.1592838e+17
249,n02437136_176_camel.jpg,alpha_beta,14.809482,14.811451,0.0019693375,0.00013297815,0.013297815
249,n02437136_176_camel.jpg,composite,14.809482,14.811449,0.00196743,0.00013284935,0.013284936
250,n04141076_14874_saxophone.jpg,z_plus,19.691841,19.691832,9.536743e-06,4.842992e-07,4.8429923e-05
250,n04141076_14874_saxophone.jpg,epsilon,19.691841,-4.0314968e+15,4.0314968e+15,2.047293e+14,2.047293e+16
250,n04141076_14874_saxophone.jpg,alpha_beta,19.691841,19.67342,0.018421173,0.0009354724,0.09354724
250,n04141076_14874_saxophone.jpg,composite,19.691841,19.673445,0.018396378,0.00093421317,0.09342132
251,n02840245_9812_binder.jpg,z_plus,17.813951,17.813946,5.722046e-06,3.212115e-07,3.2121152e-05
251,n02840245_9812_binder.jpg,epsilon,17.813951,-6.8644023e+16,6.8644023e+16,3.8533856e+15,3.8533856e+17
251,n02840245_9812_binder.jpg,alpha_beta,17.813951,17.809015,0.0049362183,0.00027709844,0.027709844
251,n02840245_9812_binder.jpg,composite,17.813951,17.809189,0.0047626495,0.00026735503,0.026735503
252,n04509417_4683_unicycle.jpg,z_plus,18.034842,18.034834,7.6293945e-06,4.230364e-07,4.230364e-05
252,n04509417_4683_unicycle.jpg,epsilon,18.034842,1.6079148e+17,1.6079148e+17,8.9156026e+15,8.9156024e+17
252,n04509417_4683_unicycle.jpg,alpha_beta,18.034842,18.039547,0.004705429,0.0002609077,0.02609077
252,n04509417_4683_unicycle.jpg,composite,18.034842,18.039555,0.0047130585,0.00026133074,0.026133075
253,n04023962_20883_punching_bag.jpg,z_plus,12.984969,12.984963,5.722046e-06,4.406669e-07,4.4066688e-05
253,n04023962_20883_punching_bag.jpg,epsilon,12.984969,-3.679131e+16,3.679131e+16,2.8333768e+15,2.8333767e+17
253,n04023962_20883_punching_bag.jpg,alpha_beta,12.984969,12.950668,0.034300804,0.0026415777,0.26415777
253,n04023962_20883_punching_bag.jpg,composite,12.984969,12.95067,0.034298897,0.0026414308,0.26414308
254,n07753113_13676_fig.jpg,z_plus,21.296217,21.296206,1.1444092e-05,5.3737676e-07,5.3737676e-05
254,n07753113_13676_fig.jpg,epsilon,21.296217,-4.2479632e+15,4.2479632e+15,1.9947031e+14,1.994703e+16
254,n07753113_13676_fig.jpg,alpha_beta,21.296217,21.236626,0.059591293,0.0027982104,0.27982104
254,n07753113_13676_fig.jpg,composite,21.296217,21.236588,0.05962944,0.0028000015,0.28000015
255,n04468005_29645_train.jpg,z_plus,10.476271,10.476266,4.7683716e-06,4.5515927e-07,4.5515928e-05
255,n04468005_29645_train.jpg,epsilon,10.476271,-4.0869947e+16,4.0869947e+16,3.9011923e+15,3.9011923e+17
255,n04468005_29645_train.jpg,alpha_beta,10.476271,10.516247,0.03997612,0.003815873,0.3815873
255,n04468005_29645_train.jpg,composite,10.476271,10.51624,0.039969444,0.003815236,0.3815236
256,n03211117_7726_tv_or_monitor.jpg,z_plus,15.748002,15.74798,2.193451e-05,1.392844e-06,0.0001392844
256,n03211117_7726_tv_or_monitor.jpg,epsilon,15.748002,2.4792132e+16,2.4792132e+16,1.5743034e+15,1.5743034e+17
256,n03211117_7726_tv_or_monitor.jpg,alpha_beta,15.748002,15.741305,0.006696701,0.0004252413,0.04252413
256,n03211117_7726_tv_or_monitor.jpg,composite,15.748002,15.740952,0.007050514,0.0004477085,0.04477085
257,n03495258_9079_harp.jpg,z_plus,9.741804,9.7418,3.8146973e-06,3.9158016e-07,3.9158014e-05
257,n03495258_9079_harp.jpg,epsilon,9.741804,2.2750236e+16,2.2750236e+16,2.3353206e+15,2.3353206e+17
257,n03495258_9079_harp.jpg,alpha_beta,9.741804,9.74219,0.0003862381,3.9647493e-05,0.003964749
257,n03495258_9079_harp.jpg,composite,9.741804,9.742191,0.00038719177,3.9745388e-05,0.0039745388
258,n03271574_6116_electric_fan.jpg,z_plus,21.81002,21.810015,5.722046e-06,2.6235858e-07,2.6235859e-05
258,n03271574_6116_electric_fan.jpg,epsilon,21.81002,3.7411295e+16,3.7411295e+16,1.715326e+15,1.7153261e+17
258,n03271574_6116_electric_fan.jpg,alpha_beta,21.81002,21.794422,0.015598297,0.0007151895,0.07151895
258,n03271574_6116_electric_fan.jpg,composite,21.81002,21.794418,0.015602112,0.0007153644,0.071536444
259,n02165456_6911_ladybug.jpg,z_plus,15.29987,15.299824,4.5776367e-05,2.991945e-06,0.0002991945
259,n02165456_6911_ladybug.jpg,epsilon,15.29987,-5.0467584e+15,5.0467584e+15,3.298563e+14,3.298563e+16
259,n02165456_6911_ladybug.jpg,alpha_beta,15.29987,15.2588005,0.04106903,0.0026842733,0.26842734
259,n02165456_6911_ladybug.jpg,composite,15.29987,15.258816,0.041053772,0.0026832758,0.2683276
260,n02691156_5992_airplane.jpg,z_plus,17.021711,17.02171,1.9073486e-06,1.1205387e-07,1.1205387e-05
260,n02691156_5992_airplane.jpg,epsilon,17.021711,-3.230805e+16,3.230805e+16,1.8980494e+15,1.8980495e+17
260,n02691156_5992_airplane.jpg,alpha_beta,17.021711,17.02343,0.0017185211,0.00010096054,0.010096054
260,n02691156_5992_airplane.jpg,composite,17.021711,17.02344,0.0017280579,0.0001015208,0.01015208
261,n02503517_10173_elephant.jpg,z_plus,16.92065,16.920643,7.6293945e-06,4.5089251e-07,4.508925e-05
261,n02503517_10173_elephant.jpg,epsilon,16.92065,6.2282523e+15,6.2282523e+15,3.6808588e+14,3.6808587e+16
261,n02503517_10173_elephant.jpg,alpha_beta,16.92065,16.887241,0.03340912,0.0019744583,0.19744584
261,n02503517_10173_elephant.jpg,composite,16.92065,16.88741,0.033241272,0.0019645386,0.19645385
262,n04442312_18045_toaster.jpg,z_plus,20.199667,20.199657,9.536743e-06,4.721238e-07,4.721238e-05
262,n04442312_18045_toaster.jpg,epsilon,20.199667,-8.265188e+17,8.265188e+17,4.091745e+16,4.0917448e+18
262,n04442312_18045_toaster.jpg,alpha_beta,20.199667,20.216171,0.016504288,0.00081705744,0.08170574
262,n04442312_18045_toaster.jpg,composite,20.199667,20.216173,0.016506195,0.00081715186,0.08171519
263,n02924116_29310_bus.jpg,z_plus,10.368643,10.368639,3.8146973e-06,3.679071e-07,3.679071e-05
263,n02924116_29310_bus.jpg,epsilon,10.368643,1.03956625e+17,1.03956625e+17,1.0026059e+16,1.0026059e+18
263,n02924116_29310_bus.jpg,alpha_beta,10.368643,10.367517,0.0011253357,0.00010853259,0.010853259
263,n02924116_29310_bus.jpg,composite,10.368643,10.367521,0.001121521,0.000108164684,0.010816469
264,n01639765_19901_frog.jpg,z_plus,16.669016,16.66901,5.722046e-06,3.4327437e-07,3.4327437e-05
264,n01639765_19901_frog.jpg,epsilon,16.669016,3.953375e+17,3.953375e+17,2.3716908e+16,2.3716908e+18
264,n01639765_19901_frog.jpg,alpha_beta,16.669016,16.633324,0.035692215,0.002141231,0.2141231
264,n01639765_19901_frog.jpg,composite,16.669016,16.633305,0.03571129,0.0021423753,0.21423754
265,n03793489_12151_computer_mouse.jpg,z_plus,21.721659,21.721645,1.335144e-05,6.146603e-07,6.146603e-05
265,n03793489_12151_computer_mouse.jpg,epsilon,21.721659,1.155408e+16,1.155408e+16,5.319152e+14,5.319152e+16
265,n03793489_12151_computer_mouse.jpg,alpha_beta,21.721659,21.657013,0.06464577,0.0029760972,0.29760972
265,n03793489_12151_computer_mouse.jpg,composite,21.721659,21.656996,0.06466293,0.0029768874,0.29768875
266,n03710721_2170_maillot.jpg,z_plus,16.997355,16.99735,3.8146973e-06,2.2442889e-07,2.244289e-05
266,n03710721_2170_maillot.jpg,epsilon,16.997355,1.9506986e+16,1.9506986e+16,1.1476483e+15,1.14764825e+17
266,n03710721_2170_maillot.jpg,alpha_beta,16.997355,16.995584,0.0017700195,0.000104135004,0.0104135005
266,n03710721_2170_maillot.jpg,composite,16.997355,16.995592,0.0017623901,0.00010368614,0.010368614
267,n02509815_10244_red_panda.jpg,z_plus,7.883713,7.883711,1.9073486e-06,2.4193534e-07,2.4193534e-05
267,n02509815_10244_red_panda.jpg,epsilon,7.883713,5.410422e+15,5.410422e+15,6.862784e+14,6.862784e+16
267,n02509815_10244_red_panda.jpg,alpha_beta,7.883713,7.883714,1.4305115e-06,1.814515e-07,1.814515e-05
267,n02509815_10244_red_panda.jpg,composite,7.883713,7.883712,9.536743e-07,1.2096767e-07,1.2096767e-05
268,n04141076_45733_saxophone.jpg,z_plus,16.13093,16.130915,1.5258789e-05,9.459336e-07,9.459336e-05
268,n04141076_45733_saxophone.jpg,epsilon,16.13093,1.6168318e+16,1.6168318e+16,1.0023178e+15,1.0023178e+17
268,n04141076_45733_saxophone.jpg,alpha_beta,16.13093,16.088032,0.042898178,0.0026593741,0.26593742
268,n04141076_45733_saxophone.jpg,composite,16.13093,16.088013,0.04291725,0.0026605565,0.26605564
269,n07749582_2107_lemon.jpg,z_plus,12.056467,12.056452,1.5258789e-05,1.2656103e-06,0.00012656103
269,n07749582_2107_lemon.jpg,epsilon,12.056467,1.9168886e+16,1.9168886e+16,1.5899256e+15,1.5899256e+17
269,n07749582_2107_lemon.jpg,alpha_beta,12.056467,12.024355,0.03211212,0.0026634769,0.26634768
269,n07749582_2107_lemon.jpg,composite,12.056467,12.024353,0.03211403,0.0026636352,0.26636353
270,n01443537_2675_goldfish.jpg,z_plus,21.278461,21.27845,1.1444092e-05,5.3782514e-07,5.3782514e-05
270,n01443537_2675_goldfish.jpg,epsilon,21.278461,1.1541e+17,1.1541e+17,5.423794e+15,5.4237943e+17
270,n01443537_2675_goldfish.jpg,alpha_beta,21.278461,21.279858,0.0013961792,6.5614666e-05,0.0065614665
270,n01443537_2675_goldfish.jpg,composite,21.278461,21.279861,0.0013999939,6.5793945e-05,0.0065793945
271,n01982650_3524_lobster.jpg,z_plus,21.445957,21.445951,5.722046e-06,2.6681232e-07,2.6681231e-05
271,n01982650_3524_lobster.jpg,epsilon,21.445957,8.699259e+17,8.699259e+17,4.056363e+16,4.0563628e+18
271,n01982650_3524_lobster.jpg,alpha_beta,21.445957,21.409122,0.036834717,0.0017175599,0.17175598
271,n01982650_3524_lobster.jpg,composite,21.445957,21.409153,0.0368042,0.0017161369,0.1716137
272,n04118776_8449_ruler.jpg,z_plus,17.850883,17.850876,7.6293945e-06,4.2739592e-07,4.2739593e-05
272,n04118776_8449_ruler.jpg,epsilon,17.850883,-7.9083886e+16,7.9083886e+16,4.4302504e+15,4.4302505e+17
272,n04118776_8449_ruler.jpg,alpha_beta,17.850883,17.845768,0.005115509,0.00028656895,0.028656894
272,n04118776_8449_ruler.jpg,composite,17.850883,17.845774,0.005109787,0.0002862484,0.02862484
273,n03942813_3240_ping-pong_ball.jpg,z_plus,19.233091,19.233084,7.6293945e-06,3.966806e-07,3.966806e-05
273,n03942813_3240_ping-pong_ball.jpg,epsilon,19.233091,1.3702664e+16,1.3702664e+16,7.1245246e+14,7.124525e+16
273,n03942813_3240_ping-pong_ball.jpg,alpha_beta,19.233091,19.210522,0.022569656,0.0011734804,0.117348045
273,n03942813_3240_ping-pong_ball.jpg,composite,19.233091,19.210522,0.022569656,0.0011734804,0.117348045
274,n01910747_13396_jellyfish.jpg,z_plus,28.668495,28.668484,1.1444092e-05,3.9918703e-07,3.9918705e-05
274,n01910747_13396_jellyfish.jpg,epsilon,28.668495,3.851809e+16,3.851809e+16,1.3435687e+15,1.3435687e+17
274,n01910747_13396_jellyfish.jpg,alpha_beta,28.668495,28.659082,0.0094127655,0.00032833134,0.032833133
274,n01910747_13396_jellyfish.jpg,composite,28.668495,28.659061,0.009433746,0.0003290632,0.03290632
275,n04554684_8752_washer.jpg,z_plus,13.052169,13.052161,7.6293945e-06,5.8453077e-07,5.8453075e-05
275,n04554684_8752_washer.jpg,epsilon,13.052169,2.3531308e+17,2.3531308e+17,1.8028658e+16,1.8028658e+18
275,n04554684_8752_washer.jpg,alpha_beta,13.052169,13.042692,0.009476662,0.0007260603,0.07260603
275,n04554684_8752_washer.jpg,composite,13.052169,13.042692,0.009476662,0.0007260603,0.07260603
276,n01944390_7816_snail.jpg,z_plus,26.561474,26.561459,1.5258789e-05,5.7447073e-07,5.7447072e-05
276,n01944390_7816_snail.jpg,epsilon,26.561474,-6.8413675e+15,6.8413675e+15,2.5756731e+14,2.575673e+16
276,n01944390_7816_snail.jpg,alpha_beta,26.561474,26.493877,0.067596436,0.0025449053,0.25449052
276,n01944390_7816_snail.jpg,composite,26.561474,26.493742,0.06773186,0.0025500038,0.25500038
277,n04554684_55847_washer.jpg,z_plus,12.160643,12.16064,2.861023e-06,2.3526906e-07,2.3526905e-05
277,n04554684_55847_washer.jpg,epsilon,12.160643,1.6603313e+15,1.6603313e+15,1.36533185e+14,1.3653319e+16
277,n04554684_55847_washer.jpg,alpha_beta,12.160643,12.155297,0.0053453445,0.00043956103,0.043956105
277,n04554684_55847_washer.jpg,composite,12.160643,12.155302,0.005340576,0.0004391689,0.043916892
278,n02883205_623_bow_tie.jpg,z_plus,15.620663,15.620652,1.04904175e-05,6.7157316e-07,6.7157314e-05
278,n02883205_623_bow_tie.jpg,epsilon,15.620663,3.927079e+17,3.927079e+17,2.5140284e+16,2.5140284e+18
278,n02883205_623_bow_tie.jpg,alpha_beta,15.620663,15.612555,0.008108139,0.000519065,0.0519065
278,n02883205_623_bow_tie.jpg,composite,15.620663,15.612558,0.008104324,0.0005188208,0.051882077
279,n04131690_773_salt_or_pepper_shaker.jpg,z_plus,8.938161,8.938151,9.536743e-06,1.0669693e-06,0.00010669693
279,n04131690_773_salt_or_pepper_shaker.jpg,epsilon,8.938161,1.1202704e+17,1.1202704e+17,1.2533567e+16,1.2533567e+18
279,n04131690_773_salt_or_pepper_shaker.jpg,alpha_beta,8.938161,8.935904,0.002257347,0.00025255163,0.025255162
279,n04131690_773_salt_or_pepper_shaker.jpg,composite,8.938161,8.935897,0.0022640228,0.0002532985,0.025329849
280,n03495258_2540_harp.jpg,z_plus,24.835613,24.835602,1.1444092e-05,4.6079361e-07,4.607936e-05
280,n03495258_2540_harp.jpg,epsilon,24.835613,1.0533981e+17,1.0533981e+17,4.241482e+15,4.2414822e+17
280,n03495258_2540_harp.jpg,alpha_beta,24.835613,24.808048,0.027565002,0.0011098982,0.110989824
280,n03495258_2540_harp.jpg,composite,24.835613,24.808126,0.027486801,0.0011067494,0.11067494
281,n02510455_7939_giant_panda.jpg,z_plus,19.770782,19.770771,1.1444092e-05,5.788386e-07,5.788386e-05
281,n02510455_7939_giant_panda.jpg,epsilon,19.770782,2.1603397e+17,2.1603397e+17,1.092693e+16,1.0926931e+18
281,n02510455_7939_giant_panda.jpg,alpha_beta,19.770782,19.782219,0.011436462,0.0005784527,0.057845272
281,n02510455_7939_giant_panda.jpg,composite,19.770782,19.782217,0.011434555,0.0005783562,0.05783562
282,n02799071_5092_baseball.jpg,z_plus,15.931813,15.93181,2.861023e-06,1.7957925e-07,1.7957924e-05
282,n02799071_5092_baseball.jpg,epsilon,15.931813,1.069194e+17,1.069194e+17,6.7110625e+15,6.711062e+17
282,n02799071_5092_baseball.jpg,alpha_beta,15.931813,15.931856,4.2915344e-05,2.6936887e-06,0.00026936887
282,n02799071_5092_baseball.jpg,composite,15.931813,15.931854,4.1007996e-05,2.5739691e-06,0.00025739693
283,n04023962_18197_punching_bag.jpg,z_plus,17.84371,17.843693,1.7166138e-05,9.620273e-07,9.620273e-05
283,n04023962_18197_punching_bag.jpg,epsilon,17.84371,-4.1153346e+15,4.1153346e+15,2.3063223e+14,2.3063223e+16
283,n04023962_18197_punching_bag.jpg,alpha_beta,17.84371,17.842066,0.0016441345,9.214084e-05,0.009214085
283,n04023962_18197_punching_bag.jpg,composite,17.84371,17.842056,0.0016536713,9.2675305e-05,0.00926753
284,n04256520_41397_sofa.jpg,z_plus,18.161274,18.161268,5.722046e-06,3.1506852e-07,3.1506854e-05
284,n04256520_41397_sofa.jpg,epsilon,18.161274,5.9472584e+15,5.9472584e+15,3.2746924e+14,3.2746924e+16
284,n04256520_41397_sofa.jpg,alpha_beta,18.161274,18.15059,0.01068306,0.00058823294,0.058823295
284,n04256520_41397_sofa.jpg,composite,18.161274,18.150604,0.010669708,0.0005874978,0.058749776
285,n02445715_7191_skunk.jpg,z_plus,32.34243,32.34241,1.9073486e-05,5.8973575e-07,5.8973576e-05
285,n02445715_7191_skunk.jpg,epsilon,32.34243,2.7424541e+17,2.7424541e+17,8.4794315e+15,8.4794316e+17
285,n02445715_7191_skunk.jpg,alpha_beta,32.34243,32.207184,0.13524628,0.004181698,0.4181698
285,n02445715_7191_skunk.jpg,composite,32.34243,32.207443,0.13498688,0.0041736774,0.41736776
286,n04252225_3650_snowplow.jpg,z_plus,29.986929,29.98687,5.9127808e-05,1.971786e-06,0.00019717861
286,n04252225_3650_snowplow.jpg,epsilon,29.986929,1.2064545e+18,1.2064545e+18,4.023268e+16,4.023268e+18
286,n04252225_3650_snowplow.jpg,alpha_beta,29.986929,29.98481,0.0021190643,7.066627e-05,0.007066627
286,n04252225_3650_snowplow.jpg,composite,29.986929,29.984812,0.002117157,7.060266e-05,0.007060266
287,n02268443_2033_dragonfly.jpg,z_plus,21.872646,21.872633,1.335144e-05,6.1041726e-07,6.104173e-05
287,n02268443_2033_dragonfly.jpg,epsilon,21.872646,-6.536047e+15,6.536047e+15,2.9882285e+14,2.9882284e+16
287,n02268443_2033_dragonfly.jpg,alpha_beta,21.872646,21.81527,0.05737686,0.0026232244,0.26232243
287,n02268443_2033_dragonfly.jpg,composite,21.872646,21.814606,0.05804062,0.0026535708,0.26535708
288,n03761084_5403_microwave.jpg,z_plus,22.653067,22.65305,1.7166138e-05,7.577843e-07,7.577843e-05
288,n03761084_5403_microwave.jpg,epsilon,22.653067,-1.8352636e+16,1.8352636e+16,8.101612e+14,8.101612e+16
288,n03761084_5403_microwave.jpg,alpha_beta,22.653067,22.63526,0.017807007,0.0007860749,0.07860749
288,n03761084_5403_microwave.jpg,composite,22.653067,22.63535,0.017717361,0.0007821176,0.07821176
289,n03770439_12438_miniskirt.jpg,z_plus,19.838474,19.838467,7.6293945e-06,3.8457566e-07,3.8457565e-05
289,n03770439_12438_miniskirt.jpg,epsilon,19.838474,5.704706e+16,5.704706e+16,2.875577e+15,2.875577e+17
289,n03770439_12438_miniskirt.jpg,alpha_beta,19.838474,19.830837,0.007637024,0.00038496024,0.038496025
289,n03770439_12438_miniskirt.jpg,composite,19.838474,19.830797,0.0076770782,0.00038697926,0.038697924
290,n03394916_40519_french_horn.jpg,z_plus,12.203522,12.20352,1.9073486e-06,1.5629493e-07,1.5629494e-05
290,n03394916_40519_french_horn.jpg,epsilon,12.203522,2.657678e+18,2.657678e+18,2.1777958e+17,2.1777959e+19
290,n03394916_40519_french_horn.jpg,alpha_beta,12.203522,12.204182,0.0006599426,5.4078046e-05,0.0054078046
290,n03394916_40519_french_horn.jpg,composite,12.203522,12.204182,0.0006599426,5.4078046e-05,0.0054078046
291,n02672831_7054_accordion.jpg,z_plus,18.63754,18.637533,7.6293945e-06,4.093563e-07,4.093563e-05
291,n02672831_7054_accordion.jpg,epsilon,18.63754,-1.3807461e+14,1.3807461e+14,7.4084133e+12,7.408413e+14
291,n02672831_7054_accordion.jpg,alpha_beta,18.63754,18.605099,0.032442093,0.0017406853,0.17406853
291,n02672831_7054_accordion.jpg,composite,18.63754,18.60507,0.032470703,0.0017422204,0.17422204
292,n04074963_2109_remote_control.jpg,z_plus,26.755575,26.755566,9.536743e-06,3.5643947e-07,3.564395e-05
292,n04074963_2109_remote_control.jpg,epsilon,26.755575,-5.6780292e+16,5.6780292e+16,2.1221855e+15,2.1221854e+17
292,n04074963_2109_remote_control.jpg,alpha_beta,26.755575,26.758041,0.0024662018,9.217525e-05,0.009217525
292,n04074963_2109_remote_control.jpg,composite,26.755575,26.758072,0.0024967194,9.331585e-05,0.009331585
293,n03128519_21456_cream.jpg,z_plus,12.233356,12.233351,5.722046e-06,4.6774127e-07,4.6774127e-05
293,n03128519_21456_cream.jpg,epsilon,12.233356,1.2584254e+16,1.2584254e+16,1.02868366e+15,1.0286837e+17
293,n03128519_21456_cream.jpg,alpha_beta,12.233356,12.229104,0.004252434,0.00034760972,0.03476097
293,n03128519_21456_cream.jpg,composite,12.233356,12.229107,0.0042495728,0.00034737587,0.034737587
294,n02402425_58691_cattle.jpg,z_plus,14.260938,14.260936,1.9073486e-06,1.3374637e-07,1.3374637e-05
294,n02402425_58691_cattle.jpg,epsilon,14.260938,-2.0164012e+17,2.0164012e+17,1.4139332e+16,1.4139332e+18
294,n02402425_58691_cattle.jpg,alpha_beta,14.260938,14.235894,0.025043488,0.0017560899,0.175609
294,n02402425_58691_cattle.jpg,composite,14.260938,14.235887,0.025051117,0.0017566248,0.17566247
295,n02118333_2661_fox.jpg,z_plus,23.17012,23.170113,7.6293945e-06,3.292773e-07,3.2927728e-05
295,n02118333_2661_fox.jpg,epsilon,23.17012,2.8087712e+15,2.8087712e+15,1.2122385e+14,1.2122385e+16
295,n02118333_2661_fox.jpg,alpha_beta,23.17012,23.159218,0.010902405,0.00047053726,0.047053725
295,n02118333_2661_fox.jpg,composite,23.17012,23.15926,0.010860443,0.00046872624,0.046872623
296,n07734744_4530_mushroom.jpg,z_plus,16.795645,16.795639,5.722046e-06,3.4068628e-07,3.4068627e-05
296,n07734744_4530_mushroom.jpg,epsilon,16.795645,-3.914811e+16,3.914811e+16,2.330849e+15,2.330849e+17
296,n07734744_4530_mushroom.jpg,alpha_beta,16.795645,16.787106,0.0085392,0.0005084175,0.05084175
296,n07734744_4530_mushroom.jpg,composite,16.795645,16.787064,0.0085811615,0.0005109159,0.05109159
297,n03995372_8962_power_drill.jpg,z_plus,11.780621,11.780617,3.8146973e-06,3.2381124e-07,3.2381122e-05
297,n03995372_8962_power_drill.jpg,epsilon,11.780621,4.5838502e+16,4.5838502e+16,3.8910092e+15,3.891009e+17
297,n03995372_8962_power_drill.jpg,alpha_beta,11.780621,11.770103,0.01051712,0.00089274754,0.08927476
297,n03995372_8962_power_drill.jpg,composite,11.780621,11.770102,0.010519028,0.0008929095,0.08929095
298,n03207941_297_dishwasher.jpg,z_plus,15.089546,15.089541,4.7683716e-06,3.1600496e-07,3.1600495e-05
298,n03207941_297_dishwasher.jpg,epsilon,15.089546,3.6487637e+15,3.6487637e+15,2.4180738e+14,2.4180739e+16
298,n03207941_297_dishwasher.jpg,alpha_beta,15.089546,15.084372,0.005174637,0.0003429286,0.03429286
298,n03207941_297_dishwasher.jpg,composite,15.089546,15.0843725,0.005173683,0.0003428654,0.03428654
299,n02970849_4696_cart.jpg,z_plus,22.500614,22.500603,1.1444092e-05,5.086124e-07,5.086124e-05
299,n02970849_4696_cart.jpg,epsilon,22.500614,9.041202e+16,9.041202e+16,4.0182023e+15,4.0182024e+17
299,n02970849_4696_cart.jpg,alpha_beta,22.500614,22.484434,0.016180038,0.0007190932,0.071909316
299,n02970849_4696_cart.jpg,composite,22.500614,22.48437,0.016244888,0.00072197535,0.072197534
300,n04254120_1439_soap_dispenser.jpg,z_plus,30.168583,30.168568,1.5258789e-05,5.057841e-07,5.0578412e-05
300,n04254120_1439_soap_dispenser.jpg,epsilon,30.168583,4.9467715e+15,4.9467715e+15,1.6397096e+14,1.6397096e+16
300,n04254120_1439_soap_dispenser.jpg,alpha_beta,30.168583,30.087227,0.08135605,0.0026967144,0.26967144
300,n04254120_1439_soap_dispenser.jpg,composite,30.168583,30.087036,0.08154678,0.0027030366,0.27030367
301,n03134739_1193_croquet_ball.jpg,z_plus,19.495712,19.495705,7.6293945e-06,3.9133704e-07,3.9133705e-05
301,n03134739_1193_croquet_ball.jpg,epsilon,19.495712,8.431495e+16,8.431495e+16,4.3247945e+15,4.3247946e+17
301,n03134739_1193_croquet_ball.jpg,alpha_beta,19.495712,19.443668,0.052043915,0.0026695058,0.26695058
301,n03134739_1193_croquet_ball.jpg,composite,19.495712,19.443623,0.05208969,0.0026718536,0.26718536
302,n03372029_49129_flute.jpg,z_plus,19.34197,19.341965,5.722046e-06,2.9583572e-07,2.9583573e-05
302,n03372029_49129_flute.jpg,epsilon,19.34197,-8.0794176e+15,8.0794176e+15,4.177143e+14,4.177143e+16
302,n03372029_49129_flute.jpg,alpha_beta,19.34197,19.314163,0.027807236,0.001437663,0.1437663
302,n03372029_49129_flute.jpg,composite,19.34197,19.314262,0.027708054,0.0014325352,0.14325352
303,n01882714_11108_koala_bear.jpg,z_plus,20.948887,20.948875,1.1444092e-05,5.462864e-07,5.462864e-05
303,n01882714_11108_koala_bear.jpg,epsilon,20.948887,-4.2938678e+16,4.2938678e+16,2.0496878e+15,2.0496878e+17
303,n01882714_11108_koala_bear.jpg,alpha_beta,20.948887,20.885738,0.0631485,0.0030144083,0.30144083
303,n01882714_11108_koala_bear.jpg,composite,20.948887,20.88568,0.06320763,0.003017231,0.3017231
304,n04023962_3468_punching_bag.jpg,z_plus,17.164948,17.164942,5.722046e-06,3.3335644e-07,3.3335644e-05
304,n04023962_3468_punching_bag.jpg,epsilon,17.164948,1.7771681e+16,1.7771681e+16,1.0353472e+15,1.0353472e+17
304,n04023962_3468_punching_bag.jpg,alpha_beta,17.164948,17.146309,0.01863861,0.0010858531,0.108585306
304,n04023962_3468_punching_bag.jpg,composite,17.164948,17.146227,0.018720627,0.0010906311,0.10906311
305,n03991062_7689_flower_pot.jpg,z_plus,24.211548,24.21154,7.6293945e-06,3.1511388e-07,3.1511387e-05
305,n03991062_7689_flower_pot.jpg,epsilon,24.211548,-8.06432e+16,8.06432e+16,3.3307743e+15,3.3307743e+17
305,n03991062_7689_flower_pot.jpg,alpha_beta,24.211548,24.204145,0.00740242,0.00030573923,0.030573923
305,n03991062_7689_flower_pot.jpg,composite,24.211548,24.204155,0.0073928833,0.00030534534,0.030534534
306,n03961711_1377_plate_rack.jpg,z_plus,10.10251,10.102507,3.8146973e-06,3.7759895e-07,3.7759895e-05
306,n03961711_1377_plate_rack.jpg,epsilon,10.10251,-2.1969328e+17,2.1969328e+17,2.1746405e+16,2.1746405e+18
306,n03961711_1377_plate_rack.jpg,alpha_beta,10.10251,10.106355,0.0038442612,0.00038052534,0.038052533
306,n03961711_1377_plate_rack.jpg,composite,10.10251,10.106344,0.0038337708,0.00037948694,0.037948694
307,n02121808_1421_domestic_cat.jpg,z_plus,14.768475,14.768471,3.8146973e-06,2.5830002e-07,2.5830002e-05
307,n02121808_1421_domestic_cat.jpg,epsilon,14.768475,1.0344205e+16,1.0344205e+16,7.0042474e+14,7.0042473e+16
307,n02121808_1421_domestic_cat.jpg,alpha_beta,14.768475,14.746792,0.02168274,0.0014681773,0.14681773
307,n02121808_1421_domestic_cat.jpg,composite,14.768475,14.7467985,0.021676064,0.0014677253,0.14677253
308,n01910747_17159_jellyfish.jpg,z_plus,15.212704,15.212697,6.67572e-06,4.3882537e-07,4.3882537e-05
308,n01910747_17159_jellyfish.jpg,epsilon,15.212704,-4.625508e+15,4.625508e+15,3.040556e+14,3.040556e+16
308,n01910747_17159_jellyfish.jpg,alpha_beta,15.212704,15.213188,0.00048446655,3.1846183e-05,0.0031846182
308,n01910747_17159_jellyfish.jpg,composite,15.212704,15.213186,0.0004825592,3.1720803e-05,0.0031720803
309,n03124170_6694_hat_with_a_wide_brim.jpg,z_plus,14.134211,14.134207,3.8146973e-06,2.6989107e-07,2.6989108e-05
309,n03124170_6694_hat_with_a_wide_brim.jpg,epsilon,14.134211,1.196681e+16,1.196681e+16,8.466557e+14,8.466557e+16
309,n03124170_6694_hat_with_a_wide_brim.jpg,alpha_beta,14.134211,14.140257,0.006046295,0.00042777736,0.042777736
309,n03124170_6694_hat_with_a_wide_brim.jpg,composite,14.134211,14.140251,0.006040573,0.00042737252,0.042737253
310,n02924116_31580_bus.jpg,z_plus,9.532566,9.532561,4.7683716e-06,5.002191e-07,5.0021907e-05
310,n02924116_31580_bus.jpg,epsilon,9.532566,-1.2471069e+16,1.2471069e+16,1.3082594e+15,1.3082594e+17
310,n02924116_31580_bus.jpg,alpha_beta,9.532566,9.527658,0.004907608,0.0005148255,0.05148255
310,n02924116_31580_bus.jpg,composite,9.532566,9.527661,0.004904747,0.00051452534,0.051452532
311,n02129604_4493_tiger.jpg,z_plus,9.156744,9.15674,3.8146973e-06,4.1659976e-07,4.1659976e-05
311,n02129604_4493_tiger.jpg,epsilon,9.156744,3.141882e+16,3.141882e+16,3.4312217e+15,3.431222e+17
311,n02129604_4493_tiger.jpg,alpha_beta,9.156744,9.148595,0.008149147,0.0008899612,0.08899612
311,n02129604_4493_tiger.jpg,composite,9.156744,9.14859,0.008153915,0.000890482,0.0890482
312,n02691156_7241_airplane.jpg,z_plus,11.174238,11.174236,1.9073486e-06,1.706916e-07,1.706916e-05
312,n02691156_7241_airplane.jpg,epsilon,11.174238,-3.7578387e+15,3.7578387e+15,3.3629483e+14,3.3629482e+16
312,n02691156_7241_airplane.jpg,alpha_beta,11.174238,11.17434,0.00010204315,9.132001e-06,0.0009132001
312,n02691156_7241_airplane.jpg,composite,11.174238,11.174338,0.0001001358,8.9613095e-06,0.0008961309
313,n07697537_3512_hotdog.jpg,z_plus,9.319641,9.319639,1.9073486e-06,2.0465902e-07,2.04659e-05
313,n07697537_3512_hotdog.jpg,epsilon,9.319641,-1.690963e+15,1.690963e+15,1.8144078e+14,1.8144079e+16
313,n07697537_3512_hotdog.jpg,alpha_beta,9.319641,9.301878,0.017763138,0.0019059895,0.19059895
313,n07697537_3512_hotdog.jpg,composite,9.319641,9.301887,0.017754555,0.0019050685,0.19050685
314,n04074963_13088_remote_control.jpg,z_plus,11.316578,11.316575,2.861023e-06,2.5281696e-07,2.5281695e-05
314,n04074963_13088_remote_control.jpg,epsilon,11.316578,-1.9591263e+17,1.9591263e+17,1.7312003e+16,1.7312003e+18
314,n04074963_13088_remote_control.jpg,alpha_beta,11.316578,11.315179,0.0013990402,0.0001236275,0.01236275
314,n04074963_13088_remote_control.jpg,composite,11.316578,11.315172,0.001405716,0.0001242174,0.01242174
315,n04379243_4875_table.jpg,z_plus,12.378456,12.378452,3.8146973e-06,3.081723e-07,3.081723e-05
315,n04379243_4875_table.jpg,epsilon,12.378456,-6.5142216e+16,6.5142216e+16,5.2625477e+15,5.262548e+17
315,n04379243_4875_table.jpg,alpha_beta,12.378456,12.379957,0.0015010834,0.0001212658,0.01212658
315,n04379243_4875_table.jpg,composite,12.378456,12.379945,0.0014886856,0.00012026424,0.012026424
316,n07749582_16812_lemon.jpg,z_plus,16.113022,16.11302,1.9073486e-06,1.18373116e-07,1.1837312e-05
316,n07749582_16812_lemon.jpg,epsilon,16.113022,-2.5007292e+17,2.5007292e+17,1.5519927e+16,1.5519927e+18
316,n07749582_16812_lemon.jpg,alpha_beta,16.113022,16.118202,0.005180359,0.0003215014,0.032150142
316,n07749582_16812_lemon.jpg,composite,16.113022,16.118202,0.005180359,0.0003215014,0.032150142
317,n02274259_379_butterfly.jpg,z_plus,22.037685,22.037628,5.722046e-05,2.5964823e-06,0.00025964822
317,n02274259_379_butterfly.jpg,epsilon,22.037685,5.973251e+17,5.973251e+17,2.710471e+16,2.710471e+18
317,n02274259_379_butterfly.jpg,alpha_beta,22.037685,21.98455,0.05313492,0.0024110933,0.24110933
317,n02274259_379_butterfly.jpg,composite,22.037685,21.984516,0.05316925,0.0024126512,0.24126512
318,n04442312_6578_toaster.jpg,z_plus,13.544247,13.544242,4.7683716e-06,3.5205883e-07,3.5205885e-05
318,n04442312_6578_toaster.jpg,epsilon,13.544247,2.2848006e+16,2.2848006e+16,1.686916e+15,1.6869161e+17
318,n04442312_6578_toaster.jpg,alpha_beta,13.544247,13.58186,0.037612915,0.00277704,0.277704
318,n04442312_6578_toaster.jpg,composite,13.544247,13.5819025,0.03765583,0.0027802086,0.27802086
319,n02398521_24812_hippopotamus.jpg,z_plus,17.439413,17.439398,1.5258789e-05,8.7496e-07,8.7496e-05
319,n02398521_24812_hippopotamus.jpg,epsilon,17.439413,2.5632296e+16,2.5632296e+16,1.4697912e+15,1.4697912e+17
319,n02398521_24812_hippopotamus.jpg,alpha_beta,17.439413,17.441824,0.0024108887,0.00013824367,0.013824368
319,n02398521_24812_hippopotamus.jpg,composite,17.439413,17.441788,0.002374649,0.00013616565,0.013616565
320,n04118538_7671_rugby_ball.jpg,z_plus,18.385183,18.385178,5.722046e-06,3.112314e-07,3.1123138e-05
320,n04118538_7671_rugby_ball.jpg,epsilon,18.385183,9.665381e+16,9.665381e+16,5.2571575e+15,5.2571575e+17
320,n04118538_7671_rugby_ball.jpg,alpha_beta,18.385183,18.37641,0.008773804,0.00047722145,0.047722146
320,n04118538_7671_rugby_ball.jpg,composite,18.385183,18.376347,0.008836746,0.000480645,0.0480645
321,n07695742_4248_pretzel.jpg,z_plus,17.147127,17.147121,5.722046e-06,3.337029e-07,3.337029e-05
321,n07695742_4248_pretzel.jpg,epsilon,17.147127,-7.87362e+15,7.87362e+15,4.5918012e+14,4.591801e+16
321,n07695742_4248_pretzel.jpg,alpha_beta,17.147127,17.128471,0.018655777,0.0010879827,0.108798265
321,n07695742_4248_pretzel.jpg,composite,17.147127,17.128517,0.01861,0.001085313,0.1085313
322,n02764044_34263_axe.jpg,z_plus,18.269323,18.269308,1.5258789e-05,8.352137e-07,8.352137e-05
322,n02764044_34263_axe.jpg,epsilon,18.269323,3.2529876e+16,3.2529876e+16,1.7805737e+15,1.7805737e+17
322,n02764044_34263_axe.jpg,alpha_beta,18.269323,18.262135,0.007188797,0.00039349005,0.039349005
322,n02764044_34263_axe.jpg,composite,18.269323,18.262062,0.0072612762,0.0003974573,0.03974573
323,n01990800_3901_isopod.jpg,z_plus,17.156286,17.156284,1.9073486e-06,1.1117491e-07,1.1117491e-05
323,n01990800_3901_isopod.jpg,epsilon,17.156286,-1.3695448e+16,1.3695448e+16,7.982758e+14,7.982758e+16
323,n01990800_3901_isopod.jpg,alpha_beta,17.156286,17.154926,0.0013599396,7.926772e-05,0.007926771
323,n01990800_3901_isopod.jpg,composite,17.156286,17.154858,0.0014286041,8.327001e-05,0.008327001
324,n03249569_44884_drum.jpg,z_plus,11.888081,11.888075,5.722046e-06,4.813263e-07,4.813263e-05
324,n03249569_44884_drum.jpg,epsilon,11.888081,-2.3190624e+16,2.3190624e+16,1.9507458e+15,1.9507458e+17
324,n03249569_44884_drum.jpg,alpha_beta,11.888081,11.878983,0.009098053,0.0007653088,0.07653088
324,n03249569_44884_drum.jpg,composite,11.888081,11.878982,0.009099007,0.00076538906,0.076538906
325,n03676483_8016_lipstick.jpg,z_plus,11.334123,11.334119,3.8146973e-06,3.365675e-07,3.365675e-05
325,n03676483_8016_lipstick.jpg,epsilon,11.334123,-9.874302e+15,9.874302e+15,8.712012e+14,8.712012e+16
325,n03676483_8016_lipstick.jpg,alpha_beta,11.334123,11.387428,0.053305626,0.00470311,0.47031102
325,n03676483_8016_lipstick.jpg,composite,11.334123,11.387383,0.053260803,0.004699155,0.4699155
326,n07768694_6136_pomegranate.jpg,z_plus,15.484329,15.484327,1.9073486e-06,1.2317929e-07,1.2317929e-05
326,n07768694_6136_pomegranate.jpg,epsilon,15.484329,4.2532546e+15,4.2532546e+15,2.7468123e+14,2.7468122e+16
326,n07768694_6136_pomegranate.jpg,alpha_beta,15.484329,15.485064,0.0007343292,4.7424026e-05,0.0047424026
326,n07768694_6136_pomegranate.jpg,composite,15.484329,15.485059,0.00072956085,4.711608e-05,0.004711608
327,n01784675_23760_centipede.jpg,z_plus,13.349852,13.34985,1.9073486e-06,1.4287414e-07,1.4287414e-05
327,n01784675_23760_centipede.jpg,epsilon,13.349852,1.8893733e+16,1.8893733e+16,1.4152767e+15,1.4152767e+17
327,n01784675_23760_centipede.jpg,alpha_beta,13.349852,13.361378,0.011526108,0.0008633885,0.08633885
327,n01784675_23760_centipede.jpg,composite,13.349852,13.36138,0.011528015,0.0008635313,0.08635313
328,n03991062_3915_flower_pot.jpg,z_plus,13.607145,13.607143,1.9073486e-06,1.4017257e-07,1.4017258e-05
328,n03991062_3915_flower_pot.jpg,epsilon,13.607145,-7.009651e+16,7.009651e+16,5.151449e+15,5.1514487e+17
328,n03991062_3915_flower_pot.jpg,alpha_beta,13.607145,13.628954,0.021808624,0.0016027333,0.16027333
328,n03991062_3915_flower_pot.jpg,composite,13.607145,13.62896,0.021814346,0.0016031538,0.16031538
329,n03636649_5469_lamp.jpg,z_plus,13.30675,13.306746,4.7683716e-06,3.583423e-07,3.583423e-05
329,n03636649_5469_lamp.jpg,epsilon,13.30675,7.54265e+14,7.54265e+14,5.6682885e+13,5.6682885e+15
329,n03636649_5469_lamp.jpg,alpha_beta,13.30675,13.298745,0.008005142,0.0006015851,0.06015851
329,n03636649_5469_lamp.jpg,composite,13.30675,13.298745,0.008005142,0.0006015851,0.06015851
330,n01503061_10156_bird.jpg,z_plus,17.942648,17.942638,9.536743e-06,5.3151257e-07,5.3151256e-05
330,n01503061_10156_bird.jpg,epsilon,17.942648,2.4684036e+14,2.4684036e+14,1.3757187e+13,1.3757187e+15
330,n01503061_10156_bird.jpg,alpha_beta,17.942648,17.938084,0.0045642853,0.0002543819,0.025438191
330,n01503061_10156_bird.jpg,composite,17.942648,17.938093,0.0045547485,0.00025385042,0.025385043
331,n07753592_1896_banana.jpg,z_plus,12.502275,12.50227,5.722046e-06,4.5768036e-07,4.5768036e-05
331,n07753592_1896_banana.jpg,epsilon,12.502275,-7.0145406e+13,7.0145406e+13,5.610611e+12,5.6106107e+14
331,n07753592_1896_banana.jpg,alpha_beta,12.502275,12.485114,0.01716137,0.0013726597,0.13726597
331,n07753592_1896_banana.jpg,composite,12.502275,12.485165,0.017110825,0.0013686168,0.13686168
332,n02510455_4903_giant_panda.jpg,z_plus,18.790121,18.790113,7.6293945e-06,4.0603223e-07,4.0603223e-05
332,n02510455_4903_giant_panda.jpg,epsilon,18.790121,6.082386e+16,6.082386e+16,3.2370124e+15,3.2370124e+17
332,n02510455_4903_giant_panda.jpg,alpha_beta,18.790121,18.7618,0.028320312,0.0015071916,0.15071915
332,n02510455_4903_giant_panda.jpg,composite,18.790121,18.761818,0.028303146,0.0015062781,0.1506278
333,n02374451_11795_horse.jpg,z_plus,13.594929,13.594922,6.67572e-06,4.910449e-07,4.910449e-05
333,n02374451_11795_horse.jpg,epsilon,13.594929,1.1556039e+15,1.1556039e+15,8.500257e+13,8.500257e+15
333,n02374451_11795_horse.jpg,alpha_beta,13.594929,13.592482,0.0024471283,0.00018000303,0.018000303
333,n02374451_11795_horse.jpg,composite,13.594929,13.592483,0.0024461746,0.00017993287,0.017993288
334,n04252225_1431_snowplow.jpg,z_plus,16.35833,16.358324,5.722046e-06,3.4979402e-07,3.4979403e-05
334,n04252225_1431_snowplow.jpg,epsilon,16.35833,5.8393963e+16,5.8393963e+16,3.5696775e+15,3.5696775e+17
334,n04252225_1431_snowplow.jpg,alpha_beta,16.35833,16.335278,0.023052216,0.0014092035,0.14092036
334,n04252225_1431_snowplow.jpg,composite,16.35833,16.335266,0.02306366,0.001409903,0.1409903
335,n04118538_3656_rugby_ball.jpg,z_plus,14.039155,14.039146,8.583069e-06,6.113665e-07,6.113665e-05
335,n04118538_3656_rugby_ball.jpg,epsilon,14.039155,-5.58321e+16,5.58321e+16,3.9768847e+15,3.9768848e+17
335,n04118538_3656_rugby_ball.jpg,alpha_beta,14.039155,14.01869,0.020464897,0.0014577014,0.14577015
335,n04118538_3656_rugby_ball.jpg,composite,14.039155,14.018685,0.020469666,0.0014580411,0.1458041
336,n03445777_9090_golf_ball.jpg,z_plus,10.379749,10.379744,5.722046e-06,5.5127015e-07,5.5127013e-05
336,n03445777_9090_golf_ball.jpg,epsilon,10.379749,1.8139963e+17,1.8139963e+17,1.7476301e+16,1.7476302e+18
336,n03445777_9090_golf_ball.jpg,alpha_beta,10.379749,10.3771515,0.0025978088,0.00025027664,0.025027664
336,n03445777_9090_golf_ball.jpg,composite,10.379749,10.377153,0.0025959015,0.00025009288,0.025009288
337,n02445715_6015_skunk.jpg,z_plus,18.96002,18.960012,7.6293945e-06,4.023938e-07,4.0239378e-05
337,n02445715_6015_skunk.jpg,epsilon,18.96002,-9.650249e+16,9.650249e+16,5.089788e+15,5.089788e+17
337,n02445715_6015_skunk.jpg,alpha_beta,18.96002,18.93813,0.02189064,0.0011545684,0.11545684
337,n02445715_6015_skunk.jpg,composite,18.96002,18.93803,0.021989822,0.0011597995,0.115979955
338,n04542943_5799_waffle_iron.jpg,z_plus,12.175197,12.175192,4.7683716e-06,3.9164638e-07,3.916464e-05
338,n04542943_5799_waffle_iron.jpg,epsilon,12.175197,-1.1286487e+15,1.1286487e+15,9.270065e+13,9.270065e+15
338,n04542943_5799_waffle_iron.jpg,alpha_beta,12.175197,12.167252,0.007945061,0.0006525612,0.06525612
338,n04542943_5799_waffle_iron.jpg,composite,12.175197,12.16724,0.007956505,0.00065350113,0.065350115
339,n04131690_12417_salt_or_pepper_shaker.jpg,z_plus,16.237467,16.237457,9.536743e-06,5.873295e-07,5.8732952e-05
339,n04131690_12417_salt_or_pepper_shaker.jpg,epsilon,16.237467,-1.4615464e+16,1.4615464e+16,9.0010744e+14,9.001075e+16
339,n04131690_12417_salt_or_pepper_shaker.jpg,alpha_beta,16.237467,16.222013,0.015453339,0.0009517087,0.09517087
339,n04131690_12417_salt_or_pepper_shaker.jpg,composite,16.237467,16.222,0.01546669,0.000952531,0.0952531
340,n02355227_12960_squirrel.jpg,z_plus,11.541418,11.541412,5.722046e-06,4.957836e-07,4.9578357e-05
340,n02355227_12960_squirrel.jpg,epsilon,11.541418,2.2054004e+16,2.2054004e+16,1.9108574e+15,1.9108574e+17
340,n02355227_12960_squirrel.jpg,alpha_beta,11.541418,11.537815,0.0036029816,0.00031217842,0.031217843
340,n02355227_12960_squirrel.jpg,composite,11.541418,11.53783,0.0035877228,0.00031085633,0.031085633
341,n04591713_2972_wine_bottle.jpg,z_plus,12.792125,12.792121,3.8146973e-06,2.982067e-07,2.9820669e-05
341,n04591713_2972_wine_bottle.jpg,epsilon,12.792125,1.6437699e+15,1.6437699e+15,1.28498585e+14,1.2849858e+16
341,n04591713_2972_wine_bottle.jpg,alpha_beta,12.792125,12.788425,0.0036993027,0.00028918593,0.028918594
341,n04591713_2972_wine_bottle.jpg,composite,12.792125,12.788515,0.0036096573,0.00028217808,0.028217807
342,n00007846_152343_person.jpg,z_plus,16.897202,16.89719,1.1444092e-05,6.7727734e-07,6.7727735e-05
342,n00007846_152343_person.jpg,epsilon,16.897202,5.8622696e+15,5.8622696e+15,3.469373e+14,3.469373e+16
342,n00007846_152343_person.jpg,alpha_beta,16.897202,16.895859,0.0013427734,7.946721e-05,0.007946721
342,n00007846_152343_person.jpg,composite,16.897202,16.895863,0.0013389587,7.924145e-05,0.007924145
343,n03085013_7532_computer_keyboard.jpg,z_plus,22.135744,22.135735,9.536743e-06,4.3083003e-07,4.3083004e-05
343,n03085013_7532_computer_keyboard.jpg,epsilon,22.135744,3.928761e+16,3.928761e+16,1.7748493e+15,1.7748494e+17
343,n03085013_7532_computer_keyboard.jpg,alpha_beta,22.135744,22.142048,0.006303787,0.00028477865,0.028477866
343,n03085013_7532_computer_keyboard.jpg,composite,22.135744,22.142107,0.006362915,0.0002874498,0.02874498
344,n07768694_513_pomegranate.jpg,z_plus,11.1666355,11.166633,2.861023e-06,2.5621173e-07,2.5621173e-05
344,n07768694_513_pomegranate.jpg,epsilon,11.1666355,2.7282237e+17,2.7282237e+17,2.4431921e+16,2.443192e+18
344,n07768694_513_pomegranate.jpg,alpha_beta,11.1666355,11.161863,0.0047721863,0.00042736117,0.042736117
344,n07768694_513_pomegranate.jpg,composite,11.1666355,11.161866,0.0047693253,0.00042710494,0.042710494
345,n03314780_153_face_powder.jpg,z_plus,9.376609,9.376604,4.7683716e-06,5.08539e-07,5.08539e-05
345,n03314780_153_face_powder.jpg,epsilon,9.376609,-9.899041e+13,9.899041e+13,1.0557165e+13,1.0557165e+15
345,n03314780_153_face_powder.jpg,alpha_beta,9.376609,9.360769,0.015839577,0.0016892649,0.16892649
345,n03314780_153_face_powder.jpg,composite,9.376609,9.36077,0.015838623,0.0016891633,0.16891633
346,n02802426_12389_basketball.jpg,z_plus,13.543491,13.543486,5.722046e-06,4.2249414e-07,4.2249412e-05
346,n02802426_12389_basketball.jpg,epsilon,13.543491,8.922879e+16,8.922879e+16,6.588315e+15,6.588315e+17
346,n02802426_12389_basketball.jpg,alpha_beta,13.543491,13.535269,0.00822258,0.0006071241,0.060712412
346,n02802426_12389_basketball.jpg,composite,13.543491,13.535302,0.008189201,0.00060465955,0.060465954
347,n07583066_7105_guacamole.jpg,z_plus,13.337103,13.337097,5.722046e-06,4.2903216e-07,4.2903215e-05
347,n07583066_7105_guacamole.jpg,epsilon,13.337103,8.408378e+17,8.408378e+17,6.304501e+16,6.3045007e+18
347,n07583066_7105_guacamole.jpg,alpha_beta,13.337103,13.346159,0.009056091,0.0006790149,0.06790149
347,n07583066_7105_guacamole.jpg,composite,13.337103,13.346144,0.0090408325,0.0006778708,0.06778708
348,n03710721_8217_maillot.jpg,z_plus,11.312963,11.312958,4.7683716e-06,4.2149628e-07,4.214963e-05
348,n03710721_8217_maillot.jpg,epsilon,11.312963,1.2901395e+15,1.2901395e+15,1.1404081e+14,1.1404081e+16
348,n03710721_8217_maillot.jpg,alpha_beta,11.312963,11.308144,0.0048189163,0.00042596413,0.042596415
348,n03710721_8217_maillot.jpg,composite,11.312963,11.308145,0.0048179626,0.00042587984,0.042587984
349,n03445924_6750_golfcart.jpg,z_plus,18.91119,18.911182,7.6293945e-06,4.034328e-07,4.0343282e-05
349,n03445924_6750_golfcart.jpg,epsilon,18.91119,9.971883e+16,9.971883e+16,5.2730065e+15,5.2730066e+17
349,n03445924_6750_golfcart.jpg,alpha_beta,18.91119,18.900537,0.010652542,0.00056329306,0.056329306
349,n03445924_6750_golfcart.jpg,composite,18.91119,18.900473,0.010717392,0.00056672224,0.056672223
350,n02342885_4388_hamster.jpg,z_plus,17.672024,17.671947,7.6293945e-05,4.3172163e-06,0.00043172162
350,n02342885_4388_hamster.jpg,epsilon,17.672024,2.1987484e+15,2.1987484e+15,1.24419725e+14,1.2441973e+16
350,n02342885_4388_hamster.jpg,alpha_beta,17.672024,17.62521,0.046813965,0.0026490437,0.26490438
350,n02342885_4388_hamster.jpg,composite,17.672024,17.625183,0.046840668,0.0026505548,0.26505548
351,n04118538_4281_rugby_ball.jpg,z_plus,18.817183,18.81718,1.9073486e-06,1.01362076e-07,1.01362075e-05
351,n04118538_4281_rugby_ball.jpg,epsilon,18.817183,1.7544907e+16,1.7544907e+16,9.3238754e+14,9.323876e+16
351,n04118538_4281_rugby_ball.jpg,alpha_beta,18.817183,18.81366,0.003522873,0.00018721574,0.018721575
351,n04118538_4281_rugby_ball.jpg,composite,18.817183,18.813671,0.0035114288,0.00018660758,0.018660758
352,n02815834_4632_beaker.jpg,z_plus,16.322561,16.322556,5.722046e-06,3.5056053e-07,3.505605e-05
352,n02815834_4632_beaker.jpg,epsilon,16.322561,8.0181336e+16,8.0181336e+16,4.912301e+15,4.912301e+17
352,n02815834_4632_beaker.jpg,alpha_beta,16.322561,16.283632,0.038928986,0.0023849802,0.23849802
352,n02815834_4632_beaker.jpg,composite,16.322561,16.283617,0.038944244,0.002385915,0.2385915
353,n02454379_174_armadillo.jpg,z_plus,18.065477,18.065428,4.9591064e-05,2.7450735e-06,0.00027450736
353,n02454379_174_armadillo.jpg,epsilon,18.065477,-6.981521e+15,6.981521e+15,3.864565e+14,3.8645648e+16
353,n02454379_174_armadillo.jpg,alpha_beta,18.065477,17.993353,0.07212448,0.0039923927,0.39923927
353,n02454379_174_armadillo.jpg,composite,18.065477,17.993355,0.072122574,0.003992287,0.3992287
354,n04487394_23210_trombone.jpg,z_plus,16.485428,16.485422,5.722046e-06,3.470972e-07,3.470972e-05
354,n04487394_23210_trombone.jpg,epsilon,16.485428,2.0786267e+15,2.0786267e+15,1.2608873e+14,1.2608873e+16
354,n04487394_23210_trombone.jpg,alpha_beta,16.485428,16.459423,0.026004791,0.0015774411,0.15774411
354,n04487394_23210_trombone.jpg,composite,16.485428,16.45942,0.026008606,0.0015776724,0.15776724
355,n03770439_6215_miniskirt.jpg,z_plus,15.596684,15.596678,6.67572e-06,4.2802176e-07,4.2802178e-05
355,n03770439_6215_miniskirt.jpg,epsilon,15.596684,4.9153324e+15,4.9153324e+15,3.151524e+14,3.151524e+16
355,n03770439_6215_miniskirt.jpg,alpha_beta,15.596684,15.594169,0.0025157928,0.00016130306,0.016130306
355,n03770439_6215_miniskirt.jpg,composite,15.596684,15.5941725,0.0025119781,0.00016105847,0.016105847
356,n03642806_21229_laptop.jpg,z_plus,15.422312,15.422306,5.722046e-06,3.7102387e-07,3.710239e-05
356,n03642806_21229_laptop.jpg,epsilon,15.422312,-9.89185e+17,9.89185e+17,6.4139865e+16,6.413986e+18
356,n03642806_21229_laptop.jpg,alpha_beta,15.422312,15.405746,0.016565323,0.0010741141,0.107411414
356,n03642806_21229_laptop.jpg,composite,15.422312,15.40586,0.016451836,0.0010667555,0.10667555
357,n04026417_12310_purse.jpg,z_plus,13.106877,13.106873,4.7683716e-06,3.6380683e-07,3.6380683e-05
357,n04026417_12310_purse.jpg,epsilon,13.106877,2.0368233e+17,2.0368233e+17,1.5540111e+16,1.5540111e+18
357,n04026417_12310_purse.jpg,alpha_beta,13.106877,13.137899,0.031022072,0.0023668546,0.23668545
357,n04026417_12310_purse.jpg,composite,13.106877,13.137907,0.031029701,0.0023674367,0.23674366
358,n02870880_12189_bookshelf.jpg,z_plus,19.3637,19.363697,3.8146973e-06,1.9700249e-07,1.970025e-05
358,n02870880_12189_bookshelf.jpg,epsilon,19.3637,1.7292054e+16,1.7292054e+16,8.930139e+14,8.930139e+16
358,n02870880_12189_bookshelf.jpg,alpha_beta,19.3637,19.367214,0.0035133362,0.00018143929,0.01814393
358,n02870880_12189_bookshelf.jpg,composite,19.3637,19.367218,0.0035171509,0.0001816363,0.018163629
359,n01882714_3175_koala_bear.jpg,z_plus,10.513027,10.513023,3.8146973e-06,3.628543e-07,3.628543e-05
359,n01882714_3175_koala_bear.jpg,epsilon,10.513027,4.672687e+15,4.672687e+15,4.4446637e+14,4.4446637e+16
359,n01882714_3175_koala_bear.jpg,alpha_beta,10.513027,10.525126,0.012099266,0.0011508832,0.115088314
359,n01882714_3175_koala_bear.jpg,composite,10.513027,10.525093,0.012065887,0.0011477082,0.114770815
360,n03995372_3057_power_drill.jpg,z_plus,15.87006,15.870054,5.722046e-06,3.6055604e-07,3.6055604e-05
360,n03995372_3057_power_drill.jpg,epsilon,15.87006,3.7032685e+16,3.7032685e+16,2.3334938e+15,2.3334939e+17
360,n03995372_3057_power_drill.jpg,alpha_beta,15.87006,15.867341,0.0027189255,0.00017132421,0.01713242
360,n03995372_3057_power_drill.jpg,composite,15.87006,15.867319,0.00274086,0.00017270634,0.017270634
361,n04517823_17685_vacuum.jpg,z_plus,12.884076,12.884073,2.861023e-06,2.2205883e-07,2.2205882e-05
361,n04517823_17685_vacuum.jpg,epsilon,12.884076,1.3557356e+16,1.3557356e+16,1.0522568e+15,1.0522568e+17
361,n04517823_17685_vacuum.jpg,alpha_beta,12.884076,12.88655,0.0024738312,0.00019200688,0.019200688
361,n04517823_17685_vacuum.jpg,composite,12.884076,12.886548,0.0024719238,0.00019185884,0.019185884
362,n03400231_5440_frying_pan.jpg,z_plus,15.535729,15.535725,4.7683716e-06,3.0692937e-07,3.0692936e-05
362,n03400231_5440_frying_pan.jpg,epsilon,15.535729,-1.9315148e+17,1.9315148e+17,1.2432727e+16,1.2432726e+18
362,n03400231_5440_frying_pan.jpg,alpha_beta,15.535729,15.531394,0.0043354034,0.0002790602,0.02790602
362,n03400231_5440_frying_pan.jpg,composite,15.535729,15.531374,0.0043554306,0.00028034928,0.02803493
363,n03481172_6773_hammer.jpg,z_plus,16.126356,16.126354,1.9073486e-06,1.1827524e-07,1.1827524e-05
363,n03481172_6773_hammer.jpg,epsilon,16.126356,9.304067e+15,9.304067e+15,5.769479e+14,5.7694794e+16
363,n03481172_6773_hammer.jpg,alpha_beta,16.126356,16.139008,0.0126514435,0.00078451965,0.07845197
363,n03481172_6773_hammer.jpg,composite,16.126356,16.139023,0.012666702,0.0007854659,0.07854659
364,n04330267_16662_stove.jpg,z_plus,11.616475,11.616516,4.1007996e-05,3.5301582e-06,0.0003530158
364,n04330267_16662_stove.jpg,epsilon,11.616475,1.0414437e+16,1.0414437e+16,8.9652295e+14,8.96523e+16
364,n04330267_16662_stove.jpg,alpha_beta,11.616475,11.608911,0.0075645447,0.00065119105,0.0651191
364,n04330267_16662_stove.jpg,composite,11.616475,11.608948,0.0075273514,0.0006479893,0.06479893
365,n04376876_14092_syringe.jpg,z_plus,21.371223,21.371214,9.536743e-06,4.4624227e-07,4.4624227e-05
365,n04376876_14092_syringe.jpg,epsilon,21.371223,3.1270867e+16,3.1270867e+16,1.463223e+15,1.463223e+17
365,n04376876_14092_syringe.jpg,alpha_beta,21.371223,21.355183,0.016040802,0.00075057946,0.075057946
365,n04376876_14092_syringe.jpg,composite,21.371223,21.35516,0.01606369,0.0007516505,0.07516505
366,n04557648_2622_water_bottle.jpg,z_plus,25.72393,25.723917,1.335144e-05,5.19028e-07,5.19028e-05
366,n04557648_2622_water_bottle.jpg,epsilon,25.72393,1.2374344e+17,1.2374344e+17,4.8104407e+15,4.8104407e+17
366,n04557648_2622_water_bottle.jpg,alpha_beta,25.72393,25.72393,0.0,0.0,0.0
366,n04557648_2622_water_bottle.jpg,composite,25.72393,25.723927,3.8146973e-06,1.4829372e-07,1.4829372e-05
367,n03494278_29009_harmonica.jpg,z_plus,12.791004,12.790998,5.722046e-06,4.4734924e-07,4.4734923e-05
367,n03494278_29009_harmonica.jpg,epsilon,12.791004,2.8799302e+16,2.8799302e+16,2.2515279e+15,2.2515279e+17
367,n03494278_29009_harmonica.jpg,alpha_beta,12.791004,12.791058,5.340576e-05,4.1752596e-06,0.00041752597
367,n03494278_29009_harmonica.jpg,composite,12.791004,12.791061,5.722046e-05,4.4734925e-06,0.00044734924
368,n02062744_305_whale.jpg,z_plus,19.412125,19.412117,7.6293945e-06,3.9302213e-07,3.9302213e-05
368,n02062744_305_whale.jpg,epsilon,19.412125,5.504705e+16,5.504705e+16,2.8357046e+15,2.8357046e+17
368,n02062744_305_whale.jpg,alpha_beta,19.412125,19.41101,0.0011138916,5.7381232e-05,0.0057381233
368,n02062744_305_whale.jpg,composite,19.412125,19.411015,0.0011100769,5.718472e-05,0.005718472
369,n02402425_20234_cattle.jpg,z_plus,13.70813,13.708124,5.722046e-06,4.1741987e-07,4.1741987e-05
369,n02402425_20234_cattle.jpg,epsilon,13.70813,-2.3498763e+17,2.3498763e+17,1.7142209e+16,1.7142208e+18
369,n02402425_20234_cattle.jpg,alpha_beta,13.70813,13.700249,0.007881165,0.0005749263,0.057492632
369,n02402425_20234_cattle.jpg,composite,13.70813,13.700241,0.007888794,0.00057548285,0.057548285
370,n04256520_22975_sofa.jpg,z_plus,15.220421,15.220415,5.722046e-06,3.7594532e-07,3.759453e-05
370,n04256520_22975_sofa.jpg,epsilon,15.220421,1.3849256e+17,1.3849256e+17,9.099129e+15,9.099129e+17
370,n04256520_22975_sofa.jpg,alpha_beta,15.220421,15.240978,0.020557404,0.0013506463,0.13506463
370,n04256520_22975_sofa.jpg,composite,15.220421,15.240978,0.020557404,0.0013506463,0.13506463
371,n03797390_759_cup_or_mug.jpg,z_plus,19.438112,19.438108,3.8146973e-06,1.9624834e-07,1.9624833e-05
371,n03797390_759_cup_or_mug.jpg,epsilon,19.438112,-1.8286956e+18,1.8286956e+18,9.407784e+16,9.407784e+18
371,n03797390_759_cup_or_mug.jpg,alpha_beta,19.438112,19.436703,0.0014095306,7.2513765e-05,0.0072513763
371,n03797390_759_cup_or_mug.jpg,composite,19.438112,19.436693,0.0014190674,7.300438e-05,0.0073004384
372,n04118776_19742_ruler.jpg,z_plus,31.006552,31.006428,0.00012397766,3.9984343e-06,0.00039984344
372,n04118776_19742_ruler.jpg,epsilon,31.006552,-1.23656025e+17,1.23656025e+17,3.9880613e+15,3.9880613e+17
372,n04118776_19742_ruler.jpg,alpha_beta,31.006552,30.91648,0.09007263,0.0029049548,0.29049549
372,n04118776_19742_ruler.jpg,composite,31.006552,30.916105,0.09044647,0.0029170117,0.29170117
373,n02510455_12383_giant_panda.jpg,z_plus,8.148071,8.148068,2.861023e-06,3.5112885e-07,3.5112884e-05
373,n02510455_12383_giant_panda.jpg,epsilon,8.148071,2.2485563e+16,2.2485563e+16,2.7596177e+15,2.7596177e+17
373,n02510455_12383_giant_panda.jpg,alpha_beta,8.148071,8.145262,0.0028095245,0.00034480853,0.034480855
373,n02510455_12383_giant_panda.jpg,composite,8.148071,8.145235,0.0028362274,0.00034808574,0.034808572
374,n03124170_8316_hat_with_a_wide_brim.jpg,z_plus,12.873624,12.873619,4.7683716e-06,3.7039854e-07,3.7039856e-05
374,n03124170_8316_hat_with_a_wide_brim.jpg,epsilon,12.873624,-2.6604663e+17,2.6604663e+17,2.0666025e+16,2.0666025e+18
374,n03124170_8316_hat_with_a_wide_brim.jpg,alpha_beta,12.873624,12.872618,0.0010061264,7.8154095e-05,0.007815409
374,n03124170_8316_hat_with_a_wide_brim.jpg,composite,12.873624,12.872618,0.0010061264,7.8154095e-05,0.007815409
375,n02165456_4435_ladybug.jpg,z_plus,11.310671,11.310669,1.9073486e-06,1.6863267e-07,1.6863267e-05
375,n02165456_4435_ladybug.jpg,epsilon,11.310671,-4.0159112e+16,4.0159112e+16,3.550551e+15,3.550551e+17
375,n02165456_4435_ladybug.jpg,alpha_beta,11.310671,11.304791,0.005879402,0.0005198102,0.051981017
375,n02165456_4435_ladybug.jpg,composite,11.310671,11.304792,0.0058784485,0.0005197259,0.05197259
376,n03761084_45823_microwave.jpg,z_plus,10.648229,10.648223,5.722046e-06,5.373707e-07,5.373707e-05
376,n03761084_45823_microwave.jpg,epsilon,10.648229,7.59845e+15,7.59845e+15,7.1358815e+14,7.1358816e+16
376,n03761084_45823_microwave.jpg,alpha_beta,10.648229,10.629433,0.018795967,0.0017651732,0.17651732
376,n03761084_45823_microwave.jpg,composite,10.648229,10.629429,0.018799782,0.0017655314,0.17655313
377,n04530566_23960_watercraft.jpg,z_plus,15.273496,15.273489,6.67572e-06,4.3707874e-07,4.3707874e-05
377,n04530566_23960_watercraft.jpg,epsilon,15.273496,-3.371629e+17,3.371629e+17,2.2075032e+16,2.2075032e+18
377,n04530566_23960_watercraft.jpg,alpha_beta,15.273496,15.273318,0.00017738342,1.1613806e-05,0.0011613807
377,n04530566_23960_watercraft.jpg,composite,15.273496,15.273317,0.0001783371,1.1676247e-05,0.0011676247
378,n03770439_6006_miniskirt.jpg,z_plus,13.899299,13.899294,4.7683716e-06,3.4306564e-07,3.4306562e-05
378,n03770439_6006_miniskirt.jpg,epsilon,13.899299,2.275594e+15,2.275594e+15,1.6372006e+14,1.6372006e+16
378,n03770439_6006_miniskirt.jpg,alpha_beta,13.899299,13.898557,0.0007419586,5.3381013e-05,0.005338101
378,n03770439_6006_miniskirt.jpg,composite,13.899299,13.898554,0.00074481964,5.358685e-05,0.005358685
379,n03797390_4473_cup_or_mug.jpg,z_plus,11.753905,11.753901,4.7683716e-06,4.0568403e-07,4.0568404e-05
379,n03797390_4473_cup_or_mug.jpg,epsilon,11.753905,1.738086e+17,1.738086e+17,1.4787306e+16,1.4787306e+18
379,n03797390_4473_cup_or_mug.jpg,alpha_beta,11.753905,11.762762,0.008856773,0.0007535175,0.07535175
379,n03797390_4473_cup_or_mug.jpg,composite,11.753905,11.762766,0.008860588,0.00075384206,0.07538421
380,n01770393_10111_scorpion.jpg,z_plus,11.814453,11.81444,1.335144e-05,1.1300938e-06,0.00011300938
380,n01770393_10111_scorpion.jpg,epsilon,11.814453,1.1222495e+17,1.1222495e+17,9.498955e+15,9.4989545e+17
380,n01770393_10111_scorpion.jpg,alpha_beta,11.814453,11.796871,0.01758194,0.0014881721,0.14881721
380,n01770393_10111_scorpion.jpg,composite,11.814453,11.796873,0.017580032,0.0014880106,0.14880106
381,n02062744_332_whale.jpg,z_plus,10.0214615,10.021458,3.8146973e-06,3.8065278e-07,3.806528e-05
381,n02062744_332_whale.jpg,epsilon,10.0214615,7.454689e+14,7.454689e+14,7.438724e+13,7.438724e+15
381,n02062744_332_whale.jpg,alpha_beta,10.0214615,10.00679,0.014671326,0.0014639907,0.14639907
381,n02062744_332_whale.jpg,composite,10.0214615,10.006791,0.014670372,0.0014638954,0.14638954
382,n07749582_6832_lemon.jpg,z_plus,8.856952,8.856948,3.8146973e-06,4.307009e-07,4.307009e-05
382,n07749582_6832_lemon.jpg,epsilon,8.856952,1.6175507e+17,1.6175507e+17,1.8263062e+16,1.8263063e+18
382,n07749582_6832_lemon.jpg,alpha_beta,8.856952,8.855298,0.0016536713,0.00018670884,0.018670885
382,n07749582_6832_lemon.jpg,composite,8.856952,8.855303,0.0016489029,0.00018617048,0.018617049
383,n04517823_16473_vacuum.jpg,z_plus,19.00319,19.003181,7.6293945e-06,4.014797e-07,4.014797e-05
383,n04517823_16473_vacuum.jpg,epsilon,19.00319,-1.7647162e+15,1.7647162e+15,9.2864214e+13,9.286422e+15
383,n04517823_16473_vacuum.jpg,alpha_beta,19.00319,18.976658,0.02653122,0.0013961457,0.13961457
383,n04517823_16473_vacuum.jpg,composite,19.00319,18.97666,0.026529312,0.0013960453,0.13960454
384,n03759954_19823_microphone.jpg,z_plus,12.977288,12.977282,6.67572e-06,5.1441566e-07,5.1441566e-05
384,n03759954_19823_microphone.jpg,epsilon,12.977288,-7.982248e+15,7.982248e+15,6.150937e+14,6.150937e+16
384,n03759954_19823_microphone.jpg,alpha_beta,12.977288,12.977076,0.00021266937,1.6387812e-05,0.0016387812
384,n03759954_19823_microphone.jpg,composite,12.977288,12.977079,0.00020885468,1.6093862e-05,0.0016093862
385,n03535780_15497_horizontal_bar.jpg,z_plus,17.693556,17.69355,5.722046e-06,3.2339716e-07,3.2339714e-05
385,n03535780_15497_horizontal_bar.jpg,epsilon,17.693556,-2.6361822e+16,2.6361822e+16,1.4899109e+15,1.489911e+17
385,n03535780_15497_horizontal_bar.jpg,alpha_beta,17.693556,17.689291,0.0042648315,0.0002410387,0.024103869
385,n03535780_15497_horizontal_bar.jpg,composite,17.693556,17.689299,0.004257202,0.0002406075,0.024060749
386,n04554684_16469_washer.jpg,z_plus,12.306367,12.306351,1.6212463e-05,1.3174046e-06,0.00013174045
386,n04554684_16469_washer.jpg,epsilon,12.306367,-8.998403e+15,8.998403e+15,7.31199e+14,7.31199e+16
386,n04554684_16469_washer.jpg,alpha_beta,12.306367,12.270697,0.03567028,0.0028985224,0.28985223
386,n04554684_16469_washer.jpg,composite,12.306367,12.270703,0.035663605,0.00289798,0.289798
387,n02769748_3207_backpack.jpg,z_plus,8.780321,8.780316,4.7683716e-06,5.4307486e-07,5.4307486e-05
387,n02769748_3207_backpack.jpg,epsilon,8.780321,9.146906e+14,9.146906e+14,1.0417507e+14,1.0417507e+16
387,n02769748_3207_backpack.jpg,alpha_beta,8.780321,8.780779,0.00045776367,5.2135187e-05,0.0052135186
387,n02769748_3207_backpack.jpg,composite,8.780321,8.780783,0.00046157837,5.2569645e-05,0.0052569644
388,n02437136_4411_camel.jpg,z_plus,10.988828,10.988818,9.536743e-06,8.678581e-07,8.678581e-05
388,n02437136_4411_camel.jpg,epsilon,10.988828,9.164842e+16,9.164842e+16,8.340145e+15,8.3401455e+17
388,n02437136_4411_camel.jpg,alpha_beta,10.988828,10.982885,0.0059423447,0.0005407624,0.05407624
388,n02437136_4411_camel.jpg,composite,10.988828,10.982887,0.0059404373,0.0005405888,0.05405888
389,n03928116_17073_piano.jpg,z_plus,8.591756,8.591754,1.9073486e-06,2.2199754e-07,2.2199754e-05
389,n03928116_17073_piano.jpg,epsilon,8.591756,1.8993239e+16,1.8993239e+16,2.2106352e+15,2.2106353e+17
389,n03928116_17073_piano.jpg,alpha_beta,8.591756,8.592417,0.0006608963,7.6922144e-05,0.0076922146
389,n03928116_17073_piano.jpg,composite,8.591756,8.592404,0.00064849854,7.547916e-05,0.0075479164
390,n02510455_9574_giant_panda.jpg,z_plus,12.884244,12.8842125,3.1471252e-05,2.4426154e-06,0.00024426152
390,n02510455_9574_giant_panda.jpg,epsilon,12.884244,9.216897e+15,9.216897e+15,7.1536183e+14,7.1536185e+16
390,n02510455_9574_giant_panda.jpg,alpha_beta,12.884244,12.838634,0.045610428,0.0035400158,0.35400158
390,n02510455_9574_giant_panda.jpg,composite,12.884244,12.838604,0.04563999,0.0035423103,0.35423103
391,n04591157_4545_tie.jpg,z_plus,12.369642,12.3696375,4.7683716e-06,3.8548984e-07,3.8548984e-05
391,n04591157_4545_tie.jpg,epsilon,12.369642,3.613009e+16,3.613009e+16,2.9208677e+15,2.9208678e+17
391,n04591157_4545_tie.jpg,alpha_beta,12.369642,12.355644,0.013998032,0.001131644,0.1131644
391,n04591157_4545_tie.jpg,composite,12.369642,12.355642,0.013999939,0.0011317983,0.113179825
392,n04536866_9751_violin.jpg,z_plus,15.739299,15.7392845,1.4305115e-05,9.088788e-07,9.088788e-05
392,n04536866_9751_violin.jpg,epsilon,15.739299,-8.050019e+16,8.050019e+16,5.1145985e+15,5.1145986e+17
392,n04536866_9751_violin.jpg,alpha_beta,15.739299,15.71109,0.028208733,0.0017922483,0.17922483
392,n04536866_9751_violin.jpg,composite,15.739299,15.711053,0.028245926,0.0017946115,0.17946115
393,n02219486_8874_ant.jpg,z_plus,17.16108,17.161072,7.6293945e-06,4.4457545e-07,4.4457545e-05
393,n02219486_8874_ant.jpg,epsilon,17.16108,7.859584e+15,7.859584e+15,4.579889e+14,4.579889e+16
393,n02219486_8874_ant.jpg,alpha_beta,17.16108,17.132479,0.028600693,0.0016666022,0.16666022
393,n02219486_8874_ant.jpg,composite,17.16108,17.132463,0.028615952,0.0016674914,0.16674913
394,n02828884_6930_bench.jpg,z_plus,18.505768,18.50576,7.6293945e-06,4.1227116e-07,4.1227115e-05
394,n02828884_6930_bench.jpg,epsilon,18.505768,-7.220163e+16,7.220163e+16,3.9015743e+15,3.9015744e+17
394,n02828884_6930_bench.jpg,alpha_beta,18.505768,18.483694,0.022073746,0.0011928036,0.11928036
394,n02828884_6930_bench.jpg,composite,18.505768,18.48371,0.022058487,0.001191979,0.119197905
395,n03314780_8148_face_powder.jpg,z_plus,21.473755,21.473745,9.536743e-06,4.4411158e-07,4.4411157e-05
395,n03314780_8148_face_powder.jpg,epsilon,21.473755,-1.7010819e+16,1.7010819e+16,7.921679e+14,7.921679e+16
395,n03314780_8148_face_powder.jpg,alpha_beta,21.473755,21.449718,0.024036407,0.0011193388,0.11193388
395,n03314780_8148_face_powder.jpg,composite,21.473755,21.44961,0.024145126,0.0011244017,0.11244017
396,n07739125_3030_apple.jpg,z_plus,15.132481,15.132465,1.5258789e-05,1.0083469e-06,0.00010083469
396,n07739125_3030_apple.jpg,epsilon,15.132481,-2.58913e+16,2.58913e+16,1.7109753e+15,1.7109753e+17
396,n07739125_3030_apple.jpg,alpha_beta,15.132481,15.124945,0.0075359344,0.0004979973,0.049799725
396,n07739125_3030_apple.jpg,composite,15.132481,15.1251545,0.007326126,0.00048413253,0.048413254
397,n01982650_8985_lobster.jpg,z_plus,13.537016,13.53701,5.722046e-06,4.2269625e-07,4.2269625e-05
397,n01982650_8985_lobster.jpg,epsilon,13.537016,2.6583222e+17,2.6583222e+17,1.9637432e+16,1.9637432e+18
397,n01982650_8985_lobster.jpg,alpha_beta,13.537016,13.535377,0.0016393661,0.00012110248,0.012110248
397,n01982650_8985_lobster.jpg,composite,13.537016,13.535379,0.0016365051,0.00012089113,0.012089113
398,n01443537_5048_goldfish.jpg,z_plus,11.935148,11.935144,3.8146973e-06,3.1961875e-07,3.1961874e-05
398,n01443537_5048_goldfish.jpg,epsilon,11.935148,1.9491249e+15,1.9491249e+15,1.6330966e+14,1.6330966e+16
398,n01443537_5048_goldfish.jpg,alpha_beta,11.935148,11.922736,0.012412071,0.0010399595,0.10399595
398,n01443537_5048_goldfish.jpg,composite,11.935148,11.922735,0.012413025,0.0010400395,0.10400394
399,n04536866_19280_violin.jpg,z_plus,20.789892,20.789883,9.536743e-06,4.587202e-07,4.587202e-05
399,n04536866_19280_violin.jpg,epsilon,20.789892,4.1146501e+18,4.1146501e+18,1.9791589e+17,1.979159e+19
399,n04536866_19280_violin.jpg,alpha_beta,20.789892,20.764566,0.025325775,0.0012181773,0.12181772
399,n04536866_19280_violin.jpg,composite,20.789892,20.764597,0.025295258,0.0012167094,0.12167094
400,n03759954_16247_microphone.jpg,z_plus,13.172125,13.17207,5.531311e-05,4.199255e-06,0.0004199255
400,n03759954_16247_microphone.jpg,epsilon,13.172125,-1.0404129e+15,1.0404129e+15,7.898596e+13,7.8985957e+15
400,n03759954_16247_microphone.jpg,alpha_beta,13.172125,13.118272,0.053853035,0.0040884092,0.40884092
400,n03759954_16247_microphone.jpg,composite,13.172125,13.118206,0.05391884,0.004093405,0.4093405
401,n02121808_25532_domestic_cat.jpg,z_plus,22.080944,22.080933,1.1444092e-05,5.182791e-07,5.182791e-05
401,n02121808_25532_domestic_cat.jpg,epsilon,22.080944,4.5125125e+16,4.5125125e+16,2.043623e+15,2.0436231e+17
401,n02121808_25532_domestic_cat.jpg,alpha_beta,22.080944,22.022587,0.05835724,0.0026428779,0.2642878
401,n02121808_25532_domestic_cat.jpg,composite,22.080944,22.022505,0.058439255,0.0026465922,0.26465923
402,n01990800_353_isopod.jpg,z_plus,16.835228,16.835218,9.536743e-06,5.664754e-07,5.6647543e-05
402,n01990800_353_isopod.jpg,epsilon,16.835228,-5.132328e+16,5.132328e+16,3.0485646e+15,3.0485647e+17
402,n01990800_353_isopod.jpg,alpha_beta,16.835228,16.800056,0.03517151,0.0020891614,0.20891614
402,n01990800_353_isopod.jpg,composite,16.835228,16.80001,0.035217285,0.0020918804,0.20918804
403,n03636649_17304_lamp.jpg,z_plus,12.799577,12.799558,1.9073486e-05,1.4901653e-06,0.00014901653
403,n03636649_17304_lamp.jpg,epsilon,12.799577,2.3517839e+17,2.3517839e+17,1.837392e+16,1.837392e+18
403,n03636649_17304_lamp.jpg,alpha_beta,12.799577,12.772138,0.027439117,0.0021437518,0.21437518
403,n03636649_17304_lamp.jpg,composite,12.799577,12.772069,0.027507782,0.0021491165,0.21491165
404,n03961711_5567_plate_rack.jpg,z_plus,13.827148,13.827143,5.722046e-06,4.1382688e-07,4.138269e-05
404,n03961711_5567_plate_rack.jpg,epsilon,13.827148,-4.318449e+18,4.318449e+18,3.123167e+17,3.123167e+19
404,n03961711_5567_plate_rack.jpg,alpha_beta,13.827148,13.817255,0.009893417,0.0007155067,0.071550675
404,n03961711_5567_plate_rack.jpg,composite,13.827148,13.817245,0.009903908,0.0007162654,0.071626544
405,n03483316_5201_hair_dryer.jpg,z_plus,20.329014,20.329006,7.6293945e-06,3.7529585e-07,3.7529586e-05
405,n03483316_5201_hair_dryer.jpg,epsilon,20.329014,-8.8534875e+16,8.8534875e+16,4.3550993e+15,4.3550992e+17
405,n03483316_5201_hair_dryer.jpg,alpha_beta,20.329014,20.30862,0.020393372,0.0010031658,0.100316584
405,n03483316_5201_hair_dryer.jpg,composite,20.329014,20.308561,0.0204525,0.0010060744,0.10060744
406,n03838899_27257_oboe.jpg,z_plus,32.366417,32.3664,1.5258789e-05,4.7143894e-07,4.7143894e-05
406,n03838899_27257_oboe.jpg,epsilon,32.366417,2.849247e+15,2.849247e+15,8.803097e+13,8.8030965e+15
406,n03838899_27257_oboe.jpg,alpha_beta,32.366417,32.36895,0.002532959,7.825886e-05,0.007825886
406,n03838899_27257_oboe.jpg,composite,32.366417,32.3687,0.002281189,7.048012e-05,0.007048012
407,n04116512_19943_rubber_eraser.jpg,z_plus,26.619081,26.619072,9.536743e-06,3.582672e-07,3.5826717e-05
407,n04116512_19943_rubber_eraser.jpg,epsilon,26.619081,1.5123782e+15,1.5123782e+15,5.681557e+13,5.6815567e+15
407,n04116512_19943_rubber_eraser.jpg,alpha_beta,26.619081,26.622055,0.0029735565,0.000111707704,0.01117077
407,n04116512_19943_rubber_eraser.jpg,composite,26.619081,26.622082,0.0030002594,0.000112710855,0.011271086
408,n02958343_46237_car.jpg,z_plus,25.29,25.289991,9.536743e-06,3.770954e-07,3.7709542e-05
408,n02958343_46237_car.jpg,epsilon,25.29,4.4180576e+16,4.4180576e+16,1.7469582e+15,1.7469582e+17
408,n02958343_46237_car.jpg,alpha_beta,25.29,25.223557,0.0664444,0.0026272992,0.2627299
408,n02958343_46237_car.jpg,composite,25.29,25.22333,0.06667137,0.002636274,0.2636274
409,n03908618_16597_pencil_box.jpg,z_plus,12.475338,12.475316,2.193451e-05,1.7582297e-06,0.00017582296
409,n03908618_16597_pencil_box.jpg,epsilon,12.475338,-3.7886862e+17,3.7886862e+17,3.0369407e+16,3.0369407e+18
409,n03908618_16597_pencil_box.jpg,alpha_beta,12.475338,12.474373,0.0009651184,7.736211e-05,0.0077362107
409,n03908618_16597_pencil_box.jpg,composite,12.475338,12.474385,0.00095272064,7.636832e-05,0.007636832
410,n04591713_6743_wine_bottle.jpg,z_plus,13.508406,13.5084,5.722046e-06,4.235915e-07,4.2359152e-05
410,n04591713_6743_wine_bottle.jpg,epsilon,13.508406,3.0187126e+16,3.0187126e+16,2.234692e+15,2.2346921e+17
410,n04591713_6743_wine_bottle.jpg,alpha_beta,13.508406,13.4997635,0.008642197,0.00063976436,0.06397644
410,n04591713_6743_wine_bottle.jpg,composite,13.508406,13.4997635,0.008642197,0.00063976436,0.06397644
411,n03001627_5399_chair.jpg,z_plus,20.408058,20.408052,5.722046e-06,2.803817e-07,2.803817e-05
411,n03001627_5399_chair.jpg,epsilon,20.408058,-9.79481e+15,9.79481e+15,4.7994817e+14,4.7994816e+16
411,n03001627_5399_chair.jpg,alpha_beta,20.408058,20.441963,0.03390503,0.001661355,0.1661355
411,n03001627_5399_chair.jpg,composite,20.408058,20.441631,0.03357315,0.0016450929,0.16450928
412,n02802426_12131_basketball.jpg,z_plus,20.19633,20.196321,7.6293945e-06,3.7776144e-07,3.7776143e-05
412,n02802426_12131_basketball.jpg,epsilon,20.19633,1.6128736e+16,1.6128736e+16,7.985974e+14,7.985975e+16
412,n02802426_12131_basketball.jpg,alpha_beta,20.19633,20.176643,0.019685745,0.000974719,0.0974719
412,n02802426_12131_basketball.jpg,composite,20.19633,20.176907,0.019422531,0.0009616862,0.09616862
413,n03908714_5365_pencil_sharpener.jpg,z_plus,10.43551,10.435507,2.861023e-06,2.7416226e-07,2.7416227e-05
413,n03908714_5365_pencil_sharpener.jpg,epsilon,10.43551,3.3713775e+16,3.3713775e+16,3.2306784e+15,3.2306785e+17
413,n03908714_5365_pencil_sharpener.jpg,alpha_beta,10.43551,10.433361,0.0021486282,0.00020589586,0.020589586
413,n03908714_5365_pencil_sharpener.jpg,composite,10.43551,10.433365,0.0021448135,0.0002055303,0.02055303
414,n04228054_19874_ski.jpg,z_plus,18.082909,18.082897,1.1444092e-05,6.3286785e-07,6.328679e-05
414,n04228054_19874_ski.jpg,epsilon,18.082909,8.064918e+15,8.064918e+15,4.4599672e+14,4.459967e+16
414,n04228054_19874_ski.jpg,alpha_beta,18.082909,18.08283,7.8201294e-05,4.3245973e-06,0.00043245972
414,n04228054_19874_ski.jpg,composite,18.082909,18.08283,7.8201294e-05,4.3245973e-06,0.00043245972
415,n03642806_23679_laptop.jpg,z_plus,10.243965,10.243959,5.722046e-06,5.5857726e-07,5.5857727e-05
415,n03642806_23679_laptop.jpg,epsilon,10.243965,4.4424943e+16,4.4424943e+16,4.336694e+15,4.336694e+17
415,n03642806_23679_laptop.jpg,alpha_beta,10.243965,10.243951,1.4305115e-05,1.3964432e-06,0.00013964431
415,n03642806_23679_laptop.jpg,composite,10.243965,10.243951,1.4305115e-05,1.3964432e-06,0.00013964431
416,n02828884_9371_bench.jpg,z_plus,12.104586,12.104582,3.8146973e-06,3.151448e-07,3.151448e-05
416,n02828884_9371_bench.jpg,epsilon,12.104586,-1.2354937e+16,1.2354937e+16,1.0206824e+15,1.0206824e+17
416,n02828884_9371_bench.jpg,alpha_beta,12.104586,12.094038,0.010547638,0.0008713754,0.087137535
416,n02828884_9371_bench.jpg,composite,12.104586,12.094039,0.010546684,0.0008712966,0.08712966
417,n04409515_2270_tennis_ball.jpg,z_plus,15.139967,15.139896,7.05719e-05,4.661298e-06,0.0004661298
417,n04409515_2270_tennis_ball.jpg,epsilon,15.139967,-8.268074e+15,8.268074e+15,5.4610912e+14,5.4610913e+16
417,n04409515_2270_tennis_ball.jpg,alpha_beta,15.139967,15.096536,0.043431282,0.002868651,0.2868651
417,n04409515_2270_tennis_ball.jpg,composite,15.139967,15.096467,0.043499947,0.0028731863,0.28731862
418,n01443537_4691_goldfish.jpg,z_plus,11.537426,11.537382,4.386902e-05,3.802323e-06,0.0003802323
418,n01443537_4691_goldfish.jpg,epsilon,11.537426,-1.3049691e+16,1.3049691e+16,1.1310748e+15,1.1310748e+17
418,n01443537_4691_goldfish.jpg,alpha_beta,11.537426,11.504845,0.03258133,0.0028239687,0.28239685
418,n01443537_4691_goldfish.jpg,composite,11.537426,11.504841,0.032585144,0.0028242993,0.28242993
419,n07753113_31494_fig.jpg,z_plus,17.95316,17.953156,3.8146973e-06,2.1248056e-07,2.1248055e-05
419,n07753113_31494_fig.jpg,epsilon,17.95316,-1.0970205e+16,1.0970205e+16,6.1104594e+14,6.1104594e+16
419,n07753113_31494_fig.jpg,alpha_beta,17.95316,17.94571,0.0074501038,0.00041497452,0.041497454
419,n07753113_31494_fig.jpg,composite,17.95316,17.945602,0.0075569153,0.00042092399,0.042092398
420,n02828884_603_bench.jpg,z_plus,20.651533,20.651524,9.536743e-06,4.6179346e-07,4.6179346e-05
420,n02828884_603_bench.jpg,epsilon,20.651533,1.1799959e+16,1.1799959e+16,5.713841e+14,5.713841e+16
420,n02828884_603_bench.jpg,alpha_beta,20.651533,20.628933,0.022600174,0.0010943582,0.10943582
420,n02828884_603_bench.jpg,composite,20.651533,20.628899,0.022634506,0.0010960206,0.10960206
421,n02129165_16177_lion.jpg,z_plus,12.890631,12.890627,3.8146973e-06,2.959279e-07,2.959279e-05
421,n02129165_16177_lion.jpg,epsilon,12.890631,-1.8201302e+17,1.8201302e+17,1.4119792e+16,1.4119792e+18
421,n02129165_16177_lion.jpg,alpha_beta,12.890631,12.88889,0.0017404556,0.00013501711,0.013501711
421,n02129165_16177_lion.jpg,composite,12.890631,12.888888,0.001742363,0.00013516507,0.013516507
422,n02268443_40549_dragonfly.jpg,z_plus,18.44865,18.448639,1.1444092e-05,6.203214e-07,6.203214e-05
422,n02268443_40549_dragonfly.jpg,epsilon,18.44865,8.00417e+15,8.00417e+15,4.338621e+14,4.338621e+16
422,n02268443_40549_dragonfly.jpg,alpha_beta,18.44865,18.448982,0.00033187866,1.798932e-05,0.001798932
422,n02268443_40549_dragonfly.jpg,composite,18.44865,18.44899,0.00033950806,1.8402867e-05,0.0018402867
423,n07720875_3114_bell_pepper.jpg,z_plus,9.656469,9.6564665,2.861023e-06,2.9628043e-07,2.9628043e-05
423,n07720875_3114_bell_pepper.jpg,epsilon,9.656469,7.841937e+16,7.841937e+16,8.120915e+15,8.120915e+17
423,n07720875_3114_bell_pepper.jpg,alpha_beta,9.656469,9.656282,0.00018692017,1.9356989e-05,0.0019356989
423,n07720875_3114_bell_pepper.jpg,composite,9.656469,9.656281,0.00018787384,1.9455749e-05,0.0019455749
424,n02131653_4506_bear.jpg,z_plus,27.725494,27.72548,1.5258789e-05,5.503523e-07,5.503523e-05
424,n02131653_4506_bear.jpg,epsilon,27.725494,3.99612e+16,3.99612e+16,1.441316e+15,1.441316e+17
424,n02131653_4506_bear.jpg,alpha_beta,27.725494,27.723225,0.0022697449,8.18649e-05,0.00818649
424,n02131653_4506_bear.jpg,composite,27.725494,27.723219,0.002275467,8.207128e-05,0.008207128
425,n02129165_6654_lion.jpg,z_plus,17.345583,17.345558,2.4795532e-05,1.4295013e-06,0.00014295013
425,n02129165_6654_lion.jpg,epsilon,17.345583,-3.2598575e+17,3.2598575e+17,1.879359e+16,1.879359e+18
425,n02129165_6654_lion.jpg,alpha_beta,17.345583,17.345034,0.0005493164,3.166895e-05,0.0031668951
425,n02129165_6654_lion.jpg,composite,17.345583,17.345057,0.0005264282,3.034941e-05,0.0030349412
426,n04409515_1508_tennis_ball.jpg,z_plus,15.299599,15.299589,9.536743e-06,6.233329e-07,6.233329e-05
426,n04409515_1508_tennis_ball.jpg,epsilon,15.299599,2.62004e+16,2.62004e+16,1.7124894e+15,1.7124894e+17
426,n04409515_1508_tennis_ball.jpg,alpha_beta,15.299599,15.283662,0.015936852,0.0010416516,0.10416516
426,n04409515_1508_tennis_ball.jpg,composite,15.299599,15.283663,0.015935898,0.0010415893,0.10415893
427,n07739125_8731_apple.jpg,z_plus,21.483465,21.483456,9.536743e-06,4.4391084e-07,4.4391083e-05
427,n07739125_8731_apple.jpg,epsilon,21.483465,-8.5926834e+14,8.5926834e+14,3.9996728e+13,3.9996727e+15
427,n07739125_8731_apple.jpg,alpha_beta,21.483465,21.44369,0.03977585,0.0018514633,0.18514633
427,n07739125_8731_apple.jpg,composite,21.483465,21.443703,0.039762497,0.0018508419,0.1850842
428,n02786058_8556_band_aid.jpg,z_plus,19.068523,19.068504,1.9073486e-05,1.0002602e-06,0.00010002602
428,n02786058_8556_band_aid.jpg,epsilon,19.068523,1.6687096e+17,1.6687096e+17,8.751121e+15,8.751121e+17
428,n02786058_8556_band_aid.jpg,alpha_beta,19.068523,19.055216,0.013307571,0.00069788157,0.06978816
428,n02786058_8556_band_aid.jpg,composite,19.068523,19.055218,0.013305664,0.00069778156,0.06977816
429,n02799071_7869_baseball.jpg,z_plus,12.222701,12.222699,1.9073486e-06,1.5604968e-07,1.5604968e-05
429,n02799071_7869_baseball.jpg,epsilon,12.222701,2.6742081e+17,2.6742081e+17,2.1879027e+16,2.1879028e+18
429,n02799071_7869_baseball.jpg,alpha_beta,12.222701,12.230172,0.0074710846,0.0006112466,0.061124664
429,n02799071_7869_baseball.jpg,composite,12.222701,12.230175,0.0074739456,0.0006114807,0.061148066
430,n02445715_10727_skunk.jpg,z_plus,19.065931,19.065922,9.536743e-06,5.0019815e-07,5.0019815e-05
430,n02445715_10727_skunk.jpg,epsilon,19.065931,-1.2128933e+17,1.2128933e+17,6.3615735e+15,6.3615736e+17
430,n02445715_10727_skunk.jpg,alpha_beta,19.065931,19.010765,0.055166245,0.002893446,0.2893446
430,n02445715_10727_skunk.jpg,composite,19.065931,19.010754,0.05517769,0.0028940463,0.28940463
431,n02951585_1789_can_opener.jpg,z_plus,15.649236,15.649227,8.583069e-06,5.4846566e-07,5.4846565e-05
431,n02951585_1789_can_opener.jpg,epsilon,15.649236,6.7077167e+15,6.7077167e+15,4.2862905e+14,4.2862906e+16
431,n02951585_1789_can_opener.jpg,alpha_beta,15.649236,15.648996,0.00023937225,1.5296098e-05,0.0015296098
431,n02951585_1789_can_opener.jpg,composite,15.649236,15.649011,0.00022506714,1.4381989e-05,0.0014381988
432,n02437136_3810_camel.jpg,z_plus,11.221995,11.221992,3.8146973e-06,3.3993038e-07,3.3993038e-05
432,n02437136_3810_camel.jpg,epsilon,11.221995,8.1659354e+14,8.1659354e+14,7.276723e+13,7.276723e+15
432,n02437136_3810_camel.jpg,alpha_beta,11.221995,11.230798,0.008802414,0.0007843894,0.07843894
432,n02437136_3810_camel.jpg,composite,11.221995,11.2308,0.008804321,0.00078455935,0.07845593
433,n03790512_8658_motorcycle.jpg,z_plus,21.935225,21.935213,1.1444092e-05,5.2172214e-07,5.2172214e-05
433,n03790512_8658_motorcycle.jpg,epsilon,21.935225,-1.6558865e+17,1.6558865e+17,7.548984e+15,7.5489836e+17
433,n03790512_8658_motorcycle.jpg,alpha_beta,21.935225,21.914814,0.020410538,0.00093049137,0.09304914
433,n03790512_8658_motorcycle.jpg,composite,21.935225,21.914803,0.020421982,0.00093101314,0.093101315
434,n07753275_24866_pineapple.jpg,z_plus,13.135681,13.135681,0.0,0.0,0.0
434,n07753275_24866_pineapple.jpg,epsilon,13.135681,2.7895297e+15,2.7895297e+15,2.1236278e+14,2.1236277e+16
434,n07753275_24866_pineapple.jpg,alpha_beta,13.135681,13.128183,0.0074977875,0.0005707955,0.05707955
434,n07753275_24866_pineapple.jpg,composite,13.135681,13.128181,0.007499695,0.00057094067,0.057094067
435,n04317175_9155_stethoscope.jpg,z_plus,15.250707,15.250704,2.861023e-06,1.8759937e-07,1.8759936e-05
435,n04317175_9155_stethoscope.jpg,epsilon,15.250707,-5.736042e+16,5.736042e+16,3.761165e+15,3.7611647e+17
435,n04317175_9155_stethoscope.jpg,alpha_beta,15.250707,15.23333,0.0173769,0.001139416,0.1139416
435,n04317175_9155_stethoscope.jpg,composite,15.250707,15.233318,0.017388344,0.0011401664,0.114016645
436,n04409515_22090_tennis_ball.jpg,z_plus,18.083433,18.083418,1.5258789e-05,8.4379934e-07,8.4379935e-05
436,n04409515_22090_tennis_ball.jpg,epsilon,18.083433,4.0978455e+15,4.0978455e+15,2.2660771e+14,2.2660771e+16
436,n04409515_22090_tennis_ball.jpg,alpha_beta,18.083433,18.083118,0.00031471252,1.7403361e-05,0.0017403361
436,n04409515_22090_tennis_ball.jpg,composite,18.083433,18.083117,0.00031661987,1.7508837e-05,0.0017508838
437,n01784675_2573_centipede.jpg,z_plus,19.930092,19.930082,9.536743e-06,4.785097e-07,4.7850972e-05
437,n01784675_2573_centipede.jpg,epsilon,19.930092,-2.2026482e+16,2.2026482e+16,1.10518716e+15,1.1051872e+17
437,n01784675_2573_centipede.jpg,alpha_beta,19.930092,19.917397,0.0126953125,0.00063699216,0.063699216
437,n01784675_2573_centipede.jpg,composite,19.930092,19.917614,0.012477875,0.0006260821,0.06260821
438,n07734744_5655_mushroom.jpg,z_plus,23.413952,23.41394,1.1444092e-05,4.8877234e-07,4.8877235e-05
438,n07734744_5655_mushroom.jpg,epsilon,23.413952,-6.0013544e+16,6.0013544e+16,2.563153e+15,2.563153e+17
438,n07734744_5655_mushroom.jpg,alpha_beta,23.413952,23.413946,5.722046e-06,2.4438617e-07,2.4438617e-05
438,n07734744_5655_mushroom.jpg,composite,23.413952,23.413944,7.6293945e-06,3.2584822e-07,3.2584823e-05
439,n03950228_18009_pitcher.jpg,z_plus,9.534661,9.5346575,3.8146973e-06,4.0008734e-07,4.0008734e-05
439,n03950228_18009_pitcher.jpg,epsilon,9.534661,-1.5235452e+15,1.5235452e+15,1.5979016e+14,1.5979017e+16
439,n03950228_18009_pitcher.jpg,alpha_beta,9.534661,9.519421,0.015240669,0.001598449,0.15984489
439,n03950228_18009_pitcher.jpg,composite,9.534661,9.5194235,0.015237808,0.0015981488,0.15981488
440,n02787622_7140_banjo.jpg,z_plus,22.750626,22.750616,9.536743e-06,4.1918597e-07,4.1918596e-05
440,n02787622_7140_banjo.jpg,epsilon,22.750626,-6.0215854e+16,6.0215854e+16,2.646778e+15,2.6467779e+17
440,n02787622_7140_banjo.jpg,alpha_beta,22.750626,22.742764,0.007862091,0.0003455769,0.03455769
440,n02787622_7140_banjo.jpg,composite,22.750626,22.74277,0.007856369,0.00034532542,0.034532543
441,n01776313_12698_tick.jpg,z_plus,13.315668,13.31566,7.6293945e-06,5.729637e-07,5.729637e-05
441,n01776313_12698_tick.jpg,epsilon,13.315668,-1.2114048e+17,1.2114048e+17,9.097589e+15,9.097589e+17
441,n01776313_12698_tick.jpg,alpha_beta,13.315668,13.307149,0.008519173,0.0006397856,0.06397856
441,n01776313_12698_tick.jpg,composite,13.315668,13.307148,0.008520126,0.0006398572,0.06398572
442,n04371430_4930_swimming_trunks.jpg,z_plus,10.988947,10.988941,5.722046e-06,5.207092e-07,5.2070918e-05
442,n04371430_4930_swimming_trunks.jpg,epsilon,10.988947,1.5228511e+16,1.5228511e+16,1.3858026e+15,1.3858026e+17
442,n04371430_4930_swimming_trunks.jpg,alpha_beta,10.988947,10.976958,0.01198864,0.0010909726,0.10909726
442,n04371430_4930_swimming_trunks.jpg,composite,10.988947,10.976952,0.011995316,0.00109158,0.109158
443,n02892767_14415_brassiere.jpg,z_plus,21.772802,21.772793,9.536743e-06,4.3801174e-07,4.3801174e-05
443,n02892767_14415_brassiere.jpg,epsilon,21.772802,-5.2331943e+15,5.2331943e+15,2.4035466e+14,2.4035466e+16
443,n02892767_14415_brassiere.jpg,alpha_beta,21.772802,21.772572,0.00023078918,1.0599884e-05,0.0010599884
443,n02892767_14415_brassiere.jpg,composite,21.772802,21.772577,0.00022506714,1.0337078e-05,0.0010337078
444,n02219486_28997_ant.jpg,z_plus,23.300625,23.300627,1.9073486e-06,8.185826e-08,8.185826e-06
444,n02219486_28997_ant.jpg,epsilon,23.300625,5.3667163e+16,5.3667163e+16,2.30325e+15,2.3032501e+17
444,n02219486_28997_ant.jpg,alpha_beta,23.300625,23.281137,0.019487381,0.00083634583,0.083634585
444,n02219486_28997_ant.jpg,composite,23.300625,23.281075,0.019550323,0.0008390472,0.08390472
445,n02769748_3362_backpack.jpg,z_plus,15.2573,15.257292,8.583069e-06,5.625549e-07,5.625549e-05
445,n02769748_3362_backpack.jpg,epsilon,15.2573,-3.4974365e+16,3.4974365e+16,2.2923038e+15,2.2923038e+17
445,n02769748_3362_backpack.jpg,alpha_beta,15.2573,15.245111,0.012188911,0.0007988904,0.079889044
445,n02769748_3362_backpack.jpg,composite,15.2573,15.245098,0.012202263,0.0007997655,0.07997655
446,n04332243_12293_strainer.jpg,z_plus,15.909809,15.909802,6.67572e-06,4.1959777e-07,4.1959778e-05
446,n04332243_12293_strainer.jpg,epsilon,15.909809,-1.0464087e+16,1.0464087e+16,6.577129e+14,6.577129e+16
446,n04332243_12293_strainer.jpg,alpha_beta,15.909809,15.926635,0.016825676,0.0010575661,0.10575661
446,n04332243_12293_strainer.jpg,composite,15.909809,15.926637,0.016827583,0.001057686,0.105768606
447,n03249569_39070_drum.jpg,z_plus,17.30174,17.301733,7.6293945e-06,4.409611e-07,4.409611e-05
447,n03249569_39070_drum.jpg,epsilon,17.30174,-6.659247e+16,6.659247e+16,3.8488885e+15,3.8488886e+17
447,n03249569_39070_drum.jpg,alpha_beta,17.30174,17.29006,0.011680603,0.0006751114,0.06751114
447,n03249569_39070_drum.jpg,composite,17.30174,17.290274,0.01146698,0.00066276453,0.06627645
448,n03196217_5137_digital_clock.jpg,z_plus,10.107701,10.1076975,3.8146973e-06,3.7740503e-07,3.77405e-05
448,n03196217_5137_digital_clock.jpg,epsilon,10.107701,2.490064e+16,2.490064e+16,2.4635315e+15,2.4635316e+17
448,n03196217_5137_digital_clock.jpg,alpha_beta,10.107701,10.105725,0.0019760132,0.0001954958,0.01954958
448,n03196217_5137_digital_clock.jpg,composite,10.107701,10.105723,0.0019779205,0.00019568451,0.01956845
449,n03793489_12136_computer_mouse.jpg,z_plus,10.451502,10.451494,7.6293945e-06,7.299807e-07,7.299807e-05
449,n03793489_12136_computer_mouse.jpg,epsilon,10.451502,3.66114e+16,3.66114e+16,3.50298e+15,3.5029798e+17
449,n03793489_12136_computer_mouse.jpg,alpha_beta,10.451502,10.454279,0.0027770996,0.00026571297,0.026571296
449,n03793489_12136_computer_mouse.jpg,composite,10.451502,10.454289,0.00278759,0.0002667167,0.02667167
450,n07747607_11507_orange.jpg,z_plus,16.624315,16.624308,7.6293945e-06,4.5892986e-07,4.5892986e-05
450,n07747607_11507_orange.jpg,epsilon,16.624315,1.297355e+16,1.297355e+16,7.80396e+14,7.80396e+16
450,n07747607_11507_orange.jpg,alpha_beta,16.624315,16.606153,0.018161774,0.0010924825,0.10924825
450,n07747607_11507_orange.jpg,composite,16.624315,16.606152,0.018163681,0.0010925973,0.109259725
451,n04004767_13120_printer.jpg,z_plus,20.91593,20.915918,1.1444092e-05,5.471472e-07,5.4714717e-05
451,n04004767_13120_printer.jpg,epsilon,20.91593,-1.9299355e+17,1.9299355e+17,9.227108e+15,9.227108e+17
451,n04004767_13120_printer.jpg,alpha_beta,20.91593,20.912142,0.0037879944,0.00018110572,0.018110571
451,n04004767_13120_printer.jpg,composite,20.91593,20.912033,0.0038967133,0.00018630362,0.018630361
452,n02324045_35129_rabbit.jpg,z_plus,14.679643,14.679638,4.7683716e-06,3.2482885e-07,3.2482883e-05
452,n02324045_35129_rabbit.jpg,epsilon,14.679643,-2.754713e+16,2.754713e+16,1.8765532e+15,1.8765532e+17
452,n02324045_35129_rabbit.jpg,alpha_beta,14.679643,14.67221,0.0074329376,0.0005063432,0.05063432
452,n02324045_35129_rabbit.jpg,composite,14.679643,14.6722145,0.0074281693,0.0005060184,0.05060184
453,n01726692_4835_snake.jpg,z_plus,14.97426,14.974255,5.722046e-06,3.8212545e-07,3.8212544e-05
453,n01726692_4835_snake.jpg,epsilon,14.97426,-1.5101105e+14,1.5101105e+14,1.0084708e+13,1.0084708e+15
453,n01726692_4835_snake.jpg,alpha_beta,14.97426,14.969643,0.004617691,0.00030837522,0.030837523
453,n01726692_4835_snake.jpg,composite,14.97426,14.969643,0.004617691,0.00030837522,0.030837523
454,n03764736_9550_milk_can.jpg,z_plus,14.3862295,14.386225,4.7683716e-06,3.314539e-07,3.314539e-05
454,n03764736_9550_milk_can.jpg,epsilon,14.3862295,3.5178435e+17,3.5178435e+17,2.4452853e+16,2.4452853e+18
454,n03764736_9550_milk_can.jpg,alpha_beta,14.3862295,14.389224,0.0029945374,0.00020815304,0.020815304
454,n03764736_9550_milk_can.jpg,composite,14.3862295,14.389219,0.002989769,0.00020782158,0.020782158
455,n02324045_16987_rabbit.jpg,z_plus,11.396718,11.396714,3.8146973e-06,3.3471892e-07,3.3471893e-05
455,n02324045_16987_rabbit.jpg,epsilon,11.396718,-1.6289265e+16,1.6289265e+16,1.4292944e+15,1.4292944e+17
455,n02324045_16987_rabbit.jpg,alpha_beta,11.396718,11.394711,0.0020074844,0.00017614584,0.017614584
455,n02324045_16987_rabbit.jpg,composite,11.396718,11.394728,0.0019903183,0.0001746396,0.01746396
456,n03207941_20675_dishwasher.jpg,z_plus,8.968595,8.968591,3.8146973e-06,4.2533946e-07,4.2533946e-05
456,n03207941_20675_dishwasher.jpg,epsilon,8.968595,3.709972e+16,3.709972e+16,4.136626e+15,4.136626e+17
456,n03207941_20675_dishwasher.jpg,alpha_beta,8.968595,8.982334,0.013739586,0.0015319665,0.15319665
456,n03207941_20675_dishwasher.jpg,composite,8.968595,8.982342,0.013747215,0.0015328171,0.15328172
457,n02219486_21998_ant.jpg,z_plus,13.474877,13.474873,4.7683716e-06,3.5387123e-07,3.5387122e-05
457,n02219486_21998_ant.jpg,epsilon,13.474877,-4.4992016e+15,4.4992016e+15,3.3389556e+14,3.3389555e+16
457,n02219486_21998_ant.jpg,alpha_beta,13.474877,13.4697,0.005177498,0.0003842334,0.03842334
457,n02219486_21998_ant.jpg,composite,13.474877,13.469695,0.0051822662,0.00038458727,0.038458727
458,n01770393_12410_scorpion.jpg,z_plus,22.518175,22.518162,1.335144e-05,5.929184e-07,5.929184e-05
458,n01770393_12410_scorpion.jpg,epsilon,22.518175,6.3389663e+16,6.3389663e+16,2.8150445e+15,2.8150446e+17
458,n01770393_12410_scorpion.jpg,alpha_beta,22.518175,22.5014,0.016775131,0.00074495963,0.074495964
458,n01770393_12410_scorpion.jpg,composite,22.518175,22.501404,0.016771317,0.0007447902,0.07447902
459,n02840245_10033_binder.jpg,z_plus,18.975351,18.975342,9.536743e-06,5.0258586e-07,5.0258586e-05
459,n02840245_10033_binder.jpg,epsilon,18.975351,-9.248652e+16,9.248652e+16,4.8740347e+15,4.8740347e+17
459,n02840245_10033_binder.jpg,alpha_beta,18.975351,18.9622,0.013151169,0.0006930659,0.06930659
459,n02840245_10033_binder.jpg,composite,18.975351,18.962208,0.013143539,0.00069266383,0.06926639
460,n07693725_10869_bagel.jpg,z_plus,15.923578,15.923573,5.722046e-06,3.5934423e-07,3.5934423e-05
460,n07693725_10869_bagel.jpg,epsilon,15.923578,3.8905807e+16,3.8905807e+16,2.443283e+15,2.4432829e+17
460,n07693725_10869_bagel.jpg,alpha_beta,15.923578,15.927836,0.004258156,0.000267412,0.0267412
460,n07693725_10869_bagel.jpg,composite,15.923578,15.927837,0.0042591095,0.00026747189,0.02674719
461,n03814639_6968_neck_brace.jpg,z_plus,17.887812,17.887804,7.6293945e-06,4.2651357e-07,4.2651358e-05
461,n03814639_6968_neck_brace.jpg,epsilon,17.887812,8.052823e+15,8.052823e+15,4.501849e+14,4.501849e+16
461,n03814639_6968_neck_brace.jpg,alpha_beta,17.887812,17.861069,0.026742935,0.0014950368,0.14950368
461,n03814639_6968_neck_brace.jpg,composite,17.887812,17.86105,0.026762009,0.001496103,0.1496103
462,n02992211_14789_cello.jpg,z_plus,13.176893,13.176889,3.8146973e-06,2.8949898e-07,2.8949898e-05
462,n02992211_14789_cello.jpg,epsilon,13.176893,-6.6943765e+15,6.6943765e+15,5.0803906e+14,5.0803905e+16
462,n02992211_14789_cello.jpg,alpha_beta,13.176893,13.163456,0.013437271,0.0010197602,0.101976015
462,n02992211_14789_cello.jpg,composite,13.176893,13.163462,0.013431549,0.0010193259,0.10193259
463,n03950228_11894_pitcher.jpg,z_plus,17.849655,17.849651,3.8146973e-06,2.1371265e-07,2.1371265e-05
463,n03950228_11894_pitcher.jpg,epsilon,17.849655,6.4602905e+16,6.4602905e+16,3.6192804e+15,3.6192803e+17
463,n03950228_11894_pitcher.jpg,alpha_beta,17.849655,17.83574,0.013916016,0.0007796238,0.07796238
463,n03950228_11894_pitcher.jpg,composite,17.849655,17.8357,0.01395607,0.00078186777,0.07818678
464,n07697100_9282_hamburger.jpg,z_plus,11.950828,11.950825,2.861023e-06,2.3939955e-07,2.3939956e-05
464,n07697100_9282_hamburger.jpg,epsilon,11.950828,4.0375648e+16,4.0375648e+16,3.3784814e+15,3.3784814e+17
464,n07697100_9282_hamburger.jpg,alpha_beta,11.950828,11.926515,0.024312973,0.0020344176,0.20344175
464,n07697100_9282_hamburger.jpg,composite,11.950828,11.926508,0.024319649,0.0020349761,0.20349762
465,n02129165_10881_lion.jpg,z_plus,20.478254,20.478132,0.00012207031,5.9609724e-06,0.00059609726
465,n02129165_10881_lion.jpg,epsilon,20.478254,-3.3908045e+16,3.3908045e+16,1.6558075e+15,1.6558075e+17
465,n02129165_10881_lion.jpg,alpha_beta,20.478254,20.40905,0.06920433,0.0033794057,0.33794057
465,n02129165_10881_lion.jpg,composite,20.478254,20.408913,0.06934166,0.003386112,0.3386112
466,n04070727_10616_refrigerator.jpg,z_plus,17.403166,17.403156,9.536743e-06,5.47989e-07,5.4798897e-05
466,n04070727_10616_refrigerator.jpg,epsilon,17.403166,-2.8858607e+16,2.8858607e+16,1.658239e+15,1.658239e+17
466,n04070727_10616_refrigerator.jpg,alpha_beta,17.403166,17.386902,0.016263962,0.0009345404,0.09345404
466,n04070727_10616_refrigerator.jpg,composite,17.403166,17.386848,0.016317368,0.0009376092,0.093760915
467,n04252077_1184_snowmobile.jpg,z_plus,16.839603,16.839596,7.6293945e-06,4.530626e-07,4.530626e-05
467,n04252077_1184_snowmobile.jpg,epsilon,16.839603,-6.79949e+16,6.79949e+16,4.037797e+15,4.037797e+17
467,n04252077_1184_snowmobile.jpg,alpha_beta,16.839603,16.796665,0.042938232,0.0025498364,0.25498363
467,n04252077_1184_snowmobile.jpg,composite,16.839603,16.796612,0.04299164,0.0025530078,0.2553008
468,n03942813_8442_ping-pong_ball.jpg,z_plus,13.673166,13.673222,5.531311e-05,4.045377e-06,0.00040453768
468,n03942813_8442_ping-pong_ball.jpg,epsilon,13.673166,7.923656e+16,7.923656e+16,5.7950415e+15,5.795041e+17
468,n03942813_8442_ping-pong_ball.jpg,alpha_beta,13.673166,13.683596,0.010429382,0.0007627628,0.07627628
468,n03942813_8442_ping-pong_ball.jpg,composite,13.673166,13.683635,0.010468483,0.0007656224,0.07656224
469,n04540053_3263_volleyball.jpg,z_plus,12.863037,12.863033,3.8146973e-06,2.9656272e-07,2.9656272e-05
469,n04540053_3263_volleyball.jpg,epsilon,12.863037,2.1967715e+18,2.1967715e+18,1.7078171e+17,1.7078171e+19
469,n04540053_3263_volleyball.jpg,alpha_beta,12.863037,12.856955,0.006082535,0.00047286926,0.047286928
469,n04540053_3263_volleyball.jpg,composite,12.863037,12.856963,0.0060739517,0.000472202,0.0472202
470,n07615774_3856_popsicle.jpg,z_plus,18.539692,18.539684,7.6293945e-06,4.115168e-07,4.115168e-05
470,n07615774_3856_popsicle.jpg,epsilon,18.539692,-1.4913583e+17,1.4913583e+17,8.0441377e+15,8.044138e+17
470,n07615774_3856_popsicle.jpg,alpha_beta,18.539692,18.502539,0.037153244,0.0020039838,0.20039839
470,n07615774_3856_popsicle.jpg,composite,18.539692,18.502535,0.03715706,0.0020041896,0.20041896
471,n02395003_15033_swine.jpg,z_plus,10.767909,10.767908,9.536743e-07,8.8566345e-08,8.856635e-06
471,n02395003_15033_swine.jpg,epsilon,10.767909,-2.797319e+17,2.797319e+17,2.5978294e+16,2.5978293e+18
471,n02395003_15033_swine.jpg,alpha_beta,10.767909,10.762553,0.005355835,0.0004973886,0.049738858
471,n02395003_15033_swine.jpg,composite,10.767909,10.762566,0.005343437,0.0004962372,0.04962372
472,n03134739_299_croquet_ball.jpg,z_plus,20.507206,20.507196,9.536743e-06,4.650435e-07,4.6504352e-05
472,n03134739_299_croquet_ball.jpg,epsilon,20.507206,-1.3377895e+16,1.3377895e+16,6.52351e+14,6.52351e+16
472,n03134739_299_croquet_ball.jpg,alpha_beta,20.507206,20.502665,0.004541397,0.00022145372,0.022145372
472,n03134739_299_croquet_ball.jpg,composite,20.507206,20.502668,0.0045375824,0.0002212677,0.022126772
473,n07880968_4922_burrito.jpg,z_plus,17.999657,17.999647,9.536743e-06,5.2982915e-07,5.2982916e-05
473,n07880968_4922_burrito.jpg,epsilon,17.999657,-4.8627276e+16,4.8627276e+16,2.701567e+15,2.7015669e+17
473,n07880968_4922_burrito.jpg,alpha_beta,17.999657,17.983223,0.016433716,0.00091300166,0.09130017
473,n07880968_4922_burrito.jpg,composite,17.999657,17.983192,0.016464233,0.00091469707,0.091469705
474,n02395003_5550_swine.jpg,z_plus,16.571926,16.571917,9.536743e-06,5.7547584e-07,5.7547582e-05
474,n02395003_5550_swine.jpg,epsilon,16.571926,5.049727e+16,5.049727e+16,3.0471577e+15,3.0471577e+17
474,n02395003_5550_swine.jpg,alpha_beta,16.571926,16.521366,0.050559998,0.0030509427,0.30509427
474,n02395003_5550_swine.jpg,composite,16.571926,16.521374,0.05055237,0.0030504824,0.30504823
475,n02892767_10638_brassiere.jpg,z_plus,17.398739,17.398727,1.1444092e-05,6.577541e-07,6.5775406e-05
475,n02892767_10638_brassiere.jpg,epsilon,17.398739,5.1089467e+17,5.1089467e+17,2.936389e+16,2.936389e+18
475,n02892767_10638_brassiere.jpg,alpha_beta,17.398739,17.387524,0.01121521,0.00064459903,0.064459905
475,n02892767_10638_brassiere.jpg,composite,17.398739,17.387497,0.011241913,0.0006461338,0.06461338
476,n03134739_23_croquet_ball.jpg,z_plus,29.036572,29.036558,1.335144e-05,4.5981463e-07,4.5981462e-05
476,n03134739_23_croquet_ball.jpg,epsilon,29.036572,4.0979472e+17,4.0979472e+17,1.4113054e+16,1.4113054e+18
476,n03134739_23_croquet_ball.jpg,alpha_beta,29.036572,29.030548,0.006023407,0.00020744209,0.020744208
476,n03134739_23_croquet_ball.jpg,composite,29.036572,29.030577,0.0059947968,0.00020645677,0.020645676
477,n07747607_3088_orange.jpg,z_plus,18.352182,18.352177,5.722046e-06,3.1179104e-07,3.1179105e-05
477,n07747607_3088_orange.jpg,epsilon,18.352182,-7.330884e+16,7.330884e+16,3.994557e+15,3.994557e+17
477,n07747607_3088_orange.jpg,alpha_beta,18.352182,18.344145,0.008037567,0.00043796247,0.04379625
477,n07747607_3088_orange.jpg,composite,18.352182,18.344131,0.008050919,0.00043868998,0.043869
478,n04379243_2182_table.jpg,z_plus,23.654556,23.654545,1.1444092e-05,4.8380076e-07,4.8380076e-05
478,n04379243_2182_table.jpg,epsilon,23.654556,-5.8309713e+16,5.8309713e+16,2.4650522e+15,2.4650522e+17
478,n04379243_2182_table.jpg,alpha_beta,23.654556,23.637304,0.017251968,0.0007293296,0.07293296
478,n04379243_2182_table.jpg,composite,23.654556,23.637356,0.01720047,0.0007271525,0.07271525
479,n04468005_3396_train.jpg,z_plus,17.357931,17.35793,1.9073486e-06,1.0988341e-07,1.0988341e-05
479,n04468005_3396_train.jpg,epsilon,17.357931,7.038661e+16,7.038661e+16,4.0550115e+15,4.0550116e+17
479,n04468005_3396_train.jpg,alpha_beta,17.357931,17.353785,0.004146576,0.00023888653,0.023888653
479,n04468005_3396_train.jpg,composite,17.357931,17.353783,0.0041484833,0.0002389964,0.02389964
480,n02129604_20374_tiger.jpg,z_plus,30.75948,30.759468,1.1444092e-05,3.720509e-07,3.720509e-05
480,n02129604_20374_tiger.jpg,epsilon,30.75948,5.002722e+15,5.002722e+15,1.6264001e+14,1.6264001e+16
480,n02129604_20374_tiger.jpg,alpha_beta,30.75948,30.763199,0.0037193298,0.00012091654,0.012091654
480,n02129604_20374_tiger.jpg,composite,30.75948,30.76324,0.0037612915,0.00012228073,0.012228074
481,n03063338_2928_coffee_maker.jpg,z_plus,13.428186,13.428181,5.722046e-06,4.2612203e-07,4.2612202e-05
481,n03063338_2928_coffee_maker.jpg,epsilon,13.428186,6.8611587e+15,6.8611587e+15,5.10952e+14,5.10952e+16
481,n03063338_2928_coffee_maker.jpg,alpha_beta,13.428186,13.427731,0.00045585632,3.394772e-05,0.0033947718
481,n03063338_2928_coffee_maker.jpg,composite,13.428186,13.427731,0.00045585632,3.394772e-05,0.0033947718
482,n01726692_8553_snake.jpg,z_plus,23.19764,23.197622,1.7166138e-05,7.39995e-07,7.39995e-05
482,n01726692_8553_snake.jpg,epsilon,23.19764,-8.850354e+16,8.850354e+16,3.8151958e+15,3.8151957e+17
482,n01726692_8553_snake.jpg,alpha_beta,23.19764,23.19745,0.00018882751,8.139945e-06,0.0008139945
482,n01726692_8553_snake.jpg,composite,23.19764,23.197453,0.00018692017,8.057724e-06,0.0008057724
483,n03394916_28561_french_horn.jpg,z_plus,25.049425,25.049412,1.335144e-05,5.3300386e-07,5.3300384e-05
483,n03394916_28561_french_horn.jpg,epsilon,25.049425,-4.1654173e+16,4.1654173e+16,1.6628794e+15,1.6628794e+17
483,n03394916_28561_french_horn.jpg,alpha_beta,25.049425,25.043169,0.0062561035,0.0002497504,0.024975039
483,n03394916_28561_french_horn.jpg,composite,25.049425,25.043156,0.006269455,0.0002502834,0.02502834
484,n02484322_30035_monkey.jpg,z_plus,21.234056,21.23405,5.722046e-06,2.6947492e-07,2.6947493e-05
484,n02484322_30035_monkey.jpg,epsilon,21.234056,2.9951195e+16,2.9951195e+16,1.4105263e+15,1.4105264e+17
484,n02484322_30035_monkey.jpg,alpha_beta,21.234056,21.24089,0.00683403,0.0003218429,0.03218429
484,n02484322_30035_monkey.jpg,composite,21.234056,21.24098,0.0069236755,0.00032606468,0.032606468
485,n02419796_9300_antelope.jpg,z_plus,18.382963,18.382956,7.6293945e-06,4.1502528e-07,4.1502528e-05
485,n02419796_9300_antelope.jpg,epsilon,18.382963,2.997846e+17,2.997846e+17,1.6307741e+16,1.630774e+18
485,n02419796_9300_antelope.jpg,alpha_beta,18.382963,18.379774,0.003189087,0.00017348057,0.017348057
485,n02419796_9300_antelope.jpg,composite,18.382963,18.379765,0.0031986237,0.00017399935,0.017399935
486,n03337140_3759_filing_cabinet.jpg,z_plus,25.67682,25.676704,0.00011634827,4.5312568e-06,0.0004531257
486,n03337140_3759_filing_cabinet.jpg,epsilon,25.67682,-3.1286466e+16,3.1286466e+16,1.2184712e+15,1.2184712e+17
486,n03337140_3759_filing_cabinet.jpg,alpha_beta,25.67682,25.586048,0.09077263,0.0035351973,0.35351974
486,n03337140_3759_filing_cabinet.jpg,composite,25.67682,25.585814,0.09100723,0.003544334,0.35443342
487,n02958343_4969_car.jpg,z_plus,19.97702,19.977016,3.8146973e-06,1.9095427e-07,1.9095427e-05
487,n02958343_4969_car.jpg,epsilon,19.97702,-8.33078e+16,8.33078e+16,4.1701813e+15,4.1701813e+17
487,n02958343_4969_car.jpg,alpha_beta,19.97702,19.983948,0.0069274902,0.00034677295,0.034677297
487,n02958343_4969_car.jpg,composite,19.97702,19.983952,0.006931305,0.0003469639,0.03469639
488,n02834778_3678_bicycle.jpg,z_plus,13.62451,13.624502,7.6293945e-06,5.599757e-07,5.599757e-05
488,n02834778_3678_bicycle.jpg,epsilon,13.62451,-2.0778983e+16,2.0778983e+16,1.5251178e+15,1.5251178e+17
488,n02834778_3678_bicycle.jpg,alpha_beta,13.62451,13.628819,0.0043096542,0.0003163163,0.03163163
488,n02834778_3678_bicycle.jpg,composite,13.62451,13.6288185,0.0043087006,0.00031624627,0.031624626
489,n04392985_14368_tape_player.jpg,z_plus,20.886578,20.88647,0.00010681152,5.1138836e-06,0.00051138835
489,n04392985_14368_tape_player.jpg,epsilon,20.886578,1.8084905e+15,1.8084905e+15,8.6586255e+13,8.6586256e+15
489,n04392985_14368_tape_player.jpg,alpha_beta,20.886578,20.815174,0.0714035,0.0034186312,0.34186313
489,n04392985_14368_tape_player.jpg,composite,20.886578,20.815044,0.0715332,0.0034248407,0.3424841
490,n03110669_35490_trumpet.jpg,z_plus,16.133276,16.13327,5.722046e-06,3.5467352e-07,3.546735e-05
490,n03110669_35490_trumpet.jpg,epsilon,16.133276,5.770405e+17,5.770405e+17,3.5767098e+16,3.57671e+18
490,n03110669_35490_trumpet.jpg,alpha_beta,16.133276,16.135334,0.0020580292,0.00012756424,0.012756424
490,n03110669_35490_trumpet.jpg,composite,16.133276,16.135342,0.0020656586,0.00012803714,0.012803714
491,n03211117_3052_tv_or_monitor.jpg,z_plus,20.282362,20.282352,9.536743e-06,4.7019884e-07,4.7019883e-05
491,n03211117_3052_tv_or_monitor.jpg,epsilon,20.282362,4.8656894e+16,4.8656894e+16,2.3989757e+15,2.3989758e+17
491,n03211117_3052_tv_or_monitor.jpg,alpha_beta,20.282362,20.28061,0.0017528534,8.6422544e-05,0.008642254
491,n03211117_3052_tv_or_monitor.jpg,composite,20.282362,20.280657,0.0017051697,8.407155e-05,0.008407155
492,n02131653_14212_bear.jpg,z_plus,16.903828,16.903816,1.1444092e-05,6.770119e-07,6.7701185e-05
492,n02131653_14212_bear.jpg,epsilon,16.903828,-2.0341017e+16,2.0341017e+16,1.2033379e+15,1.2033379e+17
492,n02131653_14212_bear.jpg,alpha_beta,16.903828,16.905209,0.0013809204,8.1692764e-05,0.008169277
492,n02131653_14212_bear.jpg,composite,16.903828,16.90522,0.0013923645,8.236978e-05,0.008236978
493,n04019541_26831_puck.jpg,z_plus,13.09361,13.093599,1.04904175e-05,8.0118605e-07,8.01186e-05
493,n04019541_26831_puck.jpg,epsilon,13.09361,-3.4269578e+16,3.4269578e+16,2.617275e+15,2.6172749e+17
493,n04019541_26831_puck.jpg,alpha_beta,13.09361,13.091473,0.0021371841,0.00016322345,0.016322345
493,n04019541_26831_puck.jpg,composite,13.09361,13.091484,0.00212574,0.00016234943,0.016234944
494,n01495701_2358_ray.jpg,z_plus,18.99768,18.99767,1.1444092e-05,6.0239415e-07,6.0239414e-05
494,n01495701_2358_ray.jpg,epsilon,18.99768,4.7843874e+16,4.7843874e+16,2.5184062e+15,2.5184061e+17
494,n01495701_2358_ray.jpg,alpha_beta,18.99768,18.995476,0.002204895,0.000116061274,0.011606127
494,n01495701_2358_ray.jpg,composite,18.99768,18.995493,0.0021877289,0.00011515768,0.011515768
495,n02883205_4699_bow_tie.jpg,z_plus,31.529093,31.52908,1.335144e-05,4.2346414e-07,4.2346415e-05
495,n02883205_4699_bow_tie.jpg,epsilon,31.529093,5.5415386e+16,5.5415386e+16,1.7575954e+15,1.7575955e+17
495,n02883205_4699_bow_tie.jpg,alpha_beta,31.529093,31.524857,0.0042362213,0.00013435913,0.013435913
495,n02883205_4699_bow_tie.jpg,composite,31.529093,31.525063,0.0040302277,0.00012782568,0.012782568
496,n02118333_412_fox.jpg,z_plus,31.663824,31.663815,9.536743e-06,3.0118736e-07,3.0118736e-05
496,n02118333_412_fox.jpg,epsilon,31.663824,2.727421e+16,2.727421e+16,8.613682e+14,8.6136815e+16
496,n02118333_412_fox.jpg,alpha_beta,31.663824,31.654905,0.008918762,0.0002816704,0.02816704
496,n02118333_412_fox.jpg,composite,31.663824,31.654926,0.008897781,0.0002810078,0.02810078
497,n03916031_14529_perfume.jpg,z_plus,28.647606,28.647593,1.335144e-05,4.660578e-07,4.660578e-05
497,n03916031_14529_perfume.jpg,epsilon,28.647606,5.365823e+15,5.365823e+15,1.8730441e+14,1.873044e+16
497,n03916031_14529_perfume.jpg,alpha_beta,28.647606,28.644112,0.0034942627,0.000121973986,0.012197399
497,n03916031_14529_perfume.jpg,composite,28.647606,28.64415,0.0034561157,0.00012064239,0.012064239
498,n03958227_8704_plastic_bag.jpg,z_plus,12.645029,12.645021,7.6293945e-06,6.033513e-07,6.033513e-05
498,n03958227_8704_plastic_bag.jpg,epsilon,12.645029,-3.6849393e+16,3.6849393e+16,2.9141407e+15,2.9141408e+17
498,n03958227_8704_plastic_bag.jpg,alpha_beta,12.645029,12.641572,0.0034570694,0.00027339355,0.027339356
498,n03958227_8704_plastic_bag.jpg,composite,12.645029,12.641602,0.0034275055,0.00027105556,0.027105555
499,n07714571_8557_head_cabbage.jpg,z_plus,12.991144,12.99114,3.8146973e-06,2.936383e-07,2.936383e-05
499,n07714571_8557_head_cabbage.jpg,epsilon,12.991144,-1.525209e+18,1.525209e+18,1.1740375e+17,1.1740375e+19
499,n07714571_8557_head_cabbage.jpg,alpha_beta,12.991144,12.987633,0.0035114288,0.00027029403,0.027029403
499,n07714571_8557_head_cabbage.jpg,composite,12.991144,12.987633,0.0035114288,0.00027029403,0.027029403
