Model,Image_Index,File_Name,Method,Initial_Sum(R_out),Final_Sum(R_in),Absolute_Error,RCE_Value,RCE_Percentage(%),Leakage_Percentage(%),Propagation_Continuity,Inference_Time(s)
DeiT-Tiny,0,n03950228_34570_pitcher.jpg,Conventional LRP (z+),7.2931466,3.912773,3.3803737,0.46350002,46.350002,46.35,0.5364999771118164,0.0
DeiT-Tiny,0,n03950228_34570_pitcher.jpg,TFRP Framework (z+),7.2931466,7.2921,0.0010466576,0.00014351249,0.014351249,0.014351248741149902,0.9998564720153809,0.41938185691833496
DeiT-Tiny,1,n02129604_9026_tiger.jpg,Conventional LRP (z+),5.3234243,2.856017,2.4674072,0.46350002,46.350002,46.35,0.5364999771118164,0.0
DeiT-Tiny,1,n02129604_9026_tiger.jpg,TFRP Framework (z+),5.3234243,5.3236847,0.0002603531,4.890707e-05,0.004890707,-0.004908622708171606,1.0000488758087158,0.3456547260284424
DeiT-Tiny,2,n01662784_2198_turtle.jpg,Conventional LRP (z+),20.564968,11.033105,9.531863,0.46350002,46.350002,46.35,0.5364999771118164,0.0
DeiT-Tiny,2,n01662784_2198_turtle.jpg,TFRP Framework (z+),20.564968,20.564877,9.1552734e-05,4.4518783e-06,0.00044518785,0.0004359131271485239,0.9999955296516418,0.34645962715148926
DeiT-Tiny,3,n04254120_621_soap_dispenser.jpg,Conventional LRP (z+),16.429724,8.814547,7.615177,0.46350002,46.350002,46.35,0.5364999771118164,0.0
DeiT-Tiny,3,n04254120_621_soap_dispenser.jpg,TFRP Framework (z+),16.429724,16.430603,0.0008792877,5.3518106e-05,0.0053518107,-0.005363420583307743,1.0000535249710083,0.34677958488464355
DeiT-Tiny,4,n02787622_3030_banjo.jpg,Conventional LRP (z+),2.861257,1.5350643,1.3261927,0.46350002,46.350002,46.35,0.5364999771118164,0.0
DeiT-Tiny,4,n02787622_3030_banjo.jpg,TFRP Framework (z+),2.861257,2.7099,0.15135717,0.05289884,5.289884,5.289891719818115,0.9471011757850647,0.3430347442626953
DeiT-Tiny,5,n02691156_2138_airplane.jpg,Conventional LRP (z+),7.4004655,3.9703496,3.430116,0.46350002,46.350002,46.35,0.5364999771118164,0.0
DeiT-Tiny,5,n02691156_2138_airplane.jpg,TFRP Framework (z+),7.4004655,8.274746,0.87428045,0.118138574,11.813857,-11.813864707946777,1.1181385517120361,0.35313940048217773
DeiT-Tiny,6,n02484322_3182_monkey.jpg,Conventional LRP (z+),6.9807806,3.7451887,3.235592,0.46350002,46.350002,46.35,0.5364999771118164,0.0
DeiT-Tiny,6,n02484322_3182_monkey.jpg,TFRP Framework (z+),6.9807806,7.0059814,0.025200844,0.0036100324,0.36100325,-0.3609963655471802,1.0036100149154663,0.34799814224243164
DeiT-Tiny,7,n02274259_3025_butterfly.jpg,Conventional LRP (z+),13.275476,7.122293,6.1531835,0.46350002,46.350002,46.35,0.5364999771118164,0.0
DeiT-Tiny,7,n02274259_3025_butterfly.jpg,TFRP Framework (z+),13.275476,13.273193,0.0022830963,0.00017197848,0.017197847,0.017205029726028442,0.999828040599823,0.34836649894714355
DeiT-Tiny,8,n04252225_8055_snowplow.jpg,Conventional LRP (z+),12.821999,6.879002,5.9429965,0.46350002,46.350002,46.35,0.5364999771118164,0.0
DeiT-Tiny,8,n04252225_8055_snowplow.jpg,TFRP Framework (z+),12.821999,12.686862,0.1351366,0.010539434,1.0539434,1.0539287328720093,0.9894605875015259,0.3446080684661865
DeiT-Tiny,9,n02121808_538_domestic_cat.jpg,Conventional LRP (z+),3.0213447,1.6209513,1.4003934,0.46350005,46.350006,46.35,0.5364999771118164,0.0
DeiT-Tiny,9,n02121808_538_domestic_cat.jpg,TFRP Framework (z+),3.0213447,3.3700829,0.3487382,0.11542483,11.542482,-11.542474746704102,1.1154248714447021,0.3444080352783203
DeiT-Tiny,10,n04026417_1879_purse.jpg,Conventional LRP (z+),24.084898,12.921547,11.163351,0.46350002,46.350002,46.35,0.5364999771118164,0.0
DeiT-Tiny,10,n04026417_1879_purse.jpg,TFRP Framework (z+),24.084898,24.031372,0.053525925,0.0022223853,0.22223853,0.22223852574825287,0.9977776408195496,0.3434286117553711
DeiT-Tiny,11,n04254120_4148_soap_dispenser.jpg,Conventional LRP (z+),26.405704,14.16666,12.239044,0.4635,46.35,46.35,0.5364999771118164,0.0
DeiT-Tiny,11,n04254120_4148_soap_dispenser.jpg,TFRP Framework (z+),26.405704,26.475769,0.070064545,0.0026533867,0.26533866,-0.26535314321517944,1.0026533603668213,0.3414134979248047
DeiT-Tiny,12,n07695742_612_pretzel.jpg,Conventional LRP (z+),27.477251,14.741545,12.735706,0.46350002,46.350002,46.35,0.5364999771118164,0.0
DeiT-Tiny,12,n07695742_612_pretzel.jpg,TFRP Framework (z+),27.477251,27.459084,0.018167496,0.00066118315,0.066118315,0.06613218784332275,0.9993388056755066,0.34151554107666016
DeiT-Tiny,13,n03642806_7780_laptop.jpg,Conventional LRP (z+),5.858389,3.1430254,2.7153635,0.46350005,46.350006,46.35,0.5364999771118164,0.0
DeiT-Tiny,13,n03642806_7780_laptop.jpg,TFRP Framework (z+),5.858389,5.85376,0.004629135,0.000790172,0.0790172,0.07900094240903854,0.9992098212242126,0.3322737216949463
DeiT-Tiny,14,n02076196_1965_seal.jpg,Conventional LRP (z+),10.220615,5.48336,4.7372556,0.46350002,46.350002,46.35,0.5364999771118164,0.0
DeiT-Tiny,14,n02076196_1965_seal.jpg,TFRP Framework (z+),10.220615,10.200111,0.020503998,0.0020061412,0.20061412,0.20061412453651428,0.9979938864707947,0.3206009864807129
DeiT-Tiny,15,n03793489_3923_computer_mouse.jpg,Conventional LRP (z+),6.1167703,3.2816472,2.835123,0.4635,46.35,46.35,0.5364999771118164,0.0
DeiT-Tiny,15,n03793489_3923_computer_mouse.jpg,TFRP Framework (z+),6.1167703,4.343384,1.7733865,0.28992203,28.992203,28.992202758789062,0.7100779414176941,0.3254070281982422
DeiT-Tiny,16,n03188531_17375_diaper.jpg,Conventional LRP (z+),14.250502,7.645394,6.605108,0.46350002,46.350002,46.35,0.5364999771118164,0.0
DeiT-Tiny,16,n03188531_17375_diaper.jpg,TFRP Framework (z+),14.250502,14.046852,0.20364952,0.014290691,1.4290692,1.4290757179260254,0.9857093095779419,0.3206653594970703
DeiT-Tiny,17,n01674464_3490_lizard.jpg,Conventional LRP (z+),4.829614,2.5910878,2.2385263,0.46350002,46.350002,46.35,0.5364999771118164,0.0
DeiT-Tiny,17,n01674464_3490_lizard.jpg,TFRP Framework (z+),4.829614,4.625,0.20461416,0.042366564,4.236656,4.236666202545166,0.9576334357261658,0.3197000026702881
DeiT-Tiny,18,n01674464_134_lizard.jpg,Conventional LRP (z+),8.541972,4.582768,3.9592042,0.46350002,46.350002,46.35,0.5364999771118164,0.0
DeiT-Tiny,18,n01674464_134_lizard.jpg,TFRP Framework (z+),8.541972,8.546631,0.004658699,0.00054538914,0.054538913,-0.05452774465084076,1.0005453824996948,0.32381272315979004
DeiT-Tiny,19,n02118333_12193_fox.jpg,Conventional LRP (z+),7.06524,3.790501,3.2747388,0.46350002,46.350002,46.35,0.5364999771118164,0.0
DeiT-Tiny,19,n02118333_12193_fox.jpg,TFRP Framework (z+),7.06524,6.99646,0.068779945,0.009734977,0.9734977,0.9735043048858643,0.9902650117874146,0.31791210174560547
DeiT-Tiny,20,n02454379_4660_armadillo.jpg,Conventional LRP (z+),9.190841,4.930886,4.259955,0.46350002,46.350002,46.35,0.5364999771118164,0.0
DeiT-Tiny,20,n02454379_4660_armadillo.jpg,TFRP Framework (z+),9.190841,9.185806,0.0050344467,0.0005477678,0.05477678,0.05477678030729294,0.9994522333145142,0.3232271671295166
DeiT-Tiny,21,n02509815_44_red_panda.jpg,Conventional LRP (z+),14.951293,8.021368,6.929925,0.46350005,46.350006,46.35,0.5364999771118164,0.0
DeiT-Tiny,21,n02509815_44_red_panda.jpg,TFRP Framework (z+),14.951293,14.962265,0.010972023,0.0007338511,0.07338511,-0.07338511198759079,1.0007338523864746,0.32636070251464844
DeiT-Tiny,22,n03483316_230_hair_dryer.jpg,Conventional LRP (z+),46.34304,24.86304,21.48,0.4635,46.35,46.35,0.5364999771118164,0.0
DeiT-Tiny,22,n03483316_230_hair_dryer.jpg,TFRP Framework (z+),46.34304,43.203125,3.1399155,0.06775376,6.7753763,6.775384426116943,0.932246208190918,0.3401625156402588
DeiT-Tiny,23,n03814639_2265_neck_brace.jpg,Conventional LRP (z+),16.786873,9.006157,7.780716,0.46350002,46.350002,46.35,0.5364999771118164,0.0
DeiT-Tiny,23,n03814639_2265_neck_brace.jpg,TFRP Framework (z+),16.786873,14.108887,2.6779861,0.15952858,15.952858,15.952868461608887,0.8404713869094849,0.3255176544189453
DeiT-Tiny,24,n01662784_3789_turtle.jpg,Conventional LRP (z+),6.9953303,3.7529945,3.2423358,0.46350002,46.350002,46.35,0.5364999771118164,0.0
DeiT-Tiny,24,n01662784_3789_turtle.jpg,TFRP Framework (z+),6.9953303,6.993805,0.0015254021,0.00021806004,0.021806004,0.021812820807099342,0.9997819662094116,0.32100462913513184
DeiT-Tiny,25,n03720891_5553_maraca.jpg,Conventional LRP (z+),10.614982,5.694937,4.9200444,0.46350005,46.350006,46.35,0.5364999771118164,0.0
DeiT-Tiny,25,n03720891_5553_maraca.jpg,TFRP Framework (z+),10.614982,10.620117,0.005135536,0.00048380077,0.048380077,-0.04838906601071358,1.000483751296997,0.3200547695159912
DeiT-Tiny,26,n02419796_445_antelope.jpg,Conventional LRP (z+),6.617533,3.5503063,3.067227,0.46350002,46.350002,46.35,0.5364999771118164,0.0
DeiT-Tiny,26,n02419796_445_antelope.jpg,TFRP Framework (z+),6.617533,6.591873,0.025660038,0.0038775837,0.38775837,0.3877655267715454,0.996122419834137,0.32024383544921875
DeiT-Tiny,27,n04141076_43723_saxophone.jpg,Conventional LRP (z+),33.781883,18.12398,15.657904,0.46350002,46.350002,46.35,0.5364999771118164,0.0
DeiT-Tiny,27,n04141076_43723_saxophone.jpg,TFRP Framework (z+),33.781883,33.758915,0.022968292,0.0006798997,0.06798997,0.06797868758440018,0.9993200898170471,0.3234865665435791
DeiT-Tiny,28,n03991062_19806_flower_pot.jpg,Conventional LRP (z+),5.799563,3.1114655,2.6880975,0.46350002,46.350002,46.35,0.5364999771118164,0.0
DeiT-Tiny,28,n03991062_19806_flower_pot.jpg,TFRP Framework (z+),5.799563,5.7958984,0.0036644936,0.00063185685,0.063185684,0.06320212036371231,0.9993681311607361,0.32286810874938965
DeiT-Tiny,29,n04118538_8452_rugby_ball.jpg,Conventional LRP (z+),11.143531,5.978504,5.1650267,0.46350002,46.350002,46.35,0.5364999771118164,0.0
DeiT-Tiny,29,n04118538_8452_rugby_ball.jpg,TFRP Framework (z+),11.143531,11.085632,0.05789852,0.005195707,0.5195707,0.5195536613464355,0.994804322719574,0.316408634185791
DeiT-Tiny,30,n07768694_1682_pomegranate.jpg,Conventional LRP (z+),23.428282,12.569273,10.859009,0.4635,46.35,46.35,0.5364999771118164,0.0
DeiT-Tiny,30,n07768694_1682_pomegranate.jpg,TFRP Framework (z+),23.428282,23.788612,0.36033058,0.015380154,1.5380155,-1.538023591041565,1.0153801441192627,0.31561756134033203
DeiT-Tiny,31,n03141823_6920_crutch.jpg,Conventional LRP (z+),3.4486895,1.8502219,1.5984676,0.4635,46.35,46.35,0.5364999771118164,0.0
DeiT-Tiny,31,n03141823_6920_crutch.jpg,TFRP Framework (z+),3.4486895,3.5976562,0.14896679,0.043195188,4.319519,-4.319525718688965,1.043195128440857,0.32178497314453125
DeiT-Tiny,32,n02484322_11526_monkey.jpg,Conventional LRP (z+),5.104116,2.738358,2.365758,0.46350005,46.350006,46.35,0.5364999771118164,0.0
DeiT-Tiny,32,n02484322_11526_monkey.jpg,TFRP Framework (z+),5.104116,5.1063614,0.0022454262,0.0004399246,0.04399246,-0.044011153280735016,1.0004398822784424,0.32158613204956055
DeiT-Tiny,33,n03255030_9287_dumbbell.jpg,Conventional LRP (z+),14.813107,7.9472313,6.8658752,0.46350002,46.350002,46.35,0.5364999771118164,0.0
DeiT-Tiny,33,n03255030_9287_dumbbell.jpg,TFRP Framework (z+),14.813107,14.678108,0.13499832,0.0091134375,0.91134375,0.9113437533378601,0.9908865690231323,0.31707024574279785
DeiT-Tiny,34,n03793489_1770_computer_mouse.jpg,Conventional LRP (z+),1.9277266,1.0342253,0.8935013,0.4635,46.35,46.35,0.5364999771118164,0.0
DeiT-Tiny,34,n03793489_1770_computer_mouse.jpg,TFRP Framework (z+),1.9277266,1.9142151,0.0135115385,0.007009053,0.7009053,0.7009053230285645,0.9929909706115723,0.32141828536987305
DeiT-Tiny,35,n02787622_7389_banjo.jpg,Conventional LRP (z+),6.796864,3.6465175,3.1503465,0.4635,46.35,46.35,0.5364999771118164,0.0
DeiT-Tiny,35,n02787622_7389_banjo.jpg,TFRP Framework (z+),6.796864,6.7717743,0.02508974,0.0036913701,0.36913702,0.36912304162979126,0.9963086247444153,0.31773996353149414
DeiT-Tiny,36,n04442312_5180_toaster.jpg,Conventional LRP (z+),37.427483,20.079844,17.34764,0.46350002,46.350002,46.35,0.5364999771118164,0.0
DeiT-Tiny,36,n04442312_5180_toaster.jpg,TFRP Framework (z+),37.427483,37.437492,0.010009766,0.00026744427,0.026744427,-0.026754621416330338,1.0002673864364624,0.3293330669403076
DeiT-Tiny,37,n06874185_10683_traffic_light.jpg,Conventional LRP (z+),8.444083,4.5302505,3.9138327,0.46350002,46.350002,46.35,0.5364999771118164,0.0
DeiT-Tiny,37,n06874185_10683_traffic_light.jpg,TFRP Framework (z+),8.444083,6.2693653,2.174718,0.2575434,25.754341,25.75434112548828,0.7424566149711609,0.3234374523162842
DeiT-Tiny,38,n01443537_2625_goldfish.jpg,Conventional LRP (z+),6.775334,3.6349664,3.1403675,0.46350002,46.350002,46.35,0.5364999771118164,0.0
DeiT-Tiny,38,n01443537_2625_goldfish.jpg,TFRP Framework (z+),6.775334,6.8095503,0.034216404,0.0050501428,0.5050143,-0.505021333694458,1.0050501823425293,0.3215913772583008
DeiT-Tiny,39,n04317175_7903_stethoscope.jpg,Conventional LRP (z+),7.4378037,3.9903815,3.4474223,0.46350002,46.350002,46.35,0.5364999771118164,0.0
DeiT-Tiny,39,n04317175_7903_stethoscope.jpg,TFRP Framework (z+),7.4378037,7.4445496,0.0067458153,0.0009069633,0.09069633,-0.09069632738828659,1.0009069442749023,0.32639408111572266
DeiT-Tiny,40,n04442312_12329_toaster.jpg,Conventional LRP (z+),7.9519935,4.2662444,3.685749,0.46350002,46.350002,46.35,0.5364999771118164,0.0
DeiT-Tiny,40,n04442312_12329_toaster.jpg,TFRP Framework (z+),7.9519935,7.9189453,0.033048153,0.004155958,0.4155958,0.415589839220047,0.9958440661430359,0.32355785369873047
DeiT-Tiny,41,n02346627_3512_porcupine.jpg,Conventional LRP (z+),5.85599,3.1417384,2.7142515,0.46350002,46.350002,46.35,0.5364999771118164,0.0
DeiT-Tiny,41,n02346627_3512_porcupine.jpg,TFRP Framework (z+),5.85599,6.0147324,0.15874243,0.0271077,2.7107701,-2.710761785507202,1.0271077156066895,0.3226747512817383
DeiT-Tiny,42,n04116512_9541_rubber_eraser.jpg,Conventional LRP (z+),15.81043,8.482295,7.3281345,0.46350002,46.350002,46.35,0.5364999771118164,0.0
DeiT-Tiny,42,n04116512_9541_rubber_eraser.jpg,TFRP Framework (z+),15.81043,15.736832,0.07359791,0.0046550226,0.46550226,0.46550828218460083,0.9953449964523315,0.32456398010253906
DeiT-Tiny,43,n07753592_9306_banana.jpg,Conventional LRP (z+),16.073105,8.62322,7.4498844,0.46350002,46.350002,46.35,0.5364999771118164,0.0
DeiT-Tiny,43,n07753592_9306_banana.jpg,TFRP Framework (z+),16.073105,17.072052,0.99894714,0.06215023,6.215023,-6.2149977684021,1.062150239944458,0.3240032196044922
DeiT-Tiny,44,n02924116_58545_bus.jpg,Conventional LRP (z+),6.64188,3.5633686,3.0785115,0.46350002,46.350002,46.35,0.5364999771118164,0.0
DeiT-Tiny,44,n02924116_58545_bus.jpg,TFRP Framework (z+),6.64188,6.669613,0.02773285,0.0041754516,0.41754517,-0.41755959391593933,1.0041754245758057,0.3285095691680908
DeiT-Tiny,45,n07747607_813_orange.jpg,Conventional LRP (z+),10.875629,5.834775,5.0408545,0.46350002,46.350002,46.35,0.5364999771118164,0.0
DeiT-Tiny,45,n07747607_813_orange.jpg,TFRP Framework (z+),10.875629,10.894653,0.019023895,0.0017492225,0.17492226,-0.17490467429161072,1.0017492771148682,0.3275628089904785
DeiT-Tiny,46,n02342885_7641_hamster.jpg,Conventional LRP (z+),12.715963,6.822114,5.8938494,0.46350002,46.350002,46.35,0.5364999771118164,0.0
DeiT-Tiny,46,n02342885_7641_hamster.jpg,TFRP Framework (z+),12.715963,12.701813,0.0141506195,0.0011128233,0.11128233,0.1112748309969902,0.9988871812820435,0.3201615810394287
DeiT-Tiny,47,n02454379_10511_armadillo.jpg,Conventional LRP (z+),5.5481796,2.9765983,2.5715814,0.46350002,46.350002,46.35,0.5364999771118164,0.0
DeiT-Tiny,47,n02454379_10511_armadillo.jpg,TFRP Framework (z+),5.5481796,5.4265137,0.121665955,0.021928987,2.1928988,2.1929070949554443,0.9780710339546204,0.3281128406524658
DeiT-Tiny,48,n04330267_15330_stove.jpg,Conventional LRP (z+),8.107266,4.3495483,3.757718,0.46350002,46.350002,46.35,0.5364999771118164,0.0
DeiT-Tiny,48,n04330267_15330_stove.jpg,TFRP Framework (z+),8.107266,8.105469,0.0017976761,0.00022173641,0.022173641,0.022161880508065224,0.9997782707214355,0.32628393173217773
DeiT-Tiny,49,n02892767_5122_brassiere.jpg,Conventional LRP (z+),2.7122939,1.4551456,1.2571483,0.46350002,46.350002,46.35,0.5364999771118164,0.0
DeiT-Tiny,49,n02892767_5122_brassiere.jpg,TFRP Framework (z+),2.7122939,2.6796265,0.0326674,0.012044196,1.2044196,1.2044196128845215,0.9879558086395264,0.3281571865081787
DeiT-Tiny,50,n07873807_1051_pizza.jpg,Conventional LRP (z+),25.09997,13.466133,11.633837,0.46350002,46.350002,46.35,0.5364999771118164,0.0
DeiT-Tiny,50,n07873807_1051_pizza.jpg,TFRP Framework (z+),25.09997,25.344238,0.24426842,0.009731821,0.9731821,-0.9731820821762085,1.0097317695617676,0.33884263038635254
DeiT-Tiny,51,n02084071_77_dog.jpg,Conventional LRP (z+),2.9458358,1.5804409,1.365395,0.46350002,46.350002,46.35,0.5364999771118164,0.0
DeiT-Tiny,51,n02084071_77_dog.jpg,TFRP Framework (z+),2.9458358,2.9432411,0.0025947094,0.00088080583,0.088080585,0.08806440979242325,0.999119222164154,0.3272275924682617
DeiT-Tiny,52,n03062245_872_cocktail_shaker.jpg,Conventional LRP (z+),6.434359,3.4520335,2.9823256,0.46350002,46.350002,46.35,0.5364999771118164,0.0
DeiT-Tiny,52,n03062245_872_cocktail_shaker.jpg,TFRP Framework (z+),6.434359,5.1163635,1.3179955,0.20483711,20.483711,20.48371696472168,0.7951628565788269,0.32528162002563477
DeiT-Tiny,53,n02118333_6_fox.jpg,Conventional LRP (z+),21.312643,11.434233,9.87841,0.46350002,46.350002,46.35,0.5364999771118164,0.0
DeiT-Tiny,53,n02118333_6_fox.jpg,TFRP Framework (z+),21.312643,21.24121,0.07143211,0.0033516309,0.3351631,0.33516308665275574,0.996648371219635,0.3296511173248291
DeiT-Tiny,54,n02992211_25528_cello.jpg,Conventional LRP (z+),10.334892,5.5446696,4.7902226,0.4635,46.35,46.35,0.5364999771118164,0.0
DeiT-Tiny,54,n02992211_25528_cello.jpg,TFRP Framework (z+),10.334892,10.199631,0.13526154,0.013087852,1.3087852,1.3087852001190186,0.9869121313095093,0.32608699798583984
DeiT-Tiny,55,n04542943_3211_waffle_iron.jpg,Conventional LRP (z+),4.672284,2.5066803,2.1656039,0.46350005,46.350006,46.35,0.5364999771118164,0.0
DeiT-Tiny,55,n04542943_3211_waffle_iron.jpg,TFRP Framework (z+),4.672284,5.5249023,0.8526182,0.18248424,18.248425,-18.248411178588867,1.1824842691421509,0.32903194427490234
DeiT-Tiny,56,n02951585_3935_can_opener.jpg,Conventional LRP (z+),22.725021,12.191974,10.533048,0.46350002,46.350002,46.35,0.5364999771118164,0.0
DeiT-Tiny,56,n02951585_3935_can_opener.jpg,TFRP Framework (z+),22.725021,7.481148,15.243874,0.6707969,67.07969,67.0796890258789,0.3292030990123749,0.3324313163757324
DeiT-Tiny,57,n03814639_5954_neck_brace.jpg,Conventional LRP (z+),4.1744604,2.2395978,1.9348626,0.46350005,46.350006,46.35,0.5364999771118164,0.0
DeiT-Tiny,57,n03814639_5954_neck_brace.jpg,TFRP Framework (z+),4.1744604,3.812317,0.36214352,0.08675218,8.675218,8.675217628479004,0.91324782371521,0.32956624031066895
DeiT-Tiny,58,n02777292_14330_balance_beam.jpg,Conventional LRP (z+),17.16311,9.208009,7.955102,0.46350002,46.350002,46.35,0.5364999771118164,0.0
DeiT-Tiny,58,n02777292_14330_balance_beam.jpg,TFRP Framework (z+),17.16311,15.780273,1.3828373,0.08057032,8.057032,8.057021141052246,0.9194296598434448,0.32656264305114746
DeiT-Tiny,59,n04442312_14257_toaster.jpg,Conventional LRP (z+),11.701616,6.277917,5.4236994,0.46350002,46.350002,46.35,0.5364999771118164,0.0
DeiT-Tiny,59,n04442312_14257_toaster.jpg,TFRP Framework (z+),11.701616,10.032227,1.6693897,0.14266318,14.266318,14.266324043273926,0.8573368191719055,0.32071447372436523
DeiT-Tiny,60,n01770393_9910_scorpion.jpg,Conventional LRP (z+),10.974384,5.887757,5.0866275,0.46350002,46.350002,46.35,0.5364999771118164,0.0
DeiT-Tiny,60,n01770393_9910_scorpion.jpg,TFRP Framework (z+),10.974384,10.974426,4.196167e-05,3.823601e-06,0.00038236013,-0.00039105015457607806,1.0000038146972656,0.3381478786468506
DeiT-Tiny,61,n04252077_2529_snowmobile.jpg,Conventional LRP (z+),17.36341,9.31547,8.047941,0.46350002,46.350002,46.35,0.5364999771118164,0.0
DeiT-Tiny,61,n04252077_2529_snowmobile.jpg,TFRP Framework (z+),17.36341,17.435547,0.072135925,0.004154479,0.41544792,-0.4154479205608368,1.0041544437408447,0.3185887336730957
DeiT-Tiny,62,n03337140_18624_filing_cabinet.jpg,Conventional LRP (z+),3.5464242,1.9026564,1.6437677,0.46350002,46.350002,46.35,0.5364999771118164,0.0
DeiT-Tiny,62,n03337140_18624_filing_cabinet.jpg,TFRP Framework (z+),3.5464242,3.5482025,0.0017783642,0.00050145277,0.050145276,-0.05013854801654816,1.0005013942718506,0.3176388740539551
DeiT-Tiny,63,n03633091_27358_ladle.jpg,Conventional LRP (z+),8.336539,4.4725533,3.863986,0.4635,46.35,46.35,0.5364999771118164,0.0
DeiT-Tiny,63,n03633091_27358_ladle.jpg,TFRP Framework (z+),8.336539,11.508823,3.1722841,0.3805277,38.05277,-38.052757263183594,1.3805277347564697,0.31852149963378906
DeiT-Tiny,64,n02206856_5952_bee.jpg,Conventional LRP (z+),4.2838383,2.298279,1.9855592,0.46350005,46.350006,46.35,0.5364999771118164,0.0
DeiT-Tiny,64,n02206856_5952_bee.jpg,TFRP Framework (z+),4.2838383,4.2846813,0.0008430481,0.00019679737,0.019679736,-0.019679736346006393,1.0001968145370483,0.31484389305114746
DeiT-Tiny,65,n03062245_2005_cocktail_shaker.jpg,Conventional LRP (z+),27.295044,14.64379,12.651254,0.46350002,46.350002,46.35,0.5364999771118164,0.0
DeiT-Tiny,65,n03062245_2005_cocktail_shaker.jpg,TFRP Framework (z+),27.295044,27.299591,0.004547119,0.00016659139,0.016659139,-0.016666127368807793,1.0001665353775024,0.31916189193725586
DeiT-Tiny,66,n02062744_3014_whale.jpg,Conventional LRP (z+),16.641022,8.927908,7.713114,0.46350002,46.350002,46.35,0.5364999771118164,0.0
DeiT-Tiny,66,n02062744_3014_whale.jpg,TFRP Framework (z+),16.641022,16.73963,0.09860802,0.0059255986,0.5925599,-0.5925598740577698,1.0059256553649902,0.31909704208374023
DeiT-Tiny,67,n03710721_15514_maillot.jpg,Conventional LRP (z+),2.8868575,1.548799,1.3380585,0.4635,46.35,46.35,0.5364999771118164,0.0
DeiT-Tiny,67,n03710721_15514_maillot.jpg,TFRP Framework (z+),2.8868575,2.8785667,0.008290768,0.0028719006,0.28719005,0.2872230112552643,0.9971281290054321,0.3188958168029785
DeiT-Tiny,68,n02815834_1310_beaker.jpg,Conventional LRP (z+),14.335697,7.691101,6.644596,0.46350002,46.350002,46.35,0.5364999771118164,0.0
DeiT-Tiny,68,n02815834_1310_beaker.jpg,TFRP Framework (z+),14.335697,14.506195,0.1704979,0.011893241,1.189324,-1.1893038749694824,1.0118932723999023,0.3183724880218506
DeiT-Tiny,69,n04517823_9843_vacuum.jpg,Conventional LRP (z+),13.649407,7.322907,6.3265004,0.4635,46.35,46.35,0.5364999771118164,0.0
DeiT-Tiny,69,n04517823_9843_vacuum.jpg,TFRP Framework (z+),13.649407,13.644531,0.004876137,0.00035724166,0.035724167,0.03572416678071022,0.9996427297592163,0.3216984272003174
DeiT-Tiny,70,n03928116_38427_piano.jpg,Conventional LRP (z+),21.857046,11.726305,10.130741,0.46350002,46.350002,46.35,0.5364999771118164,0.0
DeiT-Tiny,70,n03928116_38427_piano.jpg,TFRP Framework (z+),21.857046,21.713806,0.14323997,0.006553492,0.6553492,0.655357837677002,0.9934465289115906,0.31818175315856934
DeiT-Tiny,71,n03908714_4340_pencil_sharpener.jpg,Conventional LRP (z+),36.40671,19.5322,16.874512,0.46350002,46.350002,46.35,0.5364999771118164,0.0
DeiT-Tiny,71,n03908714_4340_pencil_sharpener.jpg,TFRP Framework (z+),36.40671,36.41629,0.009578705,0.00026310273,0.026310273,-0.02632075361907482,1.0002630949020386,0.3173859119415283
DeiT-Tiny,72,n07693725_10941_bagel.jpg,Conventional LRP (z+),19.040442,10.215197,8.825245,0.46350002,46.350002,46.35,0.5364999771118164,0.0
DeiT-Tiny,72,n07693725_10941_bagel.jpg,TFRP Framework (z+),19.040442,18.753906,0.28653526,0.015048772,1.5048772,1.5048772096633911,0.9849512577056885,0.32134127616882324
DeiT-Tiny,73,n04591157_2640_tie.jpg,Conventional LRP (z+),8.095259,4.3431063,3.7521524,0.4635,46.35,46.35,0.5364999771118164,0.0
DeiT-Tiny,73,n04591157_2640_tie.jpg,TFRP Framework (z+),8.095259,8.048355,0.04690361,0.0057939608,0.57939607,0.5793960690498352,0.9942060112953186,0.31851863861083984
DeiT-Tiny,74,n03000684_16691_chain_saw.jpg,Conventional LRP (z+),5.6308146,3.020932,2.6098826,0.46350002,46.350002,46.35,0.5364999771118164,0.0
DeiT-Tiny,74,n03000684_16691_chain_saw.jpg,TFRP Framework (z+),5.6308146,5.625393,0.0054216385,0.00096285157,0.09628516,0.09628515690565109,0.9990371465682983,0.32084035873413086
DeiT-Tiny,75,n03770439_3065_miniskirt.jpg,Conventional LRP (z+),25.921638,13.906959,12.01468,0.46350002,46.350002,46.35,0.5364999771118164,0.0
DeiT-Tiny,75,n03770439_3065_miniskirt.jpg,TFRP Framework (z+),25.921638,26.098145,0.17650604,0.0068092165,0.6809217,-0.6808993816375732,1.0068092346191406,0.31374454498291016
DeiT-Tiny,76,n02411705_3019_sheep.jpg,Conventional LRP (z+),4.060269,2.1783342,1.8819346,0.4635,46.35,46.35,0.5364999771118164,0.0
DeiT-Tiny,76,n02411705_3019_sheep.jpg,TFRP Framework (z+),4.060269,4.132841,0.07257223,0.017873751,1.7873751,-1.787351131439209,1.017873764038086,0.3146669864654541
DeiT-Tiny,77,n04118776_1258_ruler.jpg,Conventional LRP (z+),3.9132924,2.0994813,1.8138111,0.46350002,46.350002,46.35,0.5364999771118164,0.0
DeiT-Tiny,77,n04118776_1258_ruler.jpg,TFRP Framework (z+),3.9132924,3.7480469,0.16524553,0.042226728,4.222673,4.222672939300537,0.9577732682228088,0.31794095039367676
DeiT-Tiny,78,n01982650_3364_lobster.jpg,Conventional LRP (z+),1.8937818,1.0160139,0.8777679,0.46350002,46.350002,46.35,0.5364999771118164,0.0
DeiT-Tiny,78,n01982650_3364_lobster.jpg,TFRP Framework (z+),1.8937818,2.1328125,0.23903072,0.12621872,12.621872,-12.621871948242188,1.1262186765670776,0.3171389102935791
DeiT-Tiny,79,n01776313_1303_tick.jpg,Conventional LRP (z+),23.355574,12.530265,10.825309,0.46350002,46.350002,46.35,0.5364999771118164,0.0
DeiT-Tiny,79,n01776313_1303_tick.jpg,TFRP Framework (z+),23.355574,23.363724,0.008150101,0.00034895743,0.034895744,-0.03488757461309433,1.0003489255905151,0.3174717426300049
DeiT-Tiny,80,n04004767_2519_printer.jpg,Conventional LRP (z+),32.267063,17.31128,14.955784,0.4635,46.35,46.35,0.5364999771118164,0.0
DeiT-Tiny,80,n04004767_2519_printer.jpg,TFRP Framework (z+),32.267063,32.259766,0.007297516,0.0002261599,0.02261599,0.022627810016274452,0.9997738599777222,0.3203144073486328
DeiT-Tiny,81,n02503517_6661_elephant.jpg,Conventional LRP (z+),10.829011,5.809764,5.019247,0.46350005,46.350006,46.35,0.5364999771118164,0.0
DeiT-Tiny,81,n02503517_6661_elephant.jpg,TFRP Framework (z+),10.829011,10.809319,0.019692421,0.0018184875,0.18184875,0.18183116614818573,0.9981815218925476,0.31768083572387695
DeiT-Tiny,82,n04336792_143_stretcher.jpg,Conventional LRP (z+),11.393389,6.1125526,5.280836,0.46350002,46.350002,46.35,0.5364999771118164,0.0
DeiT-Tiny,82,n04336792_143_stretcher.jpg,TFRP Framework (z+),11.393389,15.124165,3.7307758,0.32745093,32.745094,-32.7451057434082,1.3274509906768799,0.31708574295043945
DeiT-Tiny,83,n02807133_2901_bathing_cap.jpg,Conventional LRP (z+),17.509876,9.394048,8.1158285,0.46350005,46.350006,46.35,0.5364999771118164,0.0
DeiT-Tiny,83,n02807133_2901_bathing_cap.jpg,TFRP Framework (z+),17.509876,14.515625,2.9942513,0.17100357,17.100357,17.100364685058594,0.8289964199066162,0.3151509761810303
DeiT-Tiny,84,n02062744_3044_whale.jpg,Conventional LRP (z+),28.003803,15.02404,12.979763,0.4635,46.35,46.35,0.5364999771118164,0.0
DeiT-Tiny,84,n02062744_3044_whale.jpg,TFRP Framework (z+),28.003803,27.92688,0.07692337,0.00274689,0.27468902,0.27470260858535767,0.9972531199455261,0.3177490234375
DeiT-Tiny,85,n04557648_2511_water_bottle.jpg,Conventional LRP (z+),6.9705873,3.7397199,3.2308674,0.46350002,46.350002,46.35,0.5364999771118164,0.0
DeiT-Tiny,85,n04557648_2511_water_bottle.jpg,TFRP Framework (z+),6.9705873,6.9299164,0.04067087,0.0058346405,0.583464,0.5834708213806152,0.9941653609275818,0.32193684577941895
DeiT-Tiny,86,n07753275_25056_pineapple.jpg,Conventional LRP (z+),5.692467,3.0540085,2.6384587,0.46350002,46.350002,46.35,0.5364999771118164,0.0
DeiT-Tiny,86,n07753275_25056_pineapple.jpg,TFRP Framework (z+),5.692467,5.759552,0.06708479,0.011784836,1.1784836,-1.1784836053848267,1.0117847919464111,0.31645655632019043
DeiT-Tiny,87,n04591713_5607_wine_bottle.jpg,Conventional LRP (z+),20.260336,10.86967,9.390666,0.46350002,46.350002,46.35,0.5364999771118164,0.0
DeiT-Tiny,87,n04591713_5607_wine_bottle.jpg,TFRP Framework (z+),20.260336,19.40625,0.8540859,0.042155568,4.2155566,4.2155656814575195,0.9578444361686707,0.3131289482116699
DeiT-Tiny,88,n02121808_5315_domestic_cat.jpg,Conventional LRP (z+),2.5172014,1.3504785,1.1667229,0.46350002,46.350002,46.35,0.5364999771118164,0.0
DeiT-Tiny,88,n02121808_5315_domestic_cat.jpg,TFRP Framework (z+),2.5172014,2.5209885,0.0037870407,0.0015044647,0.15044646,-0.15043698251247406,1.0015044212341309,0.31503820419311523
DeiT-Tiny,89,n07734744_5110_mushroom.jpg,Conventional LRP (z+),13.264069,7.1161723,6.1478963,0.46350002,46.350002,46.35,0.5364999771118164,0.0
DeiT-Tiny,89,n07734744_5110_mushroom.jpg,TFRP Framework (z+),13.264069,13.08857,0.17549896,0.013231156,1.3231156,1.3231085538864136,0.9867688417434692,0.3161945343017578
DeiT-Tiny,90,n07739125_9099_apple.jpg,Conventional LRP (z+),18.426311,9.8857155,8.540596,0.46350002,46.350002,46.35,0.5364999771118164,0.0
DeiT-Tiny,90,n07739125_9099_apple.jpg,TFRP Framework (z+),18.426311,18.428833,0.002521515,0.00013684317,0.013684317,-0.013684316538274288,1.0001368522644043,0.31511425971984863
DeiT-Tiny,91,n03271574_692_electric_fan.jpg,Conventional LRP (z+),2.5203273,1.3521556,1.1681718,0.46350002,46.350002,46.35,0.5364999771118164,0.0
DeiT-Tiny,91,n03271574_692_electric_fan.jpg,TFRP Framework (z+),2.5203273,2.9333649,0.41303754,0.1638825,16.388248,-16.388248443603516,1.1638824939727783,0.3148982524871826
DeiT-Tiny,92,n03950228_10344_pitcher.jpg,Conventional LRP (z+),14.04902,7.5372987,6.511721,0.46350002,46.350002,46.35,0.5364999771118164,0.0
DeiT-Tiny,92,n03950228_10344_pitcher.jpg,TFRP Framework (z+),14.04902,26.324219,12.275199,0.8737406,87.37406,-87.37403106689453,1.873740553855896,0.319368839263916
DeiT-Tiny,93,n04530566_8181_watercraft.jpg,Conventional LRP (z+),7.685294,4.1231604,3.5621338,0.4635,46.35,46.35,0.5364999771118164,0.0
DeiT-Tiny,93,n04530566_8181_watercraft.jpg,TFRP Framework (z+),7.685294,7.5927734,0.092520714,0.01203867,1.203867,1.2038791179656982,0.9879613518714905,0.3184938430786133
DeiT-Tiny,94,n03000684_3268_chain_saw.jpg,Conventional LRP (z+),5.6116023,3.0106244,2.600978,0.46350005,46.350006,46.35,0.5364999771118164,0.0
DeiT-Tiny,94,n03000684_3268_chain_saw.jpg,TFRP Framework (z+),5.6116023,5.5390625,0.07253981,0.012926755,1.2926755,1.292675495147705,0.9870732426643372,0.3176095485687256
DeiT-Tiny,95,n02355227_12248_squirrel.jpg,Conventional LRP (z+),15.667652,8.405695,7.261957,0.46350002,46.350002,46.35,0.5364999771118164,0.0
DeiT-Tiny,95,n02355227_12248_squirrel.jpg,TFRP Framework (z+),15.667652,15.370117,0.29753494,0.018990397,1.8990397,1.8990278244018555,0.9810096025466919,0.3144702911376953
DeiT-Tiny,96,n03001627_6675_chair.jpg,Conventional LRP (z+),6.363895,3.4142294,2.9496655,0.46350005,46.350006,46.35,0.5364999771118164,0.0
DeiT-Tiny,96,n03001627_6675_chair.jpg,TFRP Framework (z+),6.363895,6.354027,0.009868145,0.0015506455,0.15506454,0.15508699417114258,0.9984493255615234,0.32053661346435547
DeiT-Tiny,97,n02970849_5009_cart.jpg,Conventional LRP (z+),4.752017,2.549457,2.20256,0.46350002,46.350002,46.35,0.5364999771118164,0.0
DeiT-Tiny,97,n02970849_5009_cart.jpg,TFRP Framework (z+),4.752017,4.8692627,0.117245674,0.024672823,2.4672823,-2.467261791229248,1.0246728658676147,0.31950879096984863
DeiT-Tiny,98,n02444819_7927_otter.jpg,Conventional LRP (z+),14.594588,7.829996,6.764592,0.46350002,46.350002,46.35,0.5364999771118164,0.0
DeiT-Tiny,98,n02444819_7927_otter.jpg,TFRP Framework (z+),14.594588,14.5950165,0.00042819977,2.9339626e-05,0.0029339625,-0.002927428111433983,1.0000293254852295,0.3112185001373291
DeiT-Tiny,99,n04023962_20755_punching_bag.jpg,Conventional LRP (z+),6.415788,3.4420702,2.973718,0.46350002,46.350002,46.35,0.5364999771118164,0.0
DeiT-Tiny,99,n04023962_20755_punching_bag.jpg,TFRP Framework (z+),6.415788,6.645523,0.2297349,0.035807744,3.5807743,-3.580766439437866,1.035807728767395,0.31774163246154785
DeiT-Tiny,100,n02777292_18680_balance_beam.jpg,Conventional LRP (z+),8.353272,4.4815307,3.8717418,0.4635,46.35,46.35,0.5364999771118164,0.0
DeiT-Tiny,100,n02777292_18680_balance_beam.jpg,TFRP Framework (z+),8.353272,8.344757,0.008515358,0.0010194038,0.10194038,0.10197459161281586,0.9989805817604065,0.32158470153808594
DeiT-Tiny,101,n07753113_12066_fig.jpg,Conventional LRP (z+),23.202497,12.448139,10.754358,0.46350002,46.350002,46.35,0.5364999771118164,0.0
DeiT-Tiny,101,n07753113_12066_fig.jpg,TFRP Framework (z+),23.202497,22.919922,0.2825756,0.0121786725,1.2178673,1.2178672552108765,0.9878213405609131,0.3384571075439453
DeiT-Tiny,102,n04039381_8917_racket.jpg,Conventional LRP (z+),3.7301476,2.001224,1.7289236,0.46350005,46.350006,46.35,0.5364999771118164,0.0
DeiT-Tiny,102,n04039381_8917_racket.jpg,TFRP Framework (z+),3.7301476,2.9997864,0.7303612,0.19579954,19.579954,19.579954147338867,0.8042004704475403,0.3172118663787842
DeiT-Tiny,103,n03961711_9189_plate_rack.jpg,Conventional LRP (z+),9.88523,5.303426,4.5818043,0.46350002,46.350002,46.35,0.5364999771118164,0.0
DeiT-Tiny,103,n03961711_9189_plate_rack.jpg,TFRP Framework (z+),9.88523,9.883511,0.0017194748,0.00017394383,0.017394383,0.017384737730026245,0.9998260736465454,0.320026159286499
DeiT-Tiny,104,n01982650_8073_lobster.jpg,Conventional LRP (z+),10.961824,5.8810186,5.080806,0.46350002,46.350002,46.35,0.5364999771118164,0.0
DeiT-Tiny,104,n01982650_8073_lobster.jpg,TFRP Framework (z+),10.961824,11.200256,0.23843193,0.021751117,2.1751118,-2.175111770629883,1.0217511653900146,0.3227105140686035
DeiT-Tiny,105,n03838899_34130_oboe.jpg,Conventional LRP (z+),25.132086,13.483363,11.648723,0.46350002,46.350002,46.35,0.5364999771118164,0.0
DeiT-Tiny,105,n03838899_34130_oboe.jpg,TFRP Framework (z+),25.132086,45.084106,19.95202,0.79388636,79.38863,-79.38865661621094,1.793886423110962,0.3246893882751465
DeiT-Tiny,106,n07693725_1357_bagel.jpg,Conventional LRP (z+),16.426981,8.813075,7.613906,0.46350002,46.350002,46.35,0.5364999771118164,0.0
DeiT-Tiny,106,n07693725_1357_bagel.jpg,TFRP Framework (z+),16.426981,16.45337,0.026388168,0.0016063919,0.16063918,-0.1606391817331314,1.0016063451766968,0.316530704498291
DeiT-Tiny,107,n02391049_2847_zebra.jpg,Conventional LRP (z+),16.87658,9.054284,7.822295,0.46350005,46.350006,46.35,0.5364999771118164,0.0
DeiT-Tiny,107,n02391049_2847_zebra.jpg,TFRP Framework (z+),16.87658,16.847778,0.028800964,0.0017065641,0.17065641,0.17064513266086578,0.9982934594154358,0.31658220291137695
DeiT-Tiny,108,n03633091_11227_ladle.jpg,Conventional LRP (z+),6.3028193,3.3814623,2.921357,0.46350002,46.350002,46.35,0.5364999771118164,0.0
DeiT-Tiny,108,n03633091_11227_ladle.jpg,TFRP Framework (z+),6.3028193,6.3416595,0.038840294,0.006162368,0.6162368,-0.6162444353103638,1.006162405014038,0.3131539821624756
DeiT-Tiny,109,n04252077_1991_snowmobile.jpg,Conventional LRP (z+),3.5869734,1.9244112,1.6625623,0.46350002,46.350002,46.35,0.5364999771118164,0.0
DeiT-Tiny,109,n04252077_1991_snowmobile.jpg,TFRP Framework (z+),3.5869734,3.5901031,0.0031297207,0.0008725241,0.08725241,-0.08722579479217529,1.0008724927902222,0.3180105686187744
DeiT-Tiny,110,n07873807_9267_pizza.jpg,Conventional LRP (z+),16.667524,8.942126,7.725398,0.46350002,46.350002,46.35,0.5364999771118164,0.0
DeiT-Tiny,110,n07873807_9267_pizza.jpg,TFRP Framework (z+),16.667524,16.71875,0.051225662,0.0030733815,0.30733815,-0.30732667446136475,1.0030733346939087,0.32163095474243164
DeiT-Tiny,111,n02355227_12611_squirrel.jpg,Conventional LRP (z+),11.334213,6.0808053,5.253408,0.46350002,46.350002,46.35,0.5364999771118164,0.0
DeiT-Tiny,111,n02355227_12611_squirrel.jpg,TFRP Framework (z+),11.334213,26.955719,15.621506,1.3782611,137.82611,-137.8261260986328,2.378261089324951,0.31624650955200195
DeiT-Tiny,112,n03337140_6179_filing_cabinet.jpg,Conventional LRP (z+),14.153989,7.5936146,6.5603743,0.46350002,46.350002,46.35,0.5364999771118164,0.0
DeiT-Tiny,112,n03337140_6179_filing_cabinet.jpg,TFRP Framework (z+),14.153989,14.089844,0.06414509,0.004531944,0.4531944,0.45319440960884094,0.9954680800437927,0.31855130195617676
DeiT-Tiny,113,n03062245_2732_cocktail_shaker.jpg,Conventional LRP (z+),17.031525,9.137413,7.8941116,0.4635,46.35,46.35,0.5364999771118164,0.0
DeiT-Tiny,113,n03062245_2732_cocktail_shaker.jpg,TFRP Framework (z+),17.031525,17.02375,0.007774353,0.0004564684,0.04564684,0.04564683884382248,0.9995435476303101,0.31934165954589844
DeiT-Tiny,114,n02786058_2393_band_aid.jpg,Conventional LRP (z+),29.669836,15.917867,13.751969,0.46350002,46.350002,46.35,0.5364999771118164,0.0
DeiT-Tiny,114,n02786058_2393_band_aid.jpg,TFRP Framework (z+),29.669836,30.103745,0.43390846,0.014624566,1.4624566,-1.4624565839767456,1.0146245956420898,0.32322120666503906
DeiT-Tiny,115,n03958227_1109_plastic_bag.jpg,Conventional LRP (z+),12.648108,6.7857094,5.862398,0.46350002,46.350002,46.35,0.5364999771118164,0.0
DeiT-Tiny,115,n03958227_1109_plastic_bag.jpg,TFRP Framework (z+),12.648108,15.539734,2.8916264,0.22862126,22.862125,-22.862136840820312,1.228621244430542,0.3161149024963379
DeiT-Tiny,116,n04070727_39078_refrigerator.jpg,Conventional LRP (z+),12.54605,6.7309556,5.8150945,0.46350002,46.350002,46.35,0.5364999771118164,0.0
DeiT-Tiny,116,n04070727_39078_refrigerator.jpg,TFRP Framework (z+),12.54605,12.499054,0.046996117,0.0037458895,0.37458897,0.37458136677742004,0.9962540864944458,0.3204379081726074
DeiT-Tiny,117,n03720891_10274_maraca.jpg,Conventional LRP (z+),9.042681,4.851398,4.1912827,0.46350002,46.350002,46.35,0.5364999771118164,0.0
DeiT-Tiny,117,n03720891_10274_maraca.jpg,TFRP Framework (z+),9.042681,9.031517,0.011163712,0.0012345577,0.12345577,0.12344523519277573,0.9987654685974121,0.3214530944824219
DeiT-Tiny,118,n02454379_6001_armadillo.jpg,Conventional LRP (z+),7.6851683,4.1230927,3.5620756,0.46350002,46.350002,46.35,0.5364999771118164,0.0
DeiT-Tiny,118,n02454379_6001_armadillo.jpg,TFRP Framework (z+),7.6851683,7.9429626,0.25779438,0.033544403,3.3544402,-3.3544209003448486,1.0335444211959839,0.3188612461090088
DeiT-Tiny,119,n04070727_16103_refrigerator.jpg,Conventional LRP (z+),12.484078,6.6977077,5.7863708,0.46350002,46.350002,46.35,0.5364999771118164,0.0
DeiT-Tiny,119,n04070727_16103_refrigerator.jpg,TFRP Framework (z+),12.484078,12.361726,0.1223526,0.009800691,0.9800691,0.980069100856781,0.9901993274688721,0.31586503982543945
DeiT-Tiny,120,n02880940_18435_bowl.jpg,Conventional LRP (z+),3.29388,1.7671665,1.5267135,0.46350002,46.350002,46.35,0.5364999771118164,0.0
DeiT-Tiny,120,n02880940_18435_bowl.jpg,TFRP Framework (z+),3.29388,3.298523,0.0046429634,0.0014095728,0.14095728,-0.1409572809934616,1.0014095306396484,0.3177924156188965
DeiT-Tiny,121,n04540053_735_volleyball.jpg,Conventional LRP (z+),8.198947,4.398735,3.800212,0.4635,46.35,46.35,0.5364999771118164,0.0
DeiT-Tiny,121,n04540053_735_volleyball.jpg,TFRP Framework (z+),8.198947,8.193237,0.005709648,0.00069638796,0.069638796,0.06965041905641556,0.9993036389350891,0.31891655921936035
DeiT-Tiny,122,n04332243_12542_strainer.jpg,Conventional LRP (z+),12.625853,6.77377,5.8520827,0.4635,46.35,46.35,0.5364999771118164,0.0
DeiT-Tiny,122,n04332243_12542_strainer.jpg,TFRP Framework (z+),12.625853,12.629517,0.0036640167,0.00029019956,0.029019956,-0.029019955545663834,1.0002901554107666,0.3210008144378662
DeiT-Tiny,123,n04336792_7621_stretcher.jpg,Conventional LRP (z+),44.026554,23.620245,20.40631,0.46350002,46.350002,46.35,0.5364999771118164,0.0
DeiT-Tiny,123,n04336792_7621_stretcher.jpg,TFRP Framework (z+),44.026554,44.004692,0.02186203,0.00049656467,0.049656466,0.04966512322425842,0.9995034337043762,0.3166360855102539
DeiT-Tiny,124,n01882714_14215_koala_bear.jpg,Conventional LRP (z+),2.8044975,1.5046128,1.2998847,0.46350002,46.350002,46.35,0.5364999771118164,0.0
DeiT-Tiny,124,n01882714_14215_koala_bear.jpg,TFRP Framework (z+),2.8044975,2.8301125,0.025614977,0.009133535,0.91335356,-0.9133363962173462,1.0091335773468018,0.3186361789703369
DeiT-Tiny,125,n02503517_9218_elephant.jpg,Conventional LRP (z+),3.4475682,1.8496202,1.597948,0.46350002,46.350002,46.35,0.5364999771118164,0.0
DeiT-Tiny,125,n02503517_9218_elephant.jpg,TFRP Framework (z+),3.4475682,3.4407387,0.0068295,0.0019809615,0.19809616,0.1980961561203003,0.9980190396308899,0.3189690113067627
DeiT-Tiny,126,n04509417_2993_unicycle.jpg,Conventional LRP (z+),6.6322856,3.558221,3.0740645,0.46350002,46.350002,46.35,0.5364999771118164,0.0
DeiT-Tiny,126,n04509417_2993_unicycle.jpg,TFRP Framework (z+),6.6322856,5.3117065,1.320579,0.19911373,19.911373,19.9113826751709,0.8008862733840942,0.3198831081390381
DeiT-Tiny,127,n07753592_862_banana.jpg,Conventional LRP (z+),3.2037382,1.7188054,1.4849328,0.46350002,46.350002,46.35,0.5364999771118164,0.0
DeiT-Tiny,127,n07753592_862_banana.jpg,TFRP Framework (z+),3.2037382,2.8150024,0.38873577,0.12133818,12.133818,12.133805274963379,0.8786618113517761,0.3137505054473877
DeiT-Tiny,128,n04409515_6040_tennis_ball.jpg,Conventional LRP (z+),7.999631,4.291802,3.707829,0.4635,46.35,46.35,0.5364999771118164,0.0
DeiT-Tiny,128,n04409515_6040_tennis_ball.jpg,TFRP Framework (z+),7.999631,8.920868,0.921237,0.115159936,11.515994,-11.515987396240234,1.1151599884033203,0.31992411613464355
DeiT-Tiny,129,n02870880_2338_bookshelf.jpg,Conventional LRP (z+),1.9595135,1.051279,0.9082346,0.46350002,46.350002,46.35,0.5364999771118164,0.0
DeiT-Tiny,129,n02870880_2338_bookshelf.jpg,TFRP Framework (z+),1.9595135,1.9052734,0.054240108,0.027680395,2.7680395,2.7680511474609375,0.9723196029663086,0.31833481788635254
DeiT-Tiny,130,n03124170_1312_hat_with_a_wide_brim.jpg,Conventional LRP (z+),11.898795,6.383703,5.515092,0.46350002,46.350002,46.35,0.5364999771118164,0.0
DeiT-Tiny,130,n03124170_1312_hat_with_a_wide_brim.jpg,TFRP Framework (z+),11.898795,9.424805,2.4739904,0.2079194,20.79194,20.791948318481445,0.7920805811882019,0.3218259811401367
DeiT-Tiny,131,n02777292_4842_balance_beam.jpg,Conventional LRP (z+),11.525015,6.1831703,5.3418446,0.46350002,46.350002,46.35,0.5364999771118164,0.0
DeiT-Tiny,131,n02777292_4842_balance_beam.jpg,TFRP Framework (z+),11.525015,11.353943,0.171072,0.014843538,1.4843538,1.48435378074646,0.9851564764976501,0.3134610652923584
DeiT-Tiny,132,n01944390_7154_snail.jpg,Conventional LRP (z+),15.580957,8.359183,7.221774,0.46350002,46.350002,46.35,0.5364999771118164,0.0
DeiT-Tiny,132,n01944390_7154_snail.jpg,TFRP Framework (z+),15.580957,15.833729,0.25277138,0.016223097,1.6223097,-1.6223033666610718,1.0162230730056763,0.31977033615112305
DeiT-Tiny,133,n02445715_13210_skunk.jpg,Conventional LRP (z+),20.078953,10.772358,9.306595,0.46350002,46.350002,46.35,0.5364999771118164,0.0
DeiT-Tiny,133,n02445715_13210_skunk.jpg,TFRP Framework (z+),20.078953,20.150696,0.07174301,0.0035730454,0.35730454,-0.3572950065135956,1.0035730600357056,0.3227999210357666
DeiT-Tiny,134,n03761084_13411_microwave.jpg,Conventional LRP (z+),20.796133,11.1571245,9.6390085,0.46350005,46.350006,46.35,0.5364999771118164,0.0
DeiT-Tiny,134,n03761084_13411_microwave.jpg,TFRP Framework (z+),20.796133,21.082214,0.2860813,0.013756467,1.3756467,-1.375637412071228,1.013756513595581,0.32026219367980957
DeiT-Tiny,135,n04154565_1120_screwdriver.jpg,Conventional LRP (z+),7.233189,3.8806057,3.3525834,0.46350002,46.350002,46.35,0.5364999771118164,0.0
DeiT-Tiny,135,n04154565_1120_screwdriver.jpg,TFRP Framework (z+),7.233189,7.2373047,0.0041155815,0.00056898576,0.056898575,-0.056905172765254974,1.0005689859390259,0.31487321853637695
DeiT-Tiny,136,n02870880_1312_bookshelf.jpg,Conventional LRP (z+),8.84398,4.744795,4.099185,0.46350005,46.350006,46.35,0.5364999771118164,0.0
DeiT-Tiny,136,n02870880_1312_bookshelf.jpg,TFRP Framework (z+),8.84398,8.920746,0.076766014,0.008680031,0.8680031,-0.868013858795166,1.008679986000061,0.31945013999938965
DeiT-Tiny,137,n02445715_1874_skunk.jpg,Conventional LRP (z+),4.1740303,2.2393672,1.934663,0.4635,46.35,46.35,0.5364999771118164,0.0
DeiT-Tiny,137,n02445715_1874_skunk.jpg,TFRP Framework (z+),4.1740303,4.184326,0.010295868,0.002466649,0.24666491,-0.24667635560035706,1.0024666786193848,0.3193211555480957
DeiT-Tiny,138,n03995372_2270_power_drill.jpg,Conventional LRP (z+),4.391487,2.3560328,2.0354543,0.4635,46.35,46.35,0.5364999771118164,0.0
DeiT-Tiny,138,n03995372_2270_power_drill.jpg,TFRP Framework (z+),4.391487,4.395355,0.003868103,0.00088081846,0.088081844,-0.08809271454811096,1.0008808374404907,0.3155953884124756
DeiT-Tiny,139,n03481172_10708_hammer.jpg,Conventional LRP (z+),5.40264,2.8985162,2.5041237,0.46350002,46.350002,46.35,0.5364999771118164,0.0
DeiT-Tiny,139,n03481172_10708_hammer.jpg,TFRP Framework (z+),5.40264,5.4383163,0.03567648,0.0066035273,0.6603527,-0.6603438258171082,1.006603479385376,0.3191351890563965
DeiT-Tiny,140,n03110669_126388_trumpet.jpg,Conventional LRP (z+),9.883892,5.3027077,4.5811844,0.46350005,46.350006,46.35,0.5364999771118164,0.0
DeiT-Tiny,140,n03110669_126388_trumpet.jpg,TFRP Framework (z+),9.883892,1.7741699,8.109722,0.8204989,82.04989,82.04988098144531,0.17950114607810974,0.3205389976501465
DeiT-Tiny,141,n03958227_3676_plastic_bag.jpg,Conventional LRP (z+),13.804704,7.4062233,6.3984804,0.46350002,46.350002,46.35,0.5364999771118164,0.0
DeiT-Tiny,141,n03958227_3676_plastic_bag.jpg,TFRP Framework (z+),13.804704,13.762665,0.042038918,0.0030452604,0.30452603,0.3045191466808319,0.9969547390937805,0.33969640731811523
DeiT-Tiny,142,n03314780_8491_face_powder.jpg,Conventional LRP (z+),7.427546,3.9848783,3.4426677,0.46350002,46.350002,46.35,0.5364999771118164,0.0
DeiT-Tiny,142,n03314780_8491_face_powder.jpg,TFRP Framework (z+),7.427546,7.443821,0.016274929,0.0021911582,0.21911582,-0.21911582350730896,1.002191185951233,0.31978464126586914
DeiT-Tiny,143,n02317335_14997_starfish.jpg,Conventional LRP (z+),2.9624531,1.5893561,1.3730971,0.46350002,46.350002,46.35,0.5364999771118164,0.0
DeiT-Tiny,143,n02317335_14997_starfish.jpg,TFRP Framework (z+),2.9624531,13.362962,10.400509,3.5107758,351.07758,-351.0776672363281,4.510775566101074,0.3170440196990967
DeiT-Tiny,144,n02777292_15460_balance_beam.jpg,Conventional LRP (z+),5.393497,2.893611,2.499886,0.46350002,46.350002,46.35,0.5364999771118164,0.0
DeiT-Tiny,144,n02777292_15460_balance_beam.jpg,TFRP Framework (z+),5.393497,6.081787,0.6882901,0.12761481,12.761481,-12.76147174835205,1.1276148557662964,0.3227837085723877
DeiT-Tiny,145,n07873807_12105_pizza.jpg,Conventional LRP (z+),5.619765,3.0150037,2.6047611,0.46350002,46.350002,46.35,0.5364999771118164,0.0
DeiT-Tiny,145,n07873807_12105_pizza.jpg,TFRP Framework (z+),5.619765,5.673462,0.05369711,0.0095550455,0.95550454,-0.9554874300956726,1.0095551013946533,0.3209969997406006
DeiT-Tiny,146,n02691156_433_airplane.jpg,Conventional LRP (z+),8.162692,4.379284,3.7834082,0.46350005,46.350006,46.35,0.5364999771118164,0.0
DeiT-Tiny,146,n02691156_433_airplane.jpg,TFRP Framework (z+),8.162692,9.777344,1.6146517,0.19780873,19.780872,-19.78085708618164,1.1978087425231934,0.31802821159362793
DeiT-Tiny,147,n04254680_5654_soccer_ball.jpg,Conventional LRP (z+),18.371254,9.856177,8.515077,0.46350002,46.350002,46.35,0.5364999771118164,0.0
DeiT-Tiny,147,n04254680_5654_soccer_ball.jpg,TFRP Framework (z+),18.371254,17.700203,0.671051,0.03652723,3.652723,3.652742862701416,0.9634727835655212,0.3176259994506836
DeiT-Tiny,148,n07753113_7675_fig.jpg,Conventional LRP (z+),12.702072,6.8146615,5.8874106,0.46350002,46.350002,46.35,0.5364999771118164,0.0
DeiT-Tiny,148,n07753113_7675_fig.jpg,TFRP Framework (z+),12.702072,12.702715,0.0006427765,5.0604067e-05,0.005060407,-0.005052898079156876,1.0000505447387695,0.3193824291229248
DeiT-Tiny,149,n03636649_2054_lamp.jpg,Conventional LRP (z+),12.464599,6.687257,5.777342,0.46350002,46.350002,46.35,0.5364999771118164,0.0
DeiT-Tiny,149,n03636649_2054_lamp.jpg,TFRP Framework (z+),12.464599,12.537109,0.07251072,0.005817333,0.5817333,-0.5817255973815918,1.0058172941207886,0.32462573051452637
DeiT-Tiny,150,n02769748_46333_backpack.jpg,Conventional LRP (z+),20.202353,10.838562,9.3637905,0.4635,46.35,46.35,0.5364999771118164,0.0
DeiT-Tiny,150,n02769748_46333_backpack.jpg,TFRP Framework (z+),20.202353,20.086975,0.115377426,0.0057110884,0.5711088,0.5710901021957397,0.9942889213562012,0.3206038475036621
DeiT-Tiny,151,n04254680_8751_soccer_ball.jpg,Conventional LRP (z+),15.00699,8.05125,6.95574,0.4635,46.35,46.35,0.5364999771118164,0.0
DeiT-Tiny,151,n04254680_8751_soccer_ball.jpg,TFRP Framework (z+),15.00699,12.403055,2.6039352,0.17351481,17.35148,17.351470947265625,0.8264851570129395,0.3208925724029541
DeiT-Tiny,152,n03790512_6395_motorcycle.jpg,Conventional LRP (z+),7.9200306,4.2490964,3.6709342,0.4635,46.35,46.35,0.5364999771118164,0.0
DeiT-Tiny,152,n03790512_6395_motorcycle.jpg,TFRP Framework (z+),7.9200306,7.924404,0.0043735504,0.0005522138,0.055221383,-0.055209338665008545,1.0005521774291992,0.3200051784515381
DeiT-Tiny,153,n03196217_5430_digital_clock.jpg,Conventional LRP (z+),29.729702,15.949985,13.779717,0.46350002,46.350002,46.35,0.5364999771118164,0.0
DeiT-Tiny,153,n03196217_5430_digital_clock.jpg,TFRP Framework (z+),29.729702,29.702576,0.027126312,0.00091243134,0.09124313,0.09124313294887543,0.9990875720977783,0.31922411918640137
DeiT-Tiny,154,n03790512_5722_motorcycle.jpg,Conventional LRP (z+),20.521807,11.009949,9.511858,0.46350002,46.350002,46.35,0.5364999771118164,0.0
DeiT-Tiny,154,n03790512_5722_motorcycle.jpg,TFRP Framework (z+),20.521807,20.582878,0.061071396,0.002975927,0.2975927,-0.2975926995277405,1.0029759407043457,0.320920467376709
DeiT-Tiny,155,n03110669_8565_trumpet.jpg,Conventional LRP (z+),16.030859,8.600555,7.4303036,0.46350002,46.350002,46.35,0.5364999771118164,0.0
DeiT-Tiny,155,n03110669_8565_trumpet.jpg,TFRP Framework (z+),16.030859,16.306396,0.2755375,0.017187944,1.7187943,-1.718794345855713,1.0171879529953003,0.3173816204071045
DeiT-Tiny,156,n07714571_1112_head_cabbage.jpg,Conventional LRP (z+),40.21911,21.57755,18.641558,0.46350002,46.350002,46.35,0.5364999771118164,0.0
DeiT-Tiny,156,n07714571_1112_head_cabbage.jpg,TFRP Framework (z+),40.21911,39.513596,0.705513,0.017541736,1.7541736,1.7541829347610474,0.982458233833313,0.31855058670043945
DeiT-Tiny,157,n04591157_197_tie.jpg,Conventional LRP (z+),15.317762,8.217979,7.099783,0.4635,46.35,46.35,0.5364999771118164,0.0
DeiT-Tiny,157,n04591157_197_tie.jpg,TFRP Framework (z+),15.317762,15.31469,0.0030727386,0.00020059971,0.020059971,0.020066194236278534,0.999799370765686,0.31940674781799316
DeiT-Tiny,158,n02274259_1690_butterfly.jpg,Conventional LRP (z+),15.410186,8.267565,7.142621,0.4635,46.35,46.35,0.5364999771118164,0.0
DeiT-Tiny,158,n02274259_1690_butterfly.jpg,TFRP Framework (z+),15.410186,40.0,24.589813,1.5956857,159.56857,-159.56857299804688,2.5956857204437256,0.31780171394348145
DeiT-Tiny,159,n03494278_29099_harmonica.jpg,Conventional LRP (z+),8.175276,4.3860354,3.7892404,0.4635,46.35,46.35,0.5364999771118164,0.0
DeiT-Tiny,159,n03494278_29099_harmonica.jpg,TFRP Framework (z+),8.175276,8.470459,0.29518318,0.036106817,3.6106818,-3.6106936931610107,1.036106824874878,0.31468892097473145
DeiT-Tiny,160,n03476991_14651_hair_spray.jpg,Conventional LRP (z+),5.8517027,3.1394384,2.7122643,0.46350002,46.350002,46.35,0.5364999771118164,0.0
DeiT-Tiny,160,n03476991_14651_hair_spray.jpg,TFRP Framework (z+),5.8517027,5.8386,0.013102531,0.0022390971,0.22390972,0.22390158474445343,0.9977608919143677,0.31866025924682617
DeiT-Tiny,161,n02084071_35839_dog.jpg,Conventional LRP (z+),12.308844,6.6036944,5.705149,0.46350002,46.350002,46.35,0.5364999771118164,0.0
DeiT-Tiny,161,n02084071_35839_dog.jpg,TFRP Framework (z+),12.308844,12.0876045,0.22123909,0.017973995,1.7973995,1.7973918914794922,0.9820259809494019,0.3201930522918701
DeiT-Tiny,162,n04270147_7710_spatula.jpg,Conventional LRP (z+),12.61249,6.7666006,5.845889,0.46350002,46.350002,46.35,0.5364999771118164,0.0
DeiT-Tiny,162,n04270147_7710_spatula.jpg,TFRP Framework (z+),12.61249,12.635498,0.023008347,0.001824251,0.1824251,-0.18241752684116364,1.0018242597579956,0.31473350524902344
DeiT-Tiny,163,n01776313_4044_tick.jpg,Conventional LRP (z+),17.370325,9.319179,8.0511465,0.46350005,46.350006,46.35,0.5364999771118164,0.0
DeiT-Tiny,163,n01776313_4044_tick.jpg,TFRP Framework (z+),17.370325,17.206757,0.1635685,0.009416548,0.94165474,0.9416547417640686,0.9905834794044495,0.31731343269348145
DeiT-Tiny,164,n02129604_7580_tiger.jpg,Conventional LRP (z+),9.609737,5.155624,4.4541135,0.46350002,46.350002,46.35,0.5364999771118164,0.0
DeiT-Tiny,164,n02129604_7580_tiger.jpg,TFRP Framework (z+),9.609737,9.580032,0.029705048,0.0030911404,0.30911404,0.30910414457321167,0.9969088435173035,0.318220853805542
DeiT-Tiny,165,n02342885_1420_hamster.jpg,Conventional LRP (z+),11.14898,5.9814277,5.1675525,0.46350002,46.350002,46.35,0.5364999771118164,0.0
DeiT-Tiny,165,n02342885_1420_hamster.jpg,TFRP Framework (z+),11.14898,10.990952,0.1580286,0.014174266,1.4174266,1.4174349308013916,0.9858257174491882,0.3220078945159912
DeiT-Tiny,166,n03928116_26188_piano.jpg,Conventional LRP (z+),25.708597,13.792662,11.9159355,0.46350002,46.350002,46.35,0.5364999771118164,0.0
DeiT-Tiny,166,n03928116_26188_piano.jpg,TFRP Framework (z+),25.708597,25.65625,0.052347183,0.0020361743,0.20361742,0.20361003279685974,0.9979638457298279,0.32256269454956055
DeiT-Tiny,167,n07745940_2123_strawberry.jpg,Conventional LRP (z+),18.95757,10.170735,8.786834,0.46350002,46.350002,46.35,0.5364999771118164,0.0
DeiT-Tiny,167,n07745940_2123_strawberry.jpg,TFRP Framework (z+),18.95757,17.644531,1.3130379,0.06926193,6.926193,6.926202774047852,0.930738091468811,0.3153989315032959
DeiT-Tiny,168,n04379243_19752_table.jpg,Conventional LRP (z+),18.645695,10.003415,8.64228,0.4635,46.35,46.35,0.5364999771118164,0.0
DeiT-Tiny,168,n04379243_19752_table.jpg,TFRP Framework (z+),18.645695,18.657227,0.01153183,0.0006184715,0.061847147,-0.06184714660048485,1.0006184577941895,0.3224809169769287
DeiT-Tiny,169,n04039381_17266_racket.jpg,Conventional LRP (z+),16.888323,9.060585,7.827738,0.46350002,46.350002,46.35,0.5364999771118164,0.0
DeiT-Tiny,169,n04039381_17266_racket.jpg,TFRP Framework (z+),16.888323,16.890625,0.0023021698,0.00013631725,0.013631725,-0.013643021695315838,1.000136375427246,0.3173177242279053
DeiT-Tiny,170,n07745940_1671_strawberry.jpg,Conventional LRP (z+),9.245494,4.9602075,4.2852864,0.4635,46.35,46.35,0.5364999771118164,0.0
DeiT-Tiny,170,n07745940_1671_strawberry.jpg,TFRP Framework (z+),9.245494,9.265354,0.019860268,0.0021481025,0.21481025,-0.21481025218963623,1.002148151397705,0.31667256355285645
DeiT-Tiny,171,n03804744_1360_nail.jpg,Conventional LRP (z+),7.2203074,3.8736947,3.3466127,0.46350002,46.350002,46.35,0.5364999771118164,0.0
DeiT-Tiny,171,n03804744_1360_nail.jpg,TFRP Framework (z+),7.2203074,7.2874756,0.067168236,0.009302684,0.9302684,-0.930268406867981,1.0093027353286743,0.3173213005065918
DeiT-Tiny,172,n01944390_2487_snail.jpg,Conventional LRP (z+),13.210685,7.087532,6.1231527,0.46350002,46.350002,46.35,0.5364999771118164,0.0
DeiT-Tiny,172,n01944390_2487_snail.jpg,TFRP Framework (z+),13.210685,12.990784,0.21990108,0.0166457,1.66457,1.6645556688308716,0.9833543300628662,0.31998515129089355
DeiT-Tiny,173,n03063338_8414_coffee_maker.jpg,Conventional LRP (z+),3.5813603,1.9213997,1.6599606,0.46350002,46.350002,46.35,0.5364999771118164,0.0
DeiT-Tiny,173,n03063338_8414_coffee_maker.jpg,TFRP Framework (z+),3.5813603,3.325912,0.25544834,0.07132718,7.132718,7.132724761962891,0.9286727905273438,0.32365965843200684
DeiT-Tiny,174,n03063338_187_coffee_maker.jpg,Conventional LRP (z+),39.122414,20.989174,18.13324,0.46350002,46.350002,46.35,0.5364999771118164,0.0
DeiT-Tiny,174,n03063338_187_coffee_maker.jpg,TFRP Framework (z+),39.122414,39.107056,0.015357971,0.00039256195,0.039256196,0.039236702024936676,0.9996074438095093,0.3206014633178711
DeiT-Tiny,175,n07747607_5642_orange.jpg,Conventional LRP (z+),7.9636035,4.272473,3.6911306,0.46350005,46.350006,46.35,0.5364999771118164,0.0
DeiT-Tiny,175,n07747607_5642_orange.jpg,TFRP Framework (z+),7.9636035,7.8969193,0.066684246,0.008373627,0.83736277,0.8373686075210571,0.9916263818740845,0.32587742805480957
DeiT-Tiny,176,n03372029_58342_flute.jpg,Conventional LRP (z+),24.398117,13.089589,11.308528,0.46350002,46.350002,46.35,0.5364999771118164,0.0
DeiT-Tiny,176,n03372029_58342_flute.jpg,TFRP Framework (z+),24.398117,24.476562,0.078445435,0.003215225,0.3215225,-0.3215303421020508,1.0032151937484741,0.32446742057800293
DeiT-Tiny,177,n03584254_2594_iPod.jpg,Conventional LRP (z+),2.4137497,1.2949767,1.118773,0.4635,46.35,46.35,0.5364999771118164,0.0
DeiT-Tiny,177,n03584254_2594_iPod.jpg,TFRP Framework (z+),2.4137497,2.3977356,0.0160141,0.006634532,0.6634532,0.6634826064109802,0.993365466594696,0.3229396343231201
DeiT-Tiny,178,n02764044_41120_axe.jpg,Conventional LRP (z+),12.646103,6.784634,5.861469,0.4635,46.35,46.35,0.5364999771118164,0.0
DeiT-Tiny,178,n02764044_41120_axe.jpg,TFRP Framework (z+),12.646103,12.526489,0.11961365,0.009458538,0.9458538,0.945868730545044,0.9905414581298828,0.3380711078643799
DeiT-Tiny,179,n03710721_17219_maillot.jpg,Conventional LRP (z+),8.168783,4.382552,3.786231,0.4635,46.35,46.35,0.5364999771118164,0.0
DeiT-Tiny,179,n03710721_17219_maillot.jpg,TFRP Framework (z+),8.168783,8.125748,0.043035507,0.005268289,0.5268289,0.5268288850784302,0.9947317242622375,0.31836581230163574
DeiT-Tiny,180,n01495701_1287_ray.jpg,Conventional LRP (z+),21.195501,11.371386,9.824116,0.46350005,46.350006,46.35,0.5364999771118164,0.0
DeiT-Tiny,180,n01495701_1287_ray.jpg,TFRP Framework (z+),21.195501,21.234726,0.039224625,0.0018506108,0.18506108,-0.1850520670413971,1.0018506050109863,0.3195023536682129
DeiT-Tiny,181,n04468005_24186_train.jpg,Conventional LRP (z+),7.2053084,3.8656478,3.3396606,0.46350002,46.350002,46.35,0.5364999771118164,0.0
DeiT-Tiny,181,n04468005_24186_train.jpg,TFRP Framework (z+),7.2053084,7.4482346,0.24292612,0.033714883,3.3714883,-3.371495008468628,1.0337148904800415,0.32161736488342285
DeiT-Tiny,182,n04154565_3382_screwdriver.jpg,Conventional LRP (z+),17.907887,9.607581,8.300305,0.4635,46.35,46.35,0.5364999771118164,0.0
DeiT-Tiny,182,n04154565_3382_screwdriver.jpg,TFRP Framework (z+),17.907887,17.891418,0.016468048,0.0009195975,0.09195975,0.09194911271333694,0.9990804195404053,0.3247816562652588
DeiT-Tiny,183,n02131653_3512_bear.jpg,Conventional LRP (z+),5.937577,3.18551,2.7520669,0.4635,46.35,46.35,0.5364999771118164,0.0
DeiT-Tiny,183,n02131653_3512_bear.jpg,TFRP Framework (z+),5.937577,6.577488,0.6399112,0.10777312,10.777311,-10.777311325073242,1.1077730655670166,0.315366268157959
DeiT-Tiny,184,n04039381_8129_racket.jpg,Conventional LRP (z+),27.429388,14.715866,12.713522,0.46350002,46.350002,46.35,0.5364999771118164,0.0
DeiT-Tiny,184,n04039381_8129_racket.jpg,TFRP Framework (z+),27.429388,30.230516,2.8011284,0.102121435,10.212144,-10.212127685546875,1.1021214723587036,0.3223888874053955
DeiT-Tiny,185,n07718747_4881_artichoke.jpg,Conventional LRP (z+),4.639904,2.4893084,2.1505957,0.46350002,46.350002,46.35,0.5364999771118164,0.0
DeiT-Tiny,185,n07718747_4881_artichoke.jpg,TFRP Framework (z+),4.639904,4.5033255,0.13657856,0.029435644,2.9435644,2.943554401397705,0.9705643653869629,0.32125020027160645
DeiT-Tiny,186,n04256520_823_sofa.jpg,Conventional LRP (z+),8.642588,4.6367483,4.0058393,0.4635,46.35,46.35,0.5364999771118164,0.0
DeiT-Tiny,186,n04256520_823_sofa.jpg,TFRP Framework (z+),8.642588,6.8625793,1.7800083,0.2059578,20.59578,20.595788955688477,0.7940422296524048,0.3197791576385498
DeiT-Tiny,187,n07583066_9023_guacamole.jpg,Conventional LRP (z+),21.288208,11.4211235,9.8670845,0.4635,46.35,46.35,0.5364999771118164,0.0
DeiT-Tiny,187,n07583066_9023_guacamole.jpg,TFRP Framework (z+),21.288208,21.392494,0.104286194,0.0048987777,0.48987776,-0.48987776041030884,1.0048987865447998,0.3176689147949219
DeiT-Tiny,188,n04332243_13118_strainer.jpg,Conventional LRP (z+),27.04918,14.511884,12.537295,0.46350002,46.350002,46.35,0.5364999771118164,0.0
DeiT-Tiny,188,n04332243_13118_strainer.jpg,TFRP Framework (z+),27.04918,27.089905,0.040725708,0.0015056172,0.15056172,-0.15056876838207245,1.0015056133270264,0.31874895095825195
DeiT-Tiny,189,n03958227_1879_plastic_bag.jpg,Conventional LRP (z+),1.6087619,0.8631007,0.7456612,0.46350002,46.350002,46.35,0.5364999771118164,0.0
DeiT-Tiny,189,n03958227_1879_plastic_bag.jpg,TFRP Framework (z+),1.6087619,1.6092682,0.00050628185,0.00031470277,0.031470276,-0.03148510307073593,1.000314712524414,0.3211171627044678
DeiT-Tiny,190,n07745940_13408_strawberry.jpg,Conventional LRP (z+),36.202778,19.422789,16.77999,0.46350005,46.350006,46.35,0.5364999771118164,0.0
DeiT-Tiny,190,n07745940_13408_strawberry.jpg,TFRP Framework (z+),36.202778,35.57406,0.62871933,0.017366605,1.7366605,1.7366604804992676,0.9826334118843079,0.3207814693450928
DeiT-Tiny,191,n07880968_5436_burrito.jpg,Conventional LRP (z+),3.8551102,2.0682666,1.7868435,0.4635,46.35,46.35,0.5364999771118164,0.0
DeiT-Tiny,191,n07880968_5436_burrito.jpg,TFRP Framework (z+),3.8551102,3.8291016,0.026008606,0.0067465273,0.67465276,0.6746465563774109,0.9932534694671631,0.3147857189178467
DeiT-Tiny,192,n07718472_11793_cucumber.jpg,Conventional LRP (z+),17.05652,9.150823,7.905698,0.46350002,46.350002,46.35,0.5364999771118164,0.0
DeiT-Tiny,192,n07718472_11793_cucumber.jpg,TFRP Framework (z+),17.05652,16.791016,0.26550484,0.015566179,1.5566179,1.5566178560256958,0.9844338297843933,0.32055068016052246
DeiT-Tiny,193,n03211117_11986_tv_or_monitor.jpg,Conventional LRP (z+),3.960098,2.1245925,1.8355055,0.46350002,46.350002,46.35,0.5364999771118164,0.0
DeiT-Tiny,193,n03211117_11986_tv_or_monitor.jpg,TFRP Framework (z+),3.960098,3.953949,0.0061490536,0.0015527529,0.15527529,0.15528731048107147,0.9984472393989563,0.32232022285461426
DeiT-Tiny,194,n02346627_2043_porcupine.jpg,Conventional LRP (z+),3.7117424,1.9913497,1.7203927,0.46350002,46.350002,46.35,0.5364999771118164,0.0
DeiT-Tiny,194,n02346627_2043_porcupine.jpg,TFRP Framework (z+),3.7117424,3.6618958,0.04984665,0.013429447,1.3429447,1.3429319858551025,0.9865705370903015,0.31739282608032227
DeiT-Tiny,195,n07693725_4210_bagel.jpg,Conventional LRP (z+),19.071903,10.232076,8.839828,0.46350002,46.350002,46.35,0.5364999771118164,0.0
DeiT-Tiny,195,n07693725_4210_bagel.jpg,TFRP Framework (z+),19.071903,18.99414,0.077762604,0.0040773386,0.40773386,0.40774378180503845,0.9959226846694946,0.31749916076660156
DeiT-Tiny,196,n00007846_160891_person.jpg,Conventional LRP (z+),4.0708733,2.1840234,1.8868499,0.46350002,46.350002,46.35,0.5364999771118164,0.0
DeiT-Tiny,196,n00007846_160891_person.jpg,TFRP Framework (z+),4.0708733,3.4484863,0.62238693,0.15288782,15.288782,15.288771629333496,0.8471121788024902,0.31900691986083984
DeiT-Tiny,197,n04154565_5155_screwdriver.jpg,Conventional LRP (z+),28.9498,15.531568,13.418233,0.46350002,46.350002,46.35,0.5364999771118164,0.0
DeiT-Tiny,197,n04154565_5155_screwdriver.jpg,TFRP Framework (z+),28.9498,28.902761,0.047039032,0.0016248482,0.16248482,0.1624782383441925,0.9983751773834229,0.319425106048584
DeiT-Tiny,198,n04154565_11358_screwdriver.jpg,Conventional LRP (z+),4.1300206,2.215756,1.9142647,0.46350002,46.350002,46.35,0.5364999771118164,0.0
DeiT-Tiny,198,n04154565_11358_screwdriver.jpg,TFRP Framework (z+),4.1300206,4.123505,0.006515503,0.0015775957,0.15775958,0.15777109563350677,0.998422384262085,0.32460927963256836
DeiT-Tiny,199,n07718472_10383_cucumber.jpg,Conventional LRP (z+),15.388518,8.2559395,7.132579,0.46350005,46.350006,46.35,0.5364999771118164,0.0
DeiT-Tiny,199,n07718472_10383_cucumber.jpg,TFRP Framework (z+),15.388518,15.399414,0.010895729,0.00070804276,0.070804276,-0.07081668078899384,1.000707983970642,0.3187246322631836
DeiT-Tiny,200,n03481172_195_hammer.jpg,Conventional LRP (z+),12.216498,6.554151,5.6623473,0.46350002,46.350002,46.35,0.5364999771118164,0.0
DeiT-Tiny,200,n03481172_195_hammer.jpg,TFRP Framework (z+),12.216498,12.206406,0.010092735,0.0008261562,0.082615614,0.08260782063007355,0.9991738200187683,0.3195466995239258
DeiT-Tiny,201,n04330267_1115_stove.jpg,Conventional LRP (z+),2.766225,1.4840797,1.2821454,0.46350002,46.350002,46.35,0.5364999771118164,0.0
DeiT-Tiny,201,n04330267_1115_stove.jpg,TFRP Framework (z+),2.766225,2.674982,0.09124303,0.032984674,3.2984674,3.298475503921509,0.9670153260231018,0.3224372863769531
DeiT-Tiny,202,n02395003_18939_swine.jpg,Conventional LRP (z+),1.8650372,1.0005925,0.86444473,0.4635,46.35,46.35,0.5364999771118164,0.0
DeiT-Tiny,202,n02395003_18939_swine.jpg,TFRP Framework (z+),1.8650372,1.834732,0.030305147,0.016249085,1.6249084,1.624908447265625,0.9837509393692017,0.32001638412475586
DeiT-Tiny,203,n03483316_5354_hair_dryer.jpg,Conventional LRP (z+),39.097897,20.97602,18.121876,0.46350002,46.350002,46.35,0.5364999771118164,0.0
DeiT-Tiny,203,n03483316_5354_hair_dryer.jpg,TFRP Framework (z+),39.097897,39.213844,0.11594772,0.0029655744,0.29655743,-0.29656723141670227,1.0029655694961548,0.31740617752075195
DeiT-Tiny,204,n02129165_2762_lion.jpg,Conventional LRP (z+),2.861048,1.5349522,1.3260958,0.46350002,46.350002,46.35,0.5364999771118164,0.0
DeiT-Tiny,204,n02129165_2762_lion.jpg,TFRP Framework (z+),2.861048,2.851883,0.009165049,0.0032033885,0.32033885,0.3203388452529907,0.9967966079711914,0.31836533546447754
DeiT-Tiny,205,n03928116_13232_piano.jpg,Conventional LRP (z+),4.7401047,2.543066,2.1970387,0.46350002,46.350002,46.35,0.5364999771118164,0.0
DeiT-Tiny,205,n03928116_13232_piano.jpg,TFRP Framework (z+),4.7401047,4.6831055,0.056999207,0.012024883,1.2024883,1.2024883031845093,0.9879751205444336,0.32103919982910156
DeiT-Tiny,206,n02828884_2302_bench.jpg,Conventional LRP (z+),12.119723,6.502231,5.617492,0.46350002,46.350002,46.35,0.5364999771118164,0.0
DeiT-Tiny,206,n02828884_2302_bench.jpg,TFRP Framework (z+),12.119723,12.115551,0.004172325,0.0003442591,0.03442591,0.03441804274916649,0.9996557235717773,0.32277631759643555
DeiT-Tiny,207,n07880968_830_burrito.jpg,Conventional LRP (z+),3.4648833,1.8589098,1.6059735,0.46350002,46.350002,46.35,0.5364999771118164,0.0
DeiT-Tiny,207,n07880968_830_burrito.jpg,TFRP Framework (z+),3.4648833,3.4206238,0.04425955,0.0127737485,1.2773749,1.2773476839065552,0.9872262477874756,0.3167581558227539
DeiT-Tiny,208,n04356056_14405_sunglasses.jpg,Conventional LRP (z+),39.915108,21.414454,18.500654,0.46350005,46.350006,46.35,0.5364999771118164,0.0
DeiT-Tiny,208,n04356056_14405_sunglasses.jpg,TFRP Framework (z+),39.915108,39.914062,0.001045227,2.6186251e-05,0.002618625,0.002628181828185916,0.9999738335609436,0.3215932846069336
DeiT-Tiny,209,n06874185_8872_traffic_light.jpg,Conventional LRP (z+),15.13335,8.119042,7.014308,0.4635,46.35,46.35,0.5364999771118164,0.0
DeiT-Tiny,209,n06874185_8872_traffic_light.jpg,TFRP Framework (z+),15.13335,14.552368,0.5809822,0.038390853,3.8390853,3.8390913009643555,0.9616091251373291,0.3241996765136719
DeiT-Tiny,210,n07753113_564_fig.jpg,Conventional LRP (z+),6.1903915,3.3211448,2.8692467,0.46350005,46.350006,46.35,0.5364999771118164,0.0
DeiT-Tiny,210,n07753113_564_fig.jpg,TFRP Framework (z+),6.1903915,6.1869583,0.0034332275,0.00055460585,0.055460587,0.05546058714389801,0.999445378780365,0.32080078125
DeiT-Tiny,211,n04468005_9150_train.jpg,Conventional LRP (z+),9.547204,5.1220746,4.4251294,0.46350002,46.350002,46.35,0.5364999771118164,0.0
DeiT-Tiny,211,n04468005_9150_train.jpg,TFRP Framework (z+),9.547204,9.543823,0.0033807755,0.00035411157,0.035411157,0.0353911854326725,0.9996458888053894,0.3178896903991699
DeiT-Tiny,212,n03017168_55_chime.jpg,Conventional LRP (z+),19.892355,10.672248,9.220107,0.46350002,46.350002,46.35,0.5364999771118164,0.0
DeiT-Tiny,212,n03017168_55_chime.jpg,TFRP Framework (z+),19.892355,18.325241,1.5671139,0.078779705,7.8779707,7.8779616355896,0.9212203025817871,0.3190274238586426
DeiT-Tiny,213,n04356056_8589_sunglasses.jpg,Conventional LRP (z+),20.420252,10.955464,9.4647875,0.46350002,46.350002,46.35,0.5364999771118164,0.0
DeiT-Tiny,213,n04356056_8589_sunglasses.jpg,TFRP Framework (z+),20.420252,20.715782,0.29553032,0.014472413,1.4472413,-1.4472413063049316,1.0144723653793335,0.32273173332214355
DeiT-Tiny,214,n02355227_10230_squirrel.jpg,Conventional LRP (z+),11.959019,6.4160132,5.5430055,0.46350002,46.350002,46.35,0.5364999771118164,0.0
DeiT-Tiny,214,n02355227_10230_squirrel.jpg,TFRP Framework (z+),11.959019,11.318157,0.6408615,0.053588137,5.358814,5.358813762664795,0.9464118480682373,0.3239326477050781
DeiT-Tiny,215,n03636649_4908_lamp.jpg,Conventional LRP (z+),2.8696964,1.539592,1.3301044,0.46350002,46.350002,46.35,0.5364999771118164,0.0
DeiT-Tiny,215,n03636649_4908_lamp.jpg,TFRP Framework (z+),2.8696964,2.8572865,0.012409925,0.0043244734,0.43244734,0.43243905901908875,0.9956755042076111,0.3188819885253906
DeiT-Tiny,216,n03584254_3743_iPod.jpg,Conventional LRP (z+),10.152998,5.447083,4.705915,0.46350005,46.350006,46.35,0.5364999771118164,0.0
DeiT-Tiny,216,n03584254_3743_iPod.jpg,TFRP Framework (z+),10.152998,10.155957,0.0029592514,0.00029146578,0.029146578,-0.029146578162908554,1.0002914667129517,0.31770873069763184
DeiT-Tiny,217,n00007846_147031_person.jpg,Conventional LRP (z+),24.829664,13.321115,11.50855,0.46350002,46.350002,46.35,0.5364999771118164,0.0
DeiT-Tiny,217,n00007846_147031_person.jpg,TFRP Framework (z+),24.829664,24.859375,0.02971077,0.0011965836,0.11965836,-0.11965835839509964,1.0011966228485107,0.34198427200317383
DeiT-Tiny,218,n03804744_6191_nail.jpg,Conventional LRP (z+),14.844202,7.963914,6.880288,0.46350002,46.350002,46.35,0.5364999771118164,0.0
DeiT-Tiny,218,n03804744_6191_nail.jpg,TFRP Framework (z+),14.844202,14.36499,0.4792118,0.03228276,3.2282758,3.228275775909424,0.9677172303199768,0.31900477409362793
DeiT-Tiny,219,n02880940_17711_bowl.jpg,Conventional LRP (z+),8.548202,4.58611,3.9620914,0.4635,46.35,46.35,0.5364999771118164,0.0
DeiT-Tiny,219,n02880940_17711_bowl.jpg,TFRP Framework (z+),8.548202,8.687012,0.13881016,0.016238522,1.6238521,-1.6238635778427124,1.0162385702133179,0.3147408962249756
DeiT-Tiny,220,n03467517_10919_guitar.jpg,Conventional LRP (z+),10.608628,5.691529,4.9170995,0.46350002,46.350002,46.35,0.5364999771118164,0.0
DeiT-Tiny,220,n03467517_10919_guitar.jpg,TFRP Framework (z+),10.608628,10.580605,0.02802372,0.0026415968,0.26415968,0.2641596794128418,0.9973583817481995,0.32199740409851074
DeiT-Tiny,221,n01503061_4034_bird.jpg,Conventional LRP (z+),13.985669,7.503311,6.482358,0.46350002,46.350002,46.35,0.5364999771118164,0.0
DeiT-Tiny,221,n01503061_4034_bird.jpg,TFRP Framework (z+),13.985669,11.930664,2.055005,0.14693649,14.693649,14.693643569946289,0.8530635237693787,0.31906723976135254
DeiT-Tiny,222,n04376876_7577_syringe.jpg,Conventional LRP (z+),21.865025,11.730585,10.134439,0.46350002,46.350002,46.35,0.5364999771118164,0.0
DeiT-Tiny,222,n04376876_7577_syringe.jpg,TFRP Framework (z+),21.865025,21.90747,0.042446136,0.0019412801,0.194128,-0.19413675367832184,1.0019413232803345,0.3207204341888428
DeiT-Tiny,223,n03000684_2055_chain_saw.jpg,Conventional LRP (z+),16.836199,9.03262,7.8035784,0.46350002,46.350002,46.35,0.5364999771118164,0.0
DeiT-Tiny,223,n03000684_2055_chain_saw.jpg,TFRP Framework (z+),16.836199,25.542786,8.706587,0.51713496,51.713497,-51.713497161865234,1.5171349048614502,0.3176915645599365
DeiT-Tiny,224,n02834778_6714_bicycle.jpg,Conventional LRP (z+),18.10061,9.710978,8.389633,0.4635,46.35,46.35,0.5364999771118164,0.0
DeiT-Tiny,224,n02834778_6714_bicycle.jpg,TFRP Framework (z+),18.10061,18.11325,0.012639999,0.00069831894,0.06983189,-0.06983189284801483,1.0006983280181885,0.3164651393890381
DeiT-Tiny,225,n02672831_20_accordion.jpg,Conventional LRP (z+),4.920756,2.6399853,2.2807705,0.46350005,46.350006,46.35,0.5364999771118164,0.0
DeiT-Tiny,225,n02672831_20_accordion.jpg,TFRP Framework (z+),4.920756,2.5767498,2.344006,0.4763508,47.635082,47.635074615478516,0.5236491560935974,0.3195531368255615
DeiT-Tiny,226,n01882714_4157_koala_bear.jpg,Conventional LRP (z+),2.7613425,1.4814602,1.2798823,0.46350002,46.350002,46.35,0.5364999771118164,0.0
DeiT-Tiny,226,n01882714_4157_koala_bear.jpg,TFRP Framework (z+),2.7613425,2.921297,0.15995455,0.057926368,5.792637,-5.792618751525879,1.0579264163970947,0.3207981586456299
DeiT-Tiny,227,n02672831_2455_accordion.jpg,Conventional LRP (z+),10.050275,5.391972,4.658303,0.46350005,46.350006,46.35,0.5364999771118164,0.0
DeiT-Tiny,227,n02672831_2455_accordion.jpg,TFRP Framework (z+),10.050275,10.038494,0.011780739,0.0011721808,0.11721808,0.11720860004425049,0.9988278150558472,0.31749868392944336
DeiT-Tiny,228,n04542943_1490_waffle_iron.jpg,Conventional LRP (z+),12.2842455,6.5904975,5.693748,0.46350002,46.350002,46.35,0.5364999771118164,0.0
DeiT-Tiny,228,n04542943_1490_waffle_iron.jpg,TFRP Framework (z+),12.2842455,12.248047,0.036198616,0.0029467512,0.2946751,0.2946906089782715,0.9970532655715942,0.3170950412750244
DeiT-Tiny,229,n07718472_20689_cucumber.jpg,Conventional LRP (z+),12.193016,6.541553,5.651463,0.4635,46.35,46.35,0.5364999771118164,0.0
DeiT-Tiny,229,n07718472_20689_cucumber.jpg,TFRP Framework (z+),12.193016,18.03418,5.8411636,0.47905815,47.905815,-47.905792236328125,1.4790581464767456,0.31696200370788574
DeiT-Tiny,230,n02076196_13108_seal.jpg,Conventional LRP (z+),11.211171,6.014793,5.196378,0.46350002,46.350002,46.35,0.5364999771118164,0.0
DeiT-Tiny,230,n02076196_13108_seal.jpg,TFRP Framework (z+),11.211171,11.1640625,0.04710865,0.0042019384,0.42019385,0.4201768934726715,0.9957980513572693,0.3203551769256592
DeiT-Tiny,231,n04252077_7312_snowmobile.jpg,Conventional LRP (z+),11.0544815,5.930729,5.1237526,0.46350002,46.350002,46.35,0.5364999771118164,0.0
DeiT-Tiny,231,n04252077_7312_snowmobile.jpg,TFRP Framework (z+),11.0544815,11.036865,0.017616272,0.0015935864,0.15935864,0.15935863554477692,0.9984064102172852,0.3147013187408447
DeiT-Tiny,232,n03445924_5829_golfcart.jpg,Conventional LRP (z+),4.587497,2.4611921,2.126305,0.46350002,46.350002,46.35,0.5364999771118164,0.0
DeiT-Tiny,232,n03445924_5829_golfcart.jpg,TFRP Framework (z+),4.587497,4.3821106,0.20538664,0.044770956,4.4770956,4.477105617523193,0.9552290439605713,0.32419657707214355
DeiT-Tiny,233,n01982650_10568_lobster.jpg,Conventional LRP (z+),8.552321,4.5883203,3.9640012,0.46350002,46.350002,46.35,0.5364999771118164,0.0
DeiT-Tiny,233,n01982650_10568_lobster.jpg,TFRP Framework (z+),8.552321,8.584747,0.03242588,0.0037914712,0.3791471,-0.37914711236953735,1.0037914514541626,0.3209090232849121
DeiT-Tiny,234,n03633091_10052_ladle.jpg,Conventional LRP (z+),10.157888,5.449707,4.7081814,0.46350002,46.350002,46.35,0.5364999771118164,0.0
DeiT-Tiny,234,n03633091_10052_ladle.jpg,TFRP Framework (z+),10.157888,10.25,0.09211159,0.009067986,0.9067986,-0.9067986011505127,1.0090680122375488,0.31882786750793457
DeiT-Tiny,235,n02206856_6027_bee.jpg,Conventional LRP (z+),7.5822678,4.0678864,3.5143814,0.46350005,46.350006,46.35,0.5364999771118164,0.0
DeiT-Tiny,235,n02206856_6027_bee.jpg,TFRP Framework (z+),7.5822678,754.5928,747.0105,98.52072,9852.072,-9852.0712890625,99.52072143554688,0.3184213638305664
DeiT-Tiny,236,n02219486_23711_ant.jpg,Conventional LRP (z+),25.830538,13.858083,11.972455,0.46350002,46.350002,46.35,0.5364999771118164,0.0
DeiT-Tiny,236,n02219486_23711_ant.jpg,TFRP Framework (z+),25.830538,25.833305,0.0027675629,0.00010714306,0.010714306,-0.010721690952777863,1.0001071691513062,0.32079339027404785
DeiT-Tiny,237,n04004767_12593_printer.jpg,Conventional LRP (z+),5.519721,2.9613302,2.5583909,0.46350002,46.350002,46.35,0.5364999771118164,0.0
DeiT-Tiny,237,n04004767_12593_printer.jpg,TFRP Framework (z+),5.519721,6.2265625,0.70684147,0.12805746,12.805746,-12.805746078491211,1.1280574798583984,0.31928467750549316
DeiT-Tiny,238,n03400231_1761_frying_pan.jpg,Conventional LRP (z+),34.376774,18.443138,15.933636,0.46350002,46.350002,46.35,0.5364999771118164,0.0
DeiT-Tiny,238,n03400231_1761_frying_pan.jpg,TFRP Framework (z+),34.376774,34.357086,0.019687653,0.00057270215,0.057270214,0.05727021396160126,0.999427318572998,0.3234419822692871
DeiT-Tiny,239,n03676483_6851_lipstick.jpg,Conventional LRP (z+),9.734929,5.2227893,4.51214,0.46350002,46.350002,46.35,0.5364999771118164,0.0
DeiT-Tiny,239,n03676483_6851_lipstick.jpg,TFRP Framework (z+),9.734929,9.323311,0.41161823,0.04228261,4.228261,4.22824239730835,0.9577173590660095,0.3171505928039551
DeiT-Tiny,240,n02355227_4298_squirrel.jpg,Conventional LRP (z+),5.1561933,2.7662976,2.3898957,0.46350002,46.350002,46.35,0.5364999771118164,0.0
DeiT-Tiny,240,n02355227_4298_squirrel.jpg,TFRP Framework (z+),5.1561933,5.1648254,0.008632183,0.0016741388,0.16741388,-0.16740462183952332,1.0016741752624512,0.31908750534057617
DeiT-Tiny,241,n04536866_11045_violin.jpg,Conventional LRP (z+),10.916707,5.856813,5.059894,0.46350002,46.350002,46.35,0.5364999771118164,0.0
DeiT-Tiny,241,n04536866_11045_violin.jpg,TFRP Framework (z+),10.916707,10.92395,0.0072431564,0.00066349277,0.066349275,-0.06634927541017532,1.0006635189056396,0.32144689559936523
DeiT-Tiny,242,n03584254_2436_iPod.jpg,Conventional LRP (z+),40.767345,21.87168,18.895666,0.46350002,46.350002,46.35,0.5364999771118164,0.0
DeiT-Tiny,242,n03584254_2436_iPod.jpg,TFRP Framework (z+),40.767345,42.344727,1.5773811,0.03869227,3.869227,-3.8692076206207275,1.0386922359466553,0.3194699287414551
DeiT-Tiny,243,n03838899_31925_oboe.jpg,Conventional LRP (z+),9.327643,5.0042806,4.323363,0.46350002,46.350002,46.35,0.5364999771118164,0.0
DeiT-Tiny,243,n03838899_31925_oboe.jpg,TFRP Framework (z+),9.327643,9.260651,0.06699276,0.0071821744,0.71821743,0.7182275652885437,0.9928178191184998,0.3175473213195801
DeiT-Tiny,244,n03188531_29832_diaper.jpg,Conventional LRP (z+),6.239321,3.3473957,2.8919256,0.46350002,46.350002,46.35,0.5364999771118164,0.0
DeiT-Tiny,244,n03188531_29832_diaper.jpg,TFRP Framework (z+),6.239321,6.2366333,0.002687931,0.00043080506,0.043080505,0.04308050498366356,0.9995691776275635,0.3195788860321045
DeiT-Tiny,245,n04542943_2558_waffle_iron.jpg,Conventional LRP (z+),40.40818,21.678988,18.729193,0.46350002,46.350002,46.35,0.5364999771118164,0.0
DeiT-Tiny,245,n04542943_2558_waffle_iron.jpg,TFRP Framework (z+),40.40818,40.32797,0.08021164,0.0019850347,0.19850346,0.19851289689540863,0.9980149865150452,0.3218240737915039
DeiT-Tiny,246,n04330267_20413_stove.jpg,Conventional LRP (z+),11.15002,5.981985,5.1680346,0.46350005,46.350006,46.35,0.5364999771118164,0.0
DeiT-Tiny,246,n04330267_20413_stove.jpg,TFRP Framework (z+),11.15002,11.623779,0.47375965,0.04248958,4.248958,-4.248958110809326,1.0424895286560059,0.3227839469909668
DeiT-Tiny,247,n07718747_8558_artichoke.jpg,Conventional LRP (z+),10.879239,5.8367114,5.0425277,0.46350002,46.350002,46.35,0.5364999771118164,0.0
DeiT-Tiny,247,n07718747_8558_artichoke.jpg,TFRP Framework (z+),10.879239,11.1328125,0.25357342,0.02330801,2.330801,-2.330810070037842,1.0233080387115479,0.320249080657959
DeiT-Tiny,248,n04074963_15621_remote_control.jpg,Conventional LRP (z+),4.3731427,2.346191,2.0269518,0.46350002,46.350002,46.35,0.5364999771118164,0.0
DeiT-Tiny,248,n04074963_15621_remote_control.jpg,TFRP Framework (z+),4.3731427,4.3943176,0.021174908,0.0048420345,0.48420346,-0.4842143952846527,1.0048420429229736,0.3208904266357422
DeiT-Tiny,249,n02437136_176_camel.jpg,Conventional LRP (z+),2.168005,1.1631346,1.0048704,0.46350005,46.350006,46.35,0.5364999771118164,0.0
DeiT-Tiny,249,n02437136_176_camel.jpg,TFRP Framework (z+),2.168005,3.6460266,1.4780216,0.6817427,68.17427,-68.17425537109375,1.6817426681518555,0.32407307624816895
DeiT-Tiny,250,n04141076_14874_saxophone.jpg,Conventional LRP (z+),20.19319,10.833646,9.359544,0.46350002,46.350002,46.35,0.5364999771118164,0.0
DeiT-Tiny,250,n04141076_14874_saxophone.jpg,TFRP Framework (z+),20.19319,20.024132,0.16905785,0.008372023,0.83720225,0.837202250957489,0.9916279911994934,0.31981658935546875
DeiT-Tiny,251,n02840245_9812_binder.jpg,Conventional LRP (z+),7.4026628,3.9715283,3.4311345,0.46350002,46.350002,46.35,0.5364999771118164,0.0
DeiT-Tiny,251,n02840245_9812_binder.jpg,TFRP Framework (z+),7.4026628,7.4105225,0.007859707,0.0010617404,0.106174044,-0.10618694126605988,1.0010617971420288,0.3139822483062744
DeiT-Tiny,252,n04509417_4683_unicycle.jpg,Conventional LRP (z+),5.258203,2.8210258,2.4371772,0.46350002,46.350002,46.35,0.5364999771118164,0.0
DeiT-Tiny,252,n04509417_4683_unicycle.jpg,TFRP Framework (z+),5.258203,5.2120667,0.04613638,0.0087741725,0.87741727,0.8774082064628601,0.9912258386611938,0.3183150291442871
DeiT-Tiny,253,n04023962_20883_punching_bag.jpg,Conventional LRP (z+),28.115465,15.083946,13.031519,0.46350002,46.350002,46.35,0.5364999771118164,0.0
DeiT-Tiny,253,n04023962_20883_punching_bag.jpg,TFRP Framework (z+),28.115465,28.126675,0.011209488,0.00039869474,0.039869472,-0.039883047342300415,1.0003986358642578,0.3198578357696533
DeiT-Tiny,254,n07753113_13676_fig.jpg,Conventional LRP (z+),3.2554834,1.7465668,1.5089166,0.46350002,46.350002,46.35,0.5364999771118164,0.0
DeiT-Tiny,254,n07753113_13676_fig.jpg,TFRP Framework (z+),3.2554834,3.2362976,0.019185781,0.0058933743,0.5893374,0.5893374085426331,0.994106650352478,0.3247995376586914
DeiT-Tiny,255,n04468005_29645_train.jpg,Conventional LRP (z+),12.724811,6.8268604,5.89795,0.46350002,46.350002,46.35,0.5364999771118164,0.0
DeiT-Tiny,255,n04468005_29645_train.jpg,TFRP Framework (z+),12.724811,12.295929,0.42888165,0.033704363,3.3704362,3.370450735092163,0.9662956595420837,0.3168189525604248
DeiT-Tiny,256,n03211117_7726_tv_or_monitor.jpg,Conventional LRP (z+),9.719249,5.214377,4.504872,0.4635,46.35,46.35,0.5364999771118164,0.0
DeiT-Tiny,256,n03211117_7726_tv_or_monitor.jpg,TFRP Framework (z+),9.719249,9.714529,0.004719734,0.0004856069,0.04856069,0.04857049882411957,0.9995144009590149,0.3174419403076172
DeiT-Tiny,257,n03495258_9079_harp.jpg,Conventional LRP (z+),18.586882,9.971862,8.61502,0.46350002,46.350002,46.35,0.5364999771118164,0.0
DeiT-Tiny,257,n03495258_9079_harp.jpg,TFRP Framework (z+),18.586882,20.062164,1.4752827,0.07937225,7.937225,-7.937247276306152,1.0793722867965698,0.32178735733032227
DeiT-Tiny,258,n03271574_6116_electric_fan.jpg,Conventional LRP (z+),2.2197354,1.1908879,1.0288475,0.46350005,46.350006,46.35,0.5364999771118164,0.0
DeiT-Tiny,258,n03271574_6116_electric_fan.jpg,TFRP Framework (z+),2.2197354,2.5948143,0.37507892,0.16897461,16.89746,-16.897449493408203,1.1689746379852295,0.33977842330932617
DeiT-Tiny,259,n02165456_6911_ladybug.jpg,Conventional LRP (z+),13.865728,7.438963,6.4267654,0.46350002,46.350002,46.35,0.5364999771118164,0.0
DeiT-Tiny,259,n02165456_6911_ladybug.jpg,TFRP Framework (z+),13.865728,13.831421,0.03430748,0.0024742645,0.24742645,0.24743331968784332,0.9975257515907288,0.3158721923828125
DeiT-Tiny,260,n02691156_5992_airplane.jpg,Conventional LRP (z+),23.059872,12.37162,10.6882515,0.46350005,46.350006,46.35,0.5364999771118164,0.0
DeiT-Tiny,260,n02691156_5992_airplane.jpg,TFRP Framework (z+),23.059872,22.78125,0.27862167,0.012082534,1.2082534,1.2082533836364746,0.9879174828529358,0.3216981887817383
DeiT-Tiny,261,n02503517_10173_elephant.jpg,Conventional LRP (z+),26.946796,14.456956,12.4898405,0.46350002,46.350002,46.35,0.5364999771118164,0.0
DeiT-Tiny,261,n02503517_10173_elephant.jpg,TFRP Framework (z+),26.946796,26.987549,0.04075241,0.0015123286,0.15123287,-0.15122577548027039,1.0015122890472412,0.31925249099731445
DeiT-Tiny,262,n04442312_18045_toaster.jpg,Conventional LRP (z+),12.268014,6.581789,5.686225,0.46350005,46.350006,46.35,0.5364999771118164,0.0
DeiT-Tiny,262,n04442312_18045_toaster.jpg,TFRP Framework (z+),12.268014,12.262756,0.0052576065,0.00042856217,0.042856216,0.042863983660936356,0.9995714426040649,0.32114171981811523
DeiT-Tiny,263,n02924116_29310_bus.jpg,Conventional LRP (z+),4.5014734,2.4150405,2.086433,0.4635,46.35,46.35,0.5364999771118164,0.0
DeiT-Tiny,263,n02924116_29310_bus.jpg,TFRP Framework (z+),4.5014734,4.46881,0.032663345,0.007256145,0.7256145,0.7256040573120117,0.9927438497543335,0.3186073303222656
DeiT-Tiny,264,n01639765_19901_frog.jpg,Conventional LRP (z+),4.575615,2.4548173,2.1207976,0.46350002,46.350002,46.35,0.5364999771118164,0.0
DeiT-Tiny,264,n01639765_19901_frog.jpg,TFRP Framework (z+),4.575615,4.5742264,0.0013885498,0.00030346736,0.030346736,0.030346736311912537,0.9996965527534485,0.3217434883117676
DeiT-Tiny,265,n03793489_12151_computer_mouse.jpg,Conventional LRP (z+),12.228033,6.5603395,5.6676936,0.46350002,46.350002,46.35,0.5364999771118164,0.0
DeiT-Tiny,265,n03793489_12151_computer_mouse.jpg,TFRP Framework (z+),12.228033,11.833649,0.39438438,0.03225248,3.2252479,3.225240468978882,0.9677475094795227,0.3231019973754883
DeiT-Tiny,266,n03710721_2170_maillot.jpg,Conventional LRP (z+),18.570498,9.963072,8.607426,0.4635,46.35,46.35,0.5364999771118164,0.0
DeiT-Tiny,266,n03710721_2170_maillot.jpg,TFRP Framework (z+),18.570498,18.519531,0.050966263,0.002744475,0.2744475,0.274457722902298,0.9972555041313171,0.3204615116119385
DeiT-Tiny,267,n02509815_10244_red_panda.jpg,Conventional LRP (z+),26.292267,14.105801,12.186466,0.46350002,46.350002,46.35,0.5364999771118164,0.0
DeiT-Tiny,267,n02509815_10244_red_panda.jpg,TFRP Framework (z+),26.292267,25.89685,0.39541626,0.0150392605,1.503926,1.5039260387420654,0.9849607348442078,0.31625795364379883
DeiT-Tiny,268,n04141076_45733_saxophone.jpg,Conventional LRP (z+),5.8268776,3.1261196,2.700758,0.46350002,46.350002,46.35,0.5364999771118164,0.0
DeiT-Tiny,268,n04141076_45733_saxophone.jpg,TFRP Framework (z+),5.8268776,5.8125,0.014377594,0.0024674612,0.24674612,0.2467297911643982,0.9975325465202332,0.3161947727203369
DeiT-Tiny,269,n07749582_2107_lemon.jpg,Conventional LRP (z+),5.734762,3.0766997,2.6580625,0.46350002,46.350002,46.35,0.5364999771118164,0.0
DeiT-Tiny,269,n07749582_2107_lemon.jpg,TFRP Framework (z+),5.734762,5.784973,0.050210953,0.008755542,0.8755542,-0.875545859336853,1.0087555646896362,0.3196866512298584
DeiT-Tiny,270,n01443537_2675_goldfish.jpg,Conventional LRP (z+),15.18917,8.14899,7.04018,0.4635,46.35,46.35,0.5364999771118164,0.0
DeiT-Tiny,270,n01443537_2675_goldfish.jpg,TFRP Framework (z+),15.18917,15.191162,0.0019922256,0.00013116092,0.013116092,-0.013128652237355709,1.0001311302185059,0.3291311264038086
DeiT-Tiny,271,n01982650_3524_lobster.jpg,Conventional LRP (z+),12.945418,6.9452167,6.0002017,0.46350002,46.350002,46.35,0.5364999771118164,0.0
DeiT-Tiny,271,n01982650_3524_lobster.jpg,TFRP Framework (z+),12.945418,12.9375,0.007918358,0.0006116726,0.06116726,0.061159901320934296,0.9993883371353149,0.3183877468109131
DeiT-Tiny,272,n04118776_8449_ruler.jpg,Conventional LRP (z+),47.48206,25.474123,22.007936,0.46350005,46.350006,46.35,0.5364999771118164,0.0
DeiT-Tiny,272,n04118776_8449_ruler.jpg,TFRP Framework (z+),47.48206,47.451283,0.030776978,0.0006481812,0.06481812,0.06480205804109573,0.9993517994880676,0.31801509857177734
DeiT-Tiny,273,n03942813_3240_ping-pong_ball.jpg,Conventional LRP (z+),18.777992,10.074392,8.7036,0.46350002,46.350002,46.35,0.5364999771118164,0.0
DeiT-Tiny,273,n03942813_3240_ping-pong_ball.jpg,TFRP Framework (z+),18.777992,19.480537,0.70254517,0.03741322,3.741322,-3.741332530975342,1.037413239479065,0.32190561294555664
DeiT-Tiny,274,n01910747_13396_jellyfish.jpg,Conventional LRP (z+),15.008364,8.051987,6.956377,0.46350002,46.350002,46.35,0.5364999771118164,0.0
DeiT-Tiny,274,n01910747_13396_jellyfish.jpg,TFRP Framework (z+),15.008364,16.53125,1.5228863,0.101469174,10.146917,-10.146903038024902,1.1014691591262817,0.32052183151245117
DeiT-Tiny,275,n04554684_8752_washer.jpg,Conventional LRP (z+),33.575943,18.013493,15.56245,0.46350002,46.350002,46.35,0.5364999771118164,0.0
DeiT-Tiny,275,n04554684_8752_washer.jpg,TFRP Framework (z+),33.575943,33.795166,0.21922302,0.0065291696,0.65291697,-0.6529169678688049,1.0065292119979858,0.31553077697753906
DeiT-Tiny,276,n01944390_7816_snail.jpg,Conventional LRP (z+),3.5245652,1.8909291,1.6336361,0.46350005,46.350006,46.35,0.5364999771118164,0.0
DeiT-Tiny,276,n01944390_7816_snail.jpg,TFRP Framework (z+),3.5245652,3.885727,0.3611617,0.10246986,10.246986,-10.246971130371094,1.102469801902771,0.31732892990112305
DeiT-Tiny,277,n04554684_55847_washer.jpg,Conventional LRP (z+),20.685322,11.097674,9.587647,0.46350002,46.350002,46.35,0.5364999771118164,0.0
DeiT-Tiny,277,n04554684_55847_washer.jpg,TFRP Framework (z+),20.685322,20.320312,0.3650093,0.017645812,1.7645812,1.764572262763977,0.9823541641235352,0.32044553756713867
DeiT-Tiny,278,n02883205_623_bow_tie.jpg,Conventional LRP (z+),18.763777,10.066766,8.697011,0.46350002,46.350002,46.35,0.5364999771118164,0.0
DeiT-Tiny,278,n02883205_623_bow_tie.jpg,TFRP Framework (z+),18.763777,18.783203,0.019426346,0.001035311,0.1035311,-0.10352092981338501,1.0010353326797485,0.32109761238098145
DeiT-Tiny,279,n04131690_773_salt_or_pepper_shaker.jpg,Conventional LRP (z+),10.949946,5.874646,5.0753,0.4635,46.35,46.35,0.5364999771118164,0.0
DeiT-Tiny,279,n04131690_773_salt_or_pepper_shaker.jpg,TFRP Framework (z+),10.949946,10.87175,0.078196526,0.00714127,0.714127,0.7141270041465759,0.9928587079048157,0.3149421215057373
DeiT-Tiny,280,n03495258_2540_harp.jpg,Conventional LRP (z+),4.3791623,2.3494205,2.0297418,0.4635,46.35,46.35,0.5364999771118164,0.0
DeiT-Tiny,280,n03495258_2540_harp.jpg,TFRP Framework (z+),4.3791623,4.3840637,0.004901409,0.0011192573,0.11192573,-0.11193662881851196,1.0011192560195923,0.32074618339538574
DeiT-Tiny,281,n02510455_7939_giant_panda.jpg,Conventional LRP (z+),13.4228,7.201332,6.221468,0.46350002,46.350002,46.35,0.5364999771118164,0.0
DeiT-Tiny,281,n02510455_7939_giant_panda.jpg,TFRP Framework (z+),13.4228,4907.6855,4894.2627,364.62308,36462.31,-36462.30078125,365.6230773925781,0.3260934352874756
DeiT-Tiny,282,n02799071_5092_baseball.jpg,Conventional LRP (z+),37.882244,20.323824,17.55842,0.4635,46.35,46.35,0.5364999771118164,0.0
DeiT-Tiny,282,n02799071_5092_baseball.jpg,TFRP Framework (z+),37.882244,37.887047,0.004802704,0.0001267798,0.012677981,-0.012677980586886406,1.000126838684082,0.32018256187438965
DeiT-Tiny,283,n04023962_18197_punching_bag.jpg,Conventional LRP (z+),2.4353898,1.3065865,1.1288033,0.46350005,46.350006,46.35,0.5364999771118164,0.0
DeiT-Tiny,283,n04023962_18197_punching_bag.jpg,TFRP Framework (z+),2.4353898,2.42618,0.009209871,0.0037816826,0.37816826,0.37814876437187195,0.9962183237075806,0.316739559173584
DeiT-Tiny,284,n04256520_41397_sofa.jpg,Conventional LRP (z+),2.378008,1.2758012,1.1022067,0.46350002,46.350002,46.35,0.5364999771118164,0.0
DeiT-Tiny,284,n04256520_41397_sofa.jpg,TFRP Framework (z+),2.378008,2.375595,0.002412796,0.0010146291,0.101462916,0.10142284631729126,0.9989853501319885,0.321061372756958
DeiT-Tiny,285,n02445715_7191_skunk.jpg,Conventional LRP (z+),8.730633,4.6839843,4.0466485,0.46350002,46.350002,46.35,0.5364999771118164,0.0
DeiT-Tiny,285,n02445715_7191_skunk.jpg,TFRP Framework (z+),8.730633,8.733398,0.0027656555,0.00031677607,0.031677607,-0.03167760744690895,1.0003167390823364,0.3187527656555176
DeiT-Tiny,286,n04252225_3650_snowplow.jpg,Conventional LRP (z+),16.152851,8.666004,7.486847,0.46350002,46.350002,46.35,0.5364999771118164,0.0
DeiT-Tiny,286,n04252225_3650_snowplow.jpg,TFRP Framework (z+),16.152851,18.252792,2.0999413,0.13000438,13.000438,-13.0004243850708,1.1300044059753418,0.3196065425872803
DeiT-Tiny,287,n02268443_2033_dragonfly.jpg,Conventional LRP (z+),7.941253,4.2604823,3.6807709,0.4635,46.35,46.35,0.5364999771118164,0.0
DeiT-Tiny,287,n02268443_2033_dragonfly.jpg,TFRP Framework (z+),7.941253,8.065506,0.124252796,0.015646497,1.5646497,-1.5646557807922363,1.0156464576721191,0.3180418014526367
DeiT-Tiny,288,n03761084_5403_microwave.jpg,Conventional LRP (z+),15.926633,8.544639,7.3819942,0.4635,46.35,46.35,0.5364999771118164,0.0
DeiT-Tiny,288,n03761084_5403_microwave.jpg,TFRP Framework (z+),15.926633,14.473633,1.4530001,0.09123084,9.123084,9.123078346252441,0.9087691903114319,0.3220863342285156
DeiT-Tiny,289,n03770439_12438_miniskirt.jpg,Conventional LRP (z+),15.318212,8.21822,7.099992,0.46350005,46.350006,46.35,0.5364999771118164,0.0
DeiT-Tiny,289,n03770439_12438_miniskirt.jpg,TFRP Framework (z+),15.318212,15.4375,0.119288445,0.0077873613,0.7787361,-0.7787235379219055,1.0077873468399048,0.317401647567749
DeiT-Tiny,290,n03394916_40519_french_horn.jpg,Conventional LRP (z+),2.636541,1.4145042,1.2220367,0.4635,46.35,46.35,0.5364999771118164,0.0
DeiT-Tiny,290,n03394916_40519_french_horn.jpg,TFRP Framework (z+),2.636541,2.58255,0.05399084,0.020477908,2.0477908,2.047790765762329,0.9795221090316772,0.3234519958496094
DeiT-Tiny,291,n02672831_7054_accordion.jpg,Conventional LRP (z+),17.018848,9.130611,7.888237,0.46350005,46.350006,46.35,0.5364999771118164,0.0
DeiT-Tiny,291,n02672831_7054_accordion.jpg,TFRP Framework (z+),17.018848,16.920044,0.098804474,0.005805591,0.58055913,0.5805591344833374,0.9941943883895874,0.3180832862854004
DeiT-Tiny,292,n04074963_2109_remote_control.jpg,Conventional LRP (z+),11.514984,6.1777887,5.3371954,0.46350002,46.350002,46.35,0.5364999771118164,0.0
DeiT-Tiny,292,n04074963_2109_remote_control.jpg,TFRP Framework (z+),11.514984,11.307404,0.20758057,0.018026995,1.8026994,1.8027158975601196,0.9819729924201965,0.3207089900970459
DeiT-Tiny,293,n03128519_21456_cream.jpg,Conventional LRP (z+),5.535791,2.9699516,2.5658393,0.46350002,46.350002,46.35,0.5364999771118164,0.0
DeiT-Tiny,293,n03128519_21456_cream.jpg,TFRP Framework (z+),5.535791,5.526039,0.009751797,0.0017615905,0.17615905,0.17616765201091766,0.9982383847236633,0.32145190238952637
DeiT-Tiny,294,n02402425_58691_cattle.jpg,Conventional LRP (z+),8.792639,4.7172503,4.0753884,0.46350005,46.350006,46.35,0.5364999771118164,0.0
DeiT-Tiny,294,n02402425_58691_cattle.jpg,TFRP Framework (z+),8.792639,8.831345,0.038705826,0.0044020717,0.44020718,-0.44022896885871887,1.0044020414352417,0.3224492073059082
DeiT-Tiny,295,n02118333_2661_fox.jpg,Conventional LRP (z+),14.986511,8.040263,6.946248,0.4635,46.35,46.35,0.5364999771118164,0.0
DeiT-Tiny,295,n02118333_2661_fox.jpg,TFRP Framework (z+),14.986511,14.929321,0.05718994,0.0038160945,0.38160944,0.3816221058368683,0.9961839318275452,0.31867504119873047
DeiT-Tiny,296,n07734744_4530_mushroom.jpg,Conventional LRP (z+),13.962651,7.490962,6.471689,0.46350002,46.350002,46.35,0.5364999771118164,0.0
DeiT-Tiny,296,n07734744_4530_mushroom.jpg,TFRP Framework (z+),13.962651,13.978027,0.015376091,0.00110123,0.110123,-0.11012984067201614,1.0011012554168701,0.31911730766296387
DeiT-Tiny,297,n03995372_8962_power_drill.jpg,Conventional LRP (z+),2.7970574,1.5006212,1.2964362,0.46350002,46.350002,46.35,0.5364999771118164,0.0
DeiT-Tiny,297,n03995372_8962_power_drill.jpg,TFRP Framework (z+),2.7970574,2.7993088,0.0022513866,0.0008049126,0.08049126,-0.08049125969409943,1.0008049011230469,0.3394193649291992
DeiT-Tiny,298,n03207941_297_dishwasher.jpg,Conventional LRP (z+),7.764544,4.1656775,3.5988665,0.46350005,46.350006,46.35,0.5364999771118164,0.0
DeiT-Tiny,298,n03207941_297_dishwasher.jpg,TFRP Framework (z+),7.764544,7.7841797,0.019635677,0.00252889,0.252889,-0.2528890073299408,1.0025289058685303,0.3219273090362549
DeiT-Tiny,299,n02970849_4696_cart.jpg,Conventional LRP (z+),7.128465,3.8244214,3.3040438,0.46350002,46.350002,46.35,0.5364999771118164,0.0
DeiT-Tiny,299,n02970849_4696_cart.jpg,TFRP Framework (z+),7.128465,7.5472794,0.41881418,0.058752365,5.8752365,-5.875243663787842,1.058752417564392,0.31238627433776855
DeiT-Tiny,300,n04254120_1439_soap_dispenser.jpg,Conventional LRP (z+),43.48491,23.329653,20.155256,0.46350002,46.350002,46.35,0.5364999771118164,0.0
DeiT-Tiny,300,n04254120_1439_soap_dispenser.jpg,TFRP Framework (z+),43.48491,43.48919,0.0042800903,9.842703e-05,0.009842703,-0.009842703118920326,1.000098466873169,0.31880712509155273
DeiT-Tiny,301,n03134739_1193_croquet_ball.jpg,Conventional LRP (z+),15.039535,8.06871,6.9708242,0.4635,46.35,46.35,0.5364999771118164,0.0
DeiT-Tiny,301,n03134739_1193_croquet_ball.jpg,TFRP Framework (z+),15.039535,16.54654,1.5070047,0.10020288,10.020288,-10.020288467407227,1.1002029180526733,0.3207862377166748
DeiT-Tiny,302,n03372029_49129_flute.jpg,Conventional LRP (z+),12.907567,6.9249096,5.9826574,0.46350002,46.350002,46.35,0.5364999771118164,0.0
DeiT-Tiny,302,n03372029_49129_flute.jpg,TFRP Framework (z+),12.907567,12.481445,0.4261217,0.033013325,3.3013325,3.3013253211975098,0.9669866561889648,0.3191652297973633
DeiT-Tiny,303,n01882714_11108_koala_bear.jpg,Conventional LRP (z+),6.849778,3.6749058,3.1748724,0.46350002,46.350002,46.35,0.5364999771118164,0.0
DeiT-Tiny,303,n01882714_11108_koala_bear.jpg,TFRP Framework (z+),6.849778,6.8013268,0.048451424,0.0070734294,0.7073429,0.7073429226875305,0.9929265975952148,0.3159456253051758
DeiT-Tiny,304,n04023962_3468_punching_bag.jpg,Conventional LRP (z+),6.0743227,3.258874,2.8154488,0.46350002,46.350002,46.35,0.5364999771118164,0.0
DeiT-Tiny,304,n04023962_3468_punching_bag.jpg,TFRP Framework (z+),6.0743227,6.070404,0.0039186478,0.00064511684,0.06451169,0.06450384110212326,0.999354898929596,0.3171086311340332
DeiT-Tiny,305,n03991062_7689_flower_pot.jpg,Conventional LRP (z+),4.403662,2.3625646,2.0410976,0.46350005,46.350006,46.35,0.5364999771118164,0.0
DeiT-Tiny,305,n03991062_7689_flower_pot.jpg,TFRP Framework (z+),4.403662,4.3717804,0.03188181,0.00723984,0.723984,0.7239840030670166,0.992760181427002,0.32100582122802734
DeiT-Tiny,306,n03961711_1377_plate_rack.jpg,Conventional LRP (z+),8.106258,4.3490076,3.7572508,0.4635,46.35,46.35,0.5364999771118164,0.0
DeiT-Tiny,306,n03961711_1377_plate_rack.jpg,TFRP Framework (z+),8.106258,8.484436,0.37817764,0.04665255,4.665255,-4.665267467498779,1.0466525554656982,0.32598400115966797
DeiT-Tiny,307,n02121808_1421_domestic_cat.jpg,Conventional LRP (z+),6.9514837,3.729471,3.2220128,0.4635,46.35,46.35,0.5364999771118164,0.0
DeiT-Tiny,307,n02121808_1421_domestic_cat.jpg,TFRP Framework (z+),6.9514837,6.952099,0.00061511993,8.848758e-05,0.0088487575,-0.008848757483065128,1.0000884532928467,0.31465888023376465
DeiT-Tiny,308,n01910747_17159_jellyfish.jpg,Conventional LRP (z+),21.388521,11.474941,9.91358,0.46350002,46.350002,46.35,0.5364999771118164,0.0
DeiT-Tiny,308,n01910747_17159_jellyfish.jpg,TFRP Framework (z+),21.388521,21.303589,0.08493233,0.0039709304,0.39709303,0.3970930278301239,0.9960290789604187,0.31945061683654785
DeiT-Tiny,309,n03124170_6694_hat_with_a_wide_brim.jpg,Conventional LRP (z+),19.748657,10.595154,9.153503,0.46350005,46.350006,46.35,0.5364999771118164,0.0
DeiT-Tiny,309,n03124170_6694_hat_with_a_wide_brim.jpg,TFRP Framework (z+),19.748657,19.754189,0.005531311,0.00028008543,0.028008543,-0.028008542954921722,1.0002801418304443,0.32448244094848633
DeiT-Tiny,310,n02924116_31580_bus.jpg,Conventional LRP (z+),3.867567,2.0749497,1.7926173,0.4635,46.35,46.35,0.5364999771118164,0.0
DeiT-Tiny,310,n02924116_31580_bus.jpg,TFRP Framework (z+),3.867567,3.8637085,0.0038585663,0.0009976728,0.09976728,0.0997672826051712,0.9990023374557495,0.32589149475097656
DeiT-Tiny,311,n02129604_4493_tiger.jpg,Conventional LRP (z+),3.518674,1.8877685,1.6309054,0.46350002,46.350002,46.35,0.5364999771118164,0.0
DeiT-Tiny,311,n02129604_4493_tiger.jpg,TFRP Framework (z+),3.518674,3.516686,0.001987934,0.0005649669,0.056496687,0.05649668723344803,0.9994350075721741,0.3223562240600586
DeiT-Tiny,312,n02691156_7241_airplane.jpg,Conventional LRP (z+),22.618288,12.134711,10.483577,0.46350002,46.350002,46.35,0.5364999771118164,0.0
DeiT-Tiny,312,n02691156_7241_airplane.jpg,TFRP Framework (z+),22.618288,22.683105,0.06481743,0.002865709,0.28657088,-0.28657087683677673,1.0028656721115112,0.32706379890441895
DeiT-Tiny,313,n07697537_3512_hotdog.jpg,Conventional LRP (z+),29.33627,15.738908,13.597362,0.46350002,46.350002,46.35,0.5364999771118164,0.0
DeiT-Tiny,313,n07697537_3512_hotdog.jpg,TFRP Framework (z+),29.33627,29.374191,0.037921906,0.0012926628,0.12926628,-0.12927280366420746,1.0012927055358887,0.32607412338256836
DeiT-Tiny,314,n04074963_13088_remote_control.jpg,Conventional LRP (z+),21.901615,11.7502165,10.151399,0.4635,46.35,46.35,0.5364999771118164,0.0
DeiT-Tiny,314,n04074963_13088_remote_control.jpg,TFRP Framework (z+),21.901615,21.926865,0.025249481,0.0011528593,0.11528593,-0.11527720838785172,1.0011528730392456,0.3257877826690674
DeiT-Tiny,315,n04379243_4875_table.jpg,Conventional LRP (z+),7.9164405,4.24717,3.6692705,0.46350005,46.350006,46.35,0.5364999771118164,0.0
DeiT-Tiny,315,n04379243_4875_table.jpg,TFRP Framework (z+),7.9164405,7.969902,0.05346155,0.006753231,0.67532307,-0.6753170490264893,1.0067532062530518,0.32291173934936523
DeiT-Tiny,316,n07749582_16812_lemon.jpg,Conventional LRP (z+),10.031206,5.381742,4.649464,0.46350002,46.350002,46.35,0.5364999771118164,0.0
DeiT-Tiny,316,n07749582_16812_lemon.jpg,TFRP Framework (z+),10.031206,11.013672,0.98246574,0.09794094,9.794094,-9.794083595275879,1.0979409217834473,0.3265807628631592
DeiT-Tiny,317,n02274259_379_butterfly.jpg,Conventional LRP (z+),3.7169685,1.9941535,1.722815,0.46350002,46.350002,46.35,0.5364999771118164,0.0
DeiT-Tiny,317,n02274259_379_butterfly.jpg,TFRP Framework (z+),3.7169685,3.7200851,0.0031166077,0.00083848106,0.083848104,-0.08382884413003922,1.0008385181427002,0.325242280960083
DeiT-Tiny,318,n04442312_6578_toaster.jpg,Conventional LRP (z+),31.1127,16.691963,14.420736,0.4635,46.35,46.35,0.5364999771118164,0.0
DeiT-Tiny,318,n04442312_6578_toaster.jpg,TFRP Framework (z+),31.1127,31.13234,0.019639969,0.0006312525,0.063125245,-0.06313138455152512,1.0006312131881714,0.3287372589111328
DeiT-Tiny,319,n02398521_24812_hippopotamus.jpg,Conventional LRP (z+),7.6900373,4.125705,3.5643325,0.46350002,46.350002,46.35,0.5364999771118164,0.0
DeiT-Tiny,319,n02398521_24812_hippopotamus.jpg,TFRP Framework (z+),7.6900373,7.721756,0.03171873,0.0041246526,0.41246527,-0.4124777019023895,1.004124641418457,0.32723426818847656
DeiT-Tiny,320,n04118538_7671_rugby_ball.jpg,Conventional LRP (z+),11.021246,5.912898,5.108348,0.46350002,46.350002,46.35,0.5364999771118164,0.0
DeiT-Tiny,320,n04118538_7671_rugby_ball.jpg,TFRP Framework (z+),11.021246,11.030746,0.009500504,0.0008620172,0.08620172,-0.08616707473993301,1.0008620023727417,0.3273046016693115
DeiT-Tiny,321,n07695742_4248_pretzel.jpg,Conventional LRP (z+),7.764213,4.1655,3.598713,0.46350002,46.350002,46.35,0.5364999771118164,0.0
DeiT-Tiny,321,n07695742_4248_pretzel.jpg,TFRP Framework (z+),7.764213,7.740265,0.023948193,0.0030844326,0.30844325,0.3084310293197632,0.9969155788421631,0.3230094909667969
DeiT-Tiny,322,n02764044_34263_axe.jpg,Conventional LRP (z+),4.8481402,2.601027,2.2471132,0.46350005,46.350006,46.35,0.5364999771118164,0.0
DeiT-Tiny,322,n02764044_34263_axe.jpg,TFRP Framework (z+),4.8481402,4.8651085,0.01696825,0.0034999503,0.34999502,-0.3499950170516968,1.003499984741211,0.3279101848602295
DeiT-Tiny,323,n01990800_3901_isopod.jpg,Conventional LRP (z+),31.974249,17.154184,14.820065,0.4635,46.35,46.35,0.5364999771118164,0.0
DeiT-Tiny,323,n01990800_3901_isopod.jpg,TFRP Framework (z+),31.974249,33.07202,1.0977726,0.03433302,3.433302,-3.4333083629608154,1.0343329906463623,0.3229649066925049
DeiT-Tiny,324,n03249569_44884_drum.jpg,Conventional LRP (z+),2.8980846,1.5548223,1.3432623,0.46350002,46.350002,46.35,0.5364999771118164,0.0
DeiT-Tiny,324,n03249569_44884_drum.jpg,TFRP Framework (z+),2.8980846,3.1498566,0.25177193,0.08687528,8.687529,-8.68751049041748,1.086875319480896,0.3272266387939453
DeiT-Tiny,325,n03676483_8016_lipstick.jpg,Conventional LRP (z+),11.72845,6.292313,5.4361367,0.46350002,46.350002,46.35,0.5364999771118164,0.0
DeiT-Tiny,325,n03676483_8016_lipstick.jpg,TFRP Framework (z+),11.72845,20.40332,8.6748705,0.7396434,73.96434,-73.96430969238281,1.7396434545516968,0.3227255344390869
DeiT-Tiny,326,n07768694_6136_pomegranate.jpg,Conventional LRP (z+),35.52255,19.057846,16.464703,0.46350002,46.350002,46.35,0.5364999771118164,0.0
DeiT-Tiny,326,n07768694_6136_pomegranate.jpg,TFRP Framework (z+),35.52255,36.40381,0.8812599,0.024808465,2.4808464,-2.480846405029297,1.024808406829834,0.33103442192077637
DeiT-Tiny,327,n01784675_23760_centipede.jpg,Conventional LRP (z+),6.757414,3.6253524,3.1320615,0.46350002,46.350002,46.35,0.5364999771118164,0.0
DeiT-Tiny,327,n01784675_23760_centipede.jpg,TFRP Framework (z+),6.757414,8.604004,1.84659,0.27326876,27.326876,-27.326866149902344,1.273268699645996,0.3255329132080078
DeiT-Tiny,328,n03991062_3915_flower_pot.jpg,Conventional LRP (z+),3.3268378,1.7848483,1.5419894,0.46350005,46.350006,46.35,0.5364999771118164,0.0
DeiT-Tiny,328,n03991062_3915_flower_pot.jpg,TFRP Framework (z+),3.3268378,3.4098206,0.08298278,0.02494344,2.494344,-2.494358539581299,1.024943470954895,0.32483577728271484
DeiT-Tiny,329,n03636649_5469_lamp.jpg,Conventional LRP (z+),22.471561,12.055992,10.415569,0.46350002,46.350002,46.35,0.5364999771118164,0.0
DeiT-Tiny,329,n03636649_5469_lamp.jpg,TFRP Framework (z+),22.471561,23.041138,0.56957626,0.025346536,2.5346537,-2.5346450805664062,1.0253465175628662,0.32517361640930176
DeiT-Tiny,330,n01503061_10156_bird.jpg,Conventional LRP (z+),14.210723,7.6240525,6.5866704,0.46350002,46.350002,46.35,0.5364999771118164,0.0
DeiT-Tiny,330,n01503061_10156_bird.jpg,TFRP Framework (z+),14.210723,14.389404,0.17868137,0.0125737,1.25737,-1.257376790046692,1.0125737190246582,0.32769107818603516
DeiT-Tiny,331,n07753592_1896_banana.jpg,Conventional LRP (z+),5.3976455,2.8958366,2.501809,0.46350005,46.350006,46.35,0.5364999771118164,0.0
DeiT-Tiny,331,n07753592_1896_banana.jpg,TFRP Framework (z+),5.3976455,5.4143677,0.016722202,0.003098055,0.3098055,-0.30981436371803284,1.0030980110168457,0.325864315032959
DeiT-Tiny,332,n02510455_4903_giant_panda.jpg,Conventional LRP (z+),3.9562113,2.1225073,1.833704,0.46350002,46.350002,46.35,0.5364999771118164,0.0
DeiT-Tiny,332,n02510455_4903_giant_panda.jpg,TFRP Framework (z+),3.9562113,3.9673615,0.011150122,0.0028183837,0.2818384,-0.2818625569343567,1.0028183460235596,0.3252551555633545
DeiT-Tiny,333,n02374451_11795_horse.jpg,Conventional LRP (z+),13.23414,7.1001163,6.134024,0.4635,46.35,46.35,0.5364999771118164,0.0
DeiT-Tiny,333,n02374451_11795_horse.jpg,TFRP Framework (z+),13.23414,13.235331,0.0011901855,8.993297e-05,0.008993297,-0.009000503458082676,1.0000898838043213,0.3291206359863281
DeiT-Tiny,334,n04252225_1431_snowplow.jpg,Conventional LRP (z+),26.159115,14.034365,12.12475,0.46350002,46.350002,46.35,0.5364999771118164,0.0
DeiT-Tiny,334,n04252225_1431_snowplow.jpg,TFRP Framework (z+),26.159115,26.209717,0.05060196,0.0019343911,0.19343911,-0.19343911111354828,1.0019344091415405,0.3237757682800293
DeiT-Tiny,335,n04118538_3656_rugby_ball.jpg,Conventional LRP (z+),7.896486,4.2364645,3.6600213,0.46350002,46.350002,46.35,0.5364999771118164,0.0
DeiT-Tiny,335,n04118538_3656_rugby_ball.jpg,TFRP Framework (z+),7.896486,7.8902283,0.006257534,0.00079244544,0.07924455,0.07923246920108795,0.9992075562477112,0.32612156867980957
DeiT-Tiny,336,n03445777_9090_golf_ball.jpg,Conventional LRP (z+),6.398041,3.4325488,2.965492,0.46350002,46.350002,46.35,0.5364999771118164,0.0
DeiT-Tiny,336,n03445777_9090_golf_ball.jpg,TFRP Framework (z+),6.398041,6.3877773,0.010263443,0.001604154,0.1604154,0.16043029725551605,0.9983958601951599,0.32301998138427734
DeiT-Tiny,337,n02445715_6015_skunk.jpg,Conventional LRP (z+),27.223173,14.605232,12.617941,0.4635,46.35,46.35,0.5364999771118164,0.0
DeiT-Tiny,337,n02445715_6015_skunk.jpg,TFRP Framework (z+),27.223173,26.75351,0.46966362,0.017252347,1.7252346,1.7252277135849,0.9827476739883423,0.327528715133667
DeiT-Tiny,338,n04542943_5799_waffle_iron.jpg,Conventional LRP (z+),35.211147,18.89078,16.320368,0.46350002,46.350002,46.35,0.5364999771118164,0.0
DeiT-Tiny,338,n04542943_5799_waffle_iron.jpg,TFRP Framework (z+),35.211147,38.79785,3.5867043,0.10186275,10.1862755,-10.186286926269531,1.1018627882003784,0.33979177474975586
DeiT-Tiny,339,n04131690_12417_salt_or_pepper_shaker.jpg,Conventional LRP (z+),6.0550613,3.2485402,2.8065212,0.46350005,46.350006,46.35,0.5364999771118164,0.0
DeiT-Tiny,339,n04131690_12417_salt_or_pepper_shaker.jpg,TFRP Framework (z+),6.0550613,-105.67923,111.73429,18.453041,1845.3041,1845.3043212890625,-17.453041076660156,0.31971096992492676
DeiT-Tiny,340,n02355227_12960_squirrel.jpg,Conventional LRP (z+),9.890205,5.306095,4.5841103,0.4635,46.35,46.35,0.5364999771118164,0.0
DeiT-Tiny,340,n02355227_12960_squirrel.jpg,TFRP Framework (z+),9.890205,9.916107,0.025901794,0.002618934,0.2618934,-0.2618837058544159,1.0026189088821411,0.3209187984466553
DeiT-Tiny,341,n04591713_2972_wine_bottle.jpg,Conventional LRP (z+),10.215037,5.480367,4.73467,0.46350002,46.350002,46.35,0.5364999771118164,0.0
DeiT-Tiny,341,n04591713_2972_wine_bottle.jpg,TFRP Framework (z+),10.215037,11.72036,1.5053225,0.14736338,14.736338,-14.736327171325684,1.1473634243011475,0.31679248809814453
DeiT-Tiny,342,n00007846_152343_person.jpg,Conventional LRP (z+),21.198965,11.373244,9.825721,0.46350002,46.350002,46.35,0.5364999771118164,0.0
DeiT-Tiny,342,n00007846_152343_person.jpg,TFRP Framework (z+),21.198965,21.308617,0.109651566,0.005172496,0.51724964,-0.5172586441040039,1.0051724910736084,0.32062482833862305
DeiT-Tiny,343,n03085013_7532_computer_keyboard.jpg,Conventional LRP (z+),10.323454,5.5385327,4.784921,0.46350002,46.350002,46.35,0.5364999771118164,0.0
DeiT-Tiny,343,n03085013_7532_computer_keyboard.jpg,TFRP Framework (z+),10.323454,10.318359,0.005094528,0.00049349066,0.049349066,0.04933983460068703,0.9995065331459045,0.3204305171966553
DeiT-Tiny,344,n07768694_513_pomegranate.jpg,Conventional LRP (z+),9.760921,5.2367334,4.524187,0.46350005,46.350006,46.35,0.5364999771118164,0.0
DeiT-Tiny,344,n07768694_513_pomegranate.jpg,TFRP Framework (z+),9.760921,9.734375,0.026545525,0.0027195718,0.2719572,0.27196693420410156,0.9972804188728333,0.3172934055328369
DeiT-Tiny,345,n03314780_153_face_powder.jpg,Conventional LRP (z+),46.003387,24.680817,21.32257,0.46350002,46.350002,46.35,0.5364999771118164,0.0
DeiT-Tiny,345,n03314780_153_face_powder.jpg,TFRP Framework (z+),46.003387,46.004704,0.0013160706,2.8608123e-05,0.0028608122,-0.0028608122374862432,1.0000286102294922,0.3184623718261719
DeiT-Tiny,346,n02802426_12389_basketball.jpg,Conventional LRP (z+),6.2051716,3.3290744,2.8760972,0.46350002,46.350002,46.35,0.5364999771118164,0.0
DeiT-Tiny,346,n02802426_12389_basketball.jpg,TFRP Framework (z+),6.2051716,6.130371,0.07480049,0.01205454,1.205454,1.2054539918899536,0.9879454374313354,0.3188934326171875
DeiT-Tiny,347,n07583066_7105_guacamole.jpg,Conventional LRP (z+),5.62076,3.0155375,2.6052225,0.46350005,46.350006,46.35,0.5364999771118164,0.0
DeiT-Tiny,347,n07583066_7105_guacamole.jpg,TFRP Framework (z+),5.62076,5.663021,0.042261124,0.007518756,0.75187564,-0.751875638961792,1.0075187683105469,0.322185754776001
DeiT-Tiny,348,n03710721_8217_maillot.jpg,Conventional LRP (z+),3.7334228,2.0029812,1.7304416,0.46350002,46.350002,46.35,0.5364999771118164,0.0
DeiT-Tiny,348,n03710721_8217_maillot.jpg,TFRP Framework (z+),3.7334228,3.7362442,0.0028214455,0.00075572624,0.075572625,-0.0755598396062851,1.0007556676864624,0.3159294128417969
DeiT-Tiny,349,n03445924_6750_golfcart.jpg,Conventional LRP (z+),6.957447,3.73267,3.224777,0.46350005,46.350006,46.35,0.5364999771118164,0.0
DeiT-Tiny,349,n03445924_6750_golfcart.jpg,TFRP Framework (z+),6.957447,7.0557747,0.09832764,0.014132718,1.4132718,-1.413292646408081,1.0141327381134033,0.3157029151916504
DeiT-Tiny,350,n02342885_4388_hamster.jpg,Conventional LRP (z+),9.059549,4.860448,4.1991014,0.46350002,46.350002,46.35,0.5364999771118164,0.0
DeiT-Tiny,350,n02342885_4388_hamster.jpg,TFRP Framework (z+),9.059549,9.064453,0.0049037933,0.00054128445,0.054128446,-0.05411791428923607,1.00054132938385,0.32018327713012695
DeiT-Tiny,351,n04118538_4281_rugby_ball.jpg,Conventional LRP (z+),9.730993,5.220678,4.5103154,0.4635,46.35,46.35,0.5364999771118164,0.0
DeiT-Tiny,351,n04118538_4281_rugby_ball.jpg,TFRP Framework (z+),9.730993,9.738897,0.007904053,0.0008122555,0.08122555,-0.0812157392501831,1.000812292098999,0.3162875175476074
DeiT-Tiny,352,n02815834_4632_beaker.jpg,Conventional LRP (z+),30.80645,16.52766,14.2787895,0.4635,46.35,46.35,0.5364999771118164,0.0
DeiT-Tiny,352,n02815834_4632_beaker.jpg,TFRP Framework (z+),30.80645,26.760742,4.0457077,0.13132665,13.132665,13.132670402526855,0.8686733841896057,0.31798887252807617
DeiT-Tiny,353,n02454379_174_armadillo.jpg,Conventional LRP (z+),7.736854,4.150822,3.586032,0.4635,46.35,46.35,0.5364999771118164,0.0
DeiT-Tiny,353,n02454379_174_armadillo.jpg,TFRP Framework (z+),7.736854,6.594742,1.1421123,0.14761972,14.761972,14.761977195739746,0.8523802757263184,0.31496214866638184
DeiT-Tiny,354,n04487394_23210_trombone.jpg,Conventional LRP (z+),23.597012,12.659796,10.937216,0.46350005,46.350006,46.35,0.5364999771118164,0.0
DeiT-Tiny,354,n04487394_23210_trombone.jpg,TFRP Framework (z+),23.597012,23.554337,0.04267502,0.0018084925,0.18084925,0.18084117770195007,0.9981915354728699,0.3172898292541504
DeiT-Tiny,355,n03770439_6215_miniskirt.jpg,Conventional LRP (z+),8.645335,4.638222,4.007113,0.46350002,46.350002,46.35,0.5364999771118164,0.0
DeiT-Tiny,355,n03770439_6215_miniskirt.jpg,TFRP Framework (z+),8.645335,8.619968,0.025366783,0.0029341583,0.29341584,0.2933938503265381,0.9970658421516418,0.3163456916809082
DeiT-Tiny,356,n03642806_21229_laptop.jpg,Conventional LRP (z+),20.64958,11.078499,9.571081,0.46350005,46.350006,46.35,0.5364999771118164,0.0
DeiT-Tiny,356,n03642806_21229_laptop.jpg,TFRP Framework (z+),20.64958,18.880371,1.7692089,0.08567772,8.567772,8.567771911621094,0.9143222570419312,0.3173849582672119
DeiT-Tiny,357,n04026417_12310_purse.jpg,Conventional LRP (z+),24.035488,12.895039,11.14045,0.46350002,46.350002,46.35,0.5364999771118164,0.0
DeiT-Tiny,357,n04026417_12310_purse.jpg,TFRP Framework (z+),24.035488,23.699585,0.33590317,0.013975301,1.3975301,1.397522211074829,0.9860246777534485,0.3176403045654297
DeiT-Tiny,358,n02870880_12189_bookshelf.jpg,Conventional LRP (z+),11.610477,6.229021,5.3814564,0.4635,46.35,46.35,0.5364999771118164,0.0
DeiT-Tiny,358,n02870880_12189_bookshelf.jpg,TFRP Framework (z+),11.610477,11.606428,0.004049301,0.00034876267,0.03487627,0.03486805781722069,0.9996512532234192,0.3196859359741211
DeiT-Tiny,359,n01882714_3175_koala_bear.jpg,Conventional LRP (z+),12.638324,6.7804604,5.8578634,0.46350002,46.350002,46.35,0.5364999771118164,0.0
DeiT-Tiny,359,n01882714_3175_koala_bear.jpg,TFRP Framework (z+),12.638324,12.623035,0.015288353,0.001209682,0.1209682,0.12096066772937775,0.9987903237342834,0.31943202018737793
DeiT-Tiny,360,n03995372_3057_power_drill.jpg,Conventional LRP (z+),3.0028806,1.6110454,1.3918352,0.46350002,46.350002,46.35,0.5364999771118164,0.0
DeiT-Tiny,360,n03995372_3057_power_drill.jpg,TFRP Framework (z+),3.0028806,3.0072021,0.004321575,0.0014391432,0.14391433,-0.14392226934432983,1.001439094543457,0.317091703414917
DeiT-Tiny,361,n04517823_17685_vacuum.jpg,Conventional LRP (z+),7.237286,3.882804,3.3544822,0.46350002,46.350002,46.35,0.5364999771118164,0.0
DeiT-Tiny,361,n04517823_17685_vacuum.jpg,TFRP Framework (z+),7.237286,7.234375,0.0029110909,0.00040223513,0.040223513,0.040236685425043106,0.9995977878570557,0.32035350799560547
DeiT-Tiny,362,n03400231_5440_frying_pan.jpg,Conventional LRP (z+),11.573203,6.209023,5.36418,0.46350005,46.350006,46.35,0.5364999771118164,0.0
DeiT-Tiny,362,n03400231_5440_frying_pan.jpg,TFRP Framework (z+),11.573203,11.533936,0.03926754,0.003392971,0.3392971,0.3392888605594635,0.9966070055961609,0.31799817085266113
DeiT-Tiny,363,n03481172_6773_hammer.jpg,Conventional LRP (z+),8.329554,4.4688053,3.8607483,0.46350002,46.350002,46.35,0.5364999771118164,0.0
DeiT-Tiny,363,n03481172_6773_hammer.jpg,TFRP Framework (z+),8.329554,6.4590454,1.8705082,0.22456284,22.456284,22.456283569335938,0.7754371762275696,0.32289981842041016
DeiT-Tiny,364,n04330267_16662_stove.jpg,Conventional LRP (z+),13.063053,7.0083275,6.0547256,0.46350005,46.350006,46.35,0.5364999771118164,0.0
DeiT-Tiny,364,n04330267_16662_stove.jpg,TFRP Framework (z+),13.063053,12.879562,0.18349075,0.014046544,1.4046544,1.4046615362167358,0.9859534502029419,0.3200662136077881
DeiT-Tiny,365,n04376876_14092_syringe.jpg,Conventional LRP (z+),17.492163,9.384545,8.107617,0.4635,46.35,46.35,0.5364999771118164,0.0
DeiT-Tiny,365,n04376876_14092_syringe.jpg,TFRP Framework (z+),17.492163,17.002823,0.48933983,0.027974805,2.7974806,2.7974910736083984,0.9720252156257629,0.3166625499725342
DeiT-Tiny,366,n04557648_2622_water_bottle.jpg,Conventional LRP (z+),6.505083,3.489977,3.0151062,0.46350002,46.350002,46.35,0.5364999771118164,0.0
DeiT-Tiny,366,n04557648_2622_water_bottle.jpg,TFRP Framework (z+),6.505083,6.47316,0.031923294,0.0049074385,0.49074385,0.49075111746788025,0.9950925707817078,0.3175959587097168
DeiT-Tiny,367,n03494278_29009_harmonica.jpg,Conventional LRP (z+),29.022446,15.570541,13.451904,0.46350002,46.350002,46.35,0.5364999771118164,0.0
DeiT-Tiny,367,n03494278_29009_harmonica.jpg,TFRP Framework (z+),29.022446,28.978455,0.04399109,0.0015157609,0.15157609,0.15158265829086304,0.9984842538833618,0.3209366798400879
DeiT-Tiny,368,n02062744_305_whale.jpg,Conventional LRP (z+),15.879007,8.519087,7.3599205,0.46350002,46.350002,46.35,0.5364999771118164,0.0
DeiT-Tiny,368,n02062744_305_whale.jpg,TFRP Framework (z+),15.879007,15.807877,0.07113075,0.0044795466,0.44795465,0.44796061515808105,0.9955204725265503,0.31777453422546387
DeiT-Tiny,369,n02402425_20234_cattle.jpg,Conventional LRP (z+),5.9621615,3.1986995,2.763462,0.46350002,46.350002,46.35,0.5364999771118164,0.0
DeiT-Tiny,369,n02402425_20234_cattle.jpg,TFRP Framework (z+),5.9621615,5.929352,0.032809734,0.0055029932,0.55029935,0.5503391027450562,0.9944970011711121,0.3146846294403076
DeiT-Tiny,370,n04256520_22975_sofa.jpg,Conventional LRP (z+),13.324042,7.1483483,6.175694,0.46350002,46.350002,46.35,0.5364999771118164,0.0
DeiT-Tiny,370,n04256520_22975_sofa.jpg,TFRP Framework (z+),13.324042,13.312744,0.01129818,0.00084795436,0.08479544,0.08480258285999298,0.9991520643234253,0.31797218322753906
DeiT-Tiny,371,n03797390_759_cup_or_mug.jpg,Conventional LRP (z+),3.44211,1.846692,1.5954181,0.46350002,46.350002,46.35,0.5364999771118164,0.0
DeiT-Tiny,371,n03797390_759_cup_or_mug.jpg,TFRP Framework (z+),3.44211,3.4380531,0.0040569305,0.0011786174,0.11786173,0.11785481125116348,0.9988213777542114,0.3169376850128174
DeiT-Tiny,372,n04118776_19742_ruler.jpg,Conventional LRP (z+),28.252703,15.157575,13.095128,0.46350002,46.350002,46.35,0.5364999771118164,0.0
DeiT-Tiny,372,n04118776_19742_ruler.jpg,TFRP Framework (z+),28.252703,28.158875,0.0938282,0.0033210346,0.33210346,0.3321034610271454,0.9966789484024048,0.31708383560180664
DeiT-Tiny,373,n02510455_12383_giant_panda.jpg,Conventional LRP (z+),9.45397,5.072055,4.381915,0.4635,46.35,46.35,0.5364999771118164,0.0
DeiT-Tiny,373,n02510455_12383_giant_panda.jpg,TFRP Framework (z+),9.45397,-38.433544,47.887512,5.065334,506.5334,506.5332946777344,-4.065333843231201,0.3150649070739746
DeiT-Tiny,374,n03124170_8316_hat_with_a_wide_brim.jpg,Conventional LRP (z+),20.384079,10.936058,9.448021,0.46350002,46.350002,46.35,0.5364999771118164,0.0
DeiT-Tiny,374,n03124170_8316_hat_with_a_wide_brim.jpg,TFRP Framework (z+),20.384079,20.462387,0.078308105,0.0038416309,0.38416308,-0.38415369391441345,1.0038416385650635,0.3166813850402832
DeiT-Tiny,375,n02165456_4435_ladybug.jpg,Conventional LRP (z+),24.832258,13.322506,11.509752,0.46350002,46.350002,46.35,0.5364999771118164,0.0
DeiT-Tiny,375,n02165456_4435_ladybug.jpg,TFRP Framework (z+),24.832258,25.099434,0.26717567,0.010759218,1.0759218,-1.0759217739105225,1.0107592344284058,0.3202810287475586
DeiT-Tiny,376,n03761084_45823_microwave.jpg,Conventional LRP (z+),14.050843,7.538277,6.512566,0.46350002,46.350002,46.35,0.5364999771118164,0.0
DeiT-Tiny,376,n03761084_45823_microwave.jpg,TFRP Framework (z+),14.050843,25.269043,11.2182,0.79840046,79.84005,-79.84005737304688,1.7984005212783813,0.3162856101989746
DeiT-Tiny,377,n04530566_23960_watercraft.jpg,Conventional LRP (z+),5.6421266,3.0270007,2.615126,0.46350005,46.350006,46.35,0.5364999771118164,0.0
DeiT-Tiny,377,n04530566_23960_watercraft.jpg,TFRP Framework (z+),5.6421266,5.6041718,0.037954807,0.0067270393,0.6727039,0.6726955771446228,0.9932729601860046,0.31632256507873535
DeiT-Tiny,378,n03770439_6006_miniskirt.jpg,Conventional LRP (z+),34.841503,18.692465,16.149038,0.46350005,46.350006,46.35,0.5364999771118164,0.0
DeiT-Tiny,378,n03770439_6006_miniskirt.jpg,TFRP Framework (z+),34.841503,34.928223,0.08671951,0.0024889717,0.24889717,-0.24889716506004333,1.0024889707565308,0.3203275203704834
DeiT-Tiny,379,n03797390_4473_cup_or_mug.jpg,Conventional LRP (z+),4.075241,2.1863668,1.8888743,0.46350002,46.350002,46.35,0.5364999771118164,0.0
DeiT-Tiny,379,n03797390_4473_cup_or_mug.jpg,TFRP Framework (z+),4.075241,4.071472,0.003768921,0.0009248339,0.09248339,0.09248338639736176,0.999075174331665,0.33112192153930664
DeiT-Tiny,380,n01770393_10111_scorpion.jpg,Conventional LRP (z+),11.952425,6.4124756,5.5399494,0.46350002,46.350002,46.35,0.5364999771118164,0.0
DeiT-Tiny,380,n01770393_10111_scorpion.jpg,TFRP Framework (z+),11.952425,12.104225,0.15180016,0.012700365,1.2700365,-1.2700364589691162,1.0127003192901611,0.3182408809661865
DeiT-Tiny,381,n02062744_332_whale.jpg,Conventional LRP (z+),19.583754,10.506683,9.07707,0.46350002,46.350002,46.35,0.5364999771118164,0.0
DeiT-Tiny,381,n02062744_332_whale.jpg,TFRP Framework (z+),19.583754,19.538422,0.045331955,0.0023147736,0.23147736,0.23147736489772797,0.9976852536201477,0.3171417713165283
DeiT-Tiny,382,n07749582_6832_lemon.jpg,Conventional LRP (z+),5.6923537,3.0539477,2.638406,0.46350002,46.350002,46.35,0.5364999771118164,0.0
DeiT-Tiny,382,n07749582_6832_lemon.jpg,TFRP Framework (z+),5.6923537,2.3173218,3.375032,0.59290624,59.290623,59.290618896484375,0.40709376335144043,0.31956934928894043
DeiT-Tiny,383,n04517823_16473_vacuum.jpg,Conventional LRP (z+),34.54692,18.534422,16.012499,0.46350002,46.350002,46.35,0.5364999771118164,0.0
DeiT-Tiny,383,n04517823_16473_vacuum.jpg,TFRP Framework (z+),34.54692,33.427994,1.118927,0.032388616,3.2388616,3.238872528076172,0.9676113724708557,0.3176095485687256
DeiT-Tiny,384,n03759954_19823_microphone.jpg,Conventional LRP (z+),4.480321,2.403692,2.076629,0.46350005,46.350006,46.35,0.5364999771118164,0.0
DeiT-Tiny,384,n03759954_19823_microphone.jpg,TFRP Framework (z+),4.480321,4.4560194,0.024301529,0.00542406,0.54240596,0.5423954129219055,0.9945759177207947,0.3187892436981201
DeiT-Tiny,385,n03535780_15497_horizontal_bar.jpg,Conventional LRP (z+),22.993662,12.336099,10.657563,0.46350005,46.350006,46.35,0.5364999771118164,0.0
DeiT-Tiny,385,n03535780_15497_horizontal_bar.jpg,TFRP Framework (z+),22.993662,13.665039,9.328623,0.4057041,40.57041,40.570411682128906,0.5942959189414978,0.3165934085845947
DeiT-Tiny,386,n04554684_16469_washer.jpg,Conventional LRP (z+),4.5588374,2.4458163,2.1130211,0.4635,46.35,46.35,0.5364999771118164,0.0
DeiT-Tiny,386,n04554684_16469_washer.jpg,TFRP Framework (z+),4.5588374,4.623749,0.064911366,0.014238579,1.4238579,-1.4238473176956177,1.0142385959625244,0.32648801803588867
DeiT-Tiny,387,n02769748_3207_backpack.jpg,Conventional LRP (z+),5.2480736,2.8155913,2.4324822,0.46350002,46.350002,46.35,0.5364999771118164,0.0
DeiT-Tiny,387,n02769748_3207_backpack.jpg,TFRP Framework (z+),5.2480736,5.244385,0.0036888123,0.0007028888,0.07028888,0.07030704617500305,0.9992970824241638,0.3228187561035156
DeiT-Tiny,388,n02437136_4411_camel.jpg,Conventional LRP (z+),3.4102437,1.8295957,1.5806481,0.46350002,46.350002,46.35,0.5364999771118164,0.0
DeiT-Tiny,388,n02437136_4411_camel.jpg,TFRP Framework (z+),3.4102437,3.5775757,0.16733193,0.04906744,4.906744,-4.906744003295898,1.049067497253418,0.32082319259643555
DeiT-Tiny,389,n03928116_17073_piano.jpg,Conventional LRP (z+),11.766778,6.312876,5.453902,0.46350002,46.350002,46.35,0.5364999771118164,0.0
DeiT-Tiny,389,n03928116_17073_piano.jpg,TFRP Framework (z+),11.766778,11.518082,0.24869633,0.021135464,2.1135464,2.1135623455047607,0.9788645505905151,0.3193662166595459
DeiT-Tiny,390,n02510455_9574_giant_panda.jpg,Conventional LRP (z+),3.292662,1.766513,1.5261489,0.46350002,46.350002,46.35,0.5364999771118164,0.0
DeiT-Tiny,390,n02510455_9574_giant_panda.jpg,TFRP Framework (z+),3.292662,3.2802734,0.012388468,0.0037624475,0.37624475,0.37626639008522034,0.996237576007843,0.32380151748657227
DeiT-Tiny,391,n04591157_4545_tie.jpg,Conventional LRP (z+),19.986448,10.722729,9.26372,0.46350005,46.350006,46.35,0.5364999771118164,0.0
DeiT-Tiny,391,n04591157_4545_tie.jpg,TFRP Framework (z+),19.986448,19.790161,0.19628716,0.009821013,0.98210126,0.9821295738220215,0.9901790022850037,0.32385993003845215
DeiT-Tiny,392,n04536866_9751_violin.jpg,Conventional LRP (z+),15.799085,8.476209,7.322876,0.46350002,46.350002,46.35,0.5364999771118164,0.0
DeiT-Tiny,392,n04536866_9751_violin.jpg,TFRP Framework (z+),15.799085,15.756165,0.042920113,0.0027166202,0.27166203,0.27166202664375305,0.997283399105072,0.32547831535339355
DeiT-Tiny,393,n02219486_8874_ant.jpg,Conventional LRP (z+),8.42758,4.5213966,3.9061832,0.4635,46.35,46.35,0.5364999771118164,0.0
DeiT-Tiny,393,n02219486_8874_ant.jpg,TFRP Framework (z+),8.42758,8.439499,0.011919022,0.0014142876,0.14142875,-0.14142875373363495,1.0014142990112305,0.3187892436981201
DeiT-Tiny,394,n02828884_6930_bench.jpg,Conventional LRP (z+),7.402985,3.9717014,3.4312837,0.46350002,46.350002,46.35,0.5364999771118164,0.0
DeiT-Tiny,394,n02828884_6930_bench.jpg,TFRP Framework (z+),7.402985,6.936035,0.46694994,0.0630759,6.30759,6.307596206665039,0.9369240999221802,0.32863569259643555
DeiT-Tiny,395,n03314780_8148_face_powder.jpg,Conventional LRP (z+),5.461813,2.9302626,2.5315504,0.46350002,46.350002,46.35,0.5364999771118164,0.0
DeiT-Tiny,395,n03314780_8148_face_powder.jpg,TFRP Framework (z+),5.461813,5.4426003,0.019212723,0.0035176456,0.35176456,0.351781964302063,0.9964823722839355,0.32559800148010254
DeiT-Tiny,396,n07739125_3030_apple.jpg,Conventional LRP (z+),15.874435,8.516634,7.3578014,0.46350005,46.350006,46.35,0.5364999771118164,0.0
DeiT-Tiny,396,n07739125_3030_apple.jpg,TFRP Framework (z+),15.874435,15.857178,0.01725769,0.0010871373,0.10871372,0.10872572660446167,0.9989128708839417,0.3288447856903076
DeiT-Tiny,397,n01982650_8985_lobster.jpg,Conventional LRP (z+),19.776785,10.610245,9.16654,0.46350002,46.350002,46.35,0.5364999771118164,0.0
DeiT-Tiny,397,n01982650_8985_lobster.jpg,TFRP Framework (z+),19.776785,20.09668,0.3198948,0.016175268,1.6175268,-1.6175463199615479,1.0161752700805664,0.32204365730285645
DeiT-Tiny,398,n01443537_5048_goldfish.jpg,Conventional LRP (z+),15.437281,8.282101,7.15518,0.46350002,46.350002,46.35,0.5364999771118164,0.0
DeiT-Tiny,398,n01443537_5048_goldfish.jpg,TFRP Framework (z+),15.437281,15.475327,0.038045883,0.0024645457,0.24645457,-0.24642978608608246,1.0024645328521729,0.3294994831085205
DeiT-Tiny,399,n04536866_19280_violin.jpg,Conventional LRP (z+),4.308523,2.3115225,1.9970007,0.46350005,46.350006,46.35,0.5364999771118164,0.0
DeiT-Tiny,399,n04536866_19280_violin.jpg,TFRP Framework (z+),4.308523,4.268799,0.03972435,0.009219945,0.92199457,0.9219836592674255,0.9907800555229187,0.3253207206726074
DeiT-Tiny,400,n03759954_16247_microphone.jpg,Conventional LRP (z+),36.3772,19.516367,16.860834,0.46350005,46.350006,46.35,0.5364999771118164,0.0
DeiT-Tiny,400,n03759954_16247_microphone.jpg,TFRP Framework (z+),36.3772,36.34902,0.028182983,0.00077474304,0.0774743,0.07747430354356766,0.9992252588272095,0.3251488208770752
DeiT-Tiny,401,n02121808_25532_domestic_cat.jpg,Conventional LRP (z+),5.7102523,3.0635502,2.646702,0.46350002,46.350002,46.35,0.5364999771118164,0.0
DeiT-Tiny,401,n02121808_25532_domestic_cat.jpg,TFRP Framework (z+),5.7102523,5.5,0.21025229,0.03682014,3.682014,3.6820218563079834,0.963179886341095,0.32460498809814453
DeiT-Tiny,402,n01990800_353_isopod.jpg,Conventional LRP (z+),22.062654,11.836614,10.226041,0.46350002,46.350002,46.35,0.5364999771118164,0.0
DeiT-Tiny,402,n01990800_353_isopod.jpg,TFRP Framework (z+),22.062654,22.301407,0.23875237,0.010821561,1.0821562,-1.0821561813354492,1.0108215808868408,0.32514357566833496
DeiT-Tiny,403,n03636649_17304_lamp.jpg,Conventional LRP (z+),25.273142,13.55904,11.714102,0.46350002,46.350002,46.35,0.5364999771118164,0.0
DeiT-Tiny,403,n03636649_17304_lamp.jpg,TFRP Framework (z+),25.273142,47.217285,21.944143,0.8682792,86.82792,-86.82791900634766,1.868279218673706,0.3278954029083252
DeiT-Tiny,404,n03961711_5567_plate_rack.jpg,Conventional LRP (z+),3.651372,1.958961,1.692411,0.46350002,46.350002,46.35,0.5364999771118164,0.0
DeiT-Tiny,404,n03961711_5567_plate_rack.jpg,TFRP Framework (z+),3.651372,3.283661,0.36771107,0.10070491,10.070491,10.07048511505127,0.8992950916290283,0.3249077796936035
DeiT-Tiny,405,n03483316_5201_hair_dryer.jpg,Conventional LRP (z+),10.752877,5.7689185,4.9839587,0.46350002,46.350002,46.35,0.5364999771118164,0.0
DeiT-Tiny,405,n03483316_5201_hair_dryer.jpg,TFRP Framework (z+),10.752877,10.8203125,0.067435265,0.0062713693,0.62713695,-0.6271369457244873,1.0062713623046875,0.32457733154296875
DeiT-Tiny,406,n03838899_27257_oboe.jpg,Conventional LRP (z+),3.5254042,1.8913792,1.634025,0.46350002,46.350002,46.35,0.5364999771118164,0.0
DeiT-Tiny,406,n03838899_27257_oboe.jpg,TFRP Framework (z+),3.5254042,3.4524117,0.07299256,0.020704735,2.0704734,2.0704801082611084,0.9792952537536621,0.32340407371520996
DeiT-Tiny,407,n04116512_19943_rubber_eraser.jpg,Conventional LRP (z+),14.048333,7.5369306,6.5114026,0.46350002,46.350002,46.35,0.5364999771118164,0.0
DeiT-Tiny,407,n04116512_19943_rubber_eraser.jpg,TFRP Framework (z+),14.048333,14.010986,0.03734684,0.0026584535,0.26584536,0.2658453583717346,0.9973415732383728,0.33118605613708496
DeiT-Tiny,408,n02958343_46237_car.jpg,Conventional LRP (z+),5.6834893,3.049192,2.6342974,0.46350002,46.350002,46.35,0.5364999771118164,0.0
DeiT-Tiny,408,n02958343_46237_car.jpg,TFRP Framework (z+),5.6834893,0.14212036,5.541369,0.9749942,97.49942,97.49942016601562,0.025005828589200974,0.3286118507385254
DeiT-Tiny,409,n03908618_16597_pencil_box.jpg,Conventional LRP (z+),23.278425,12.488874,10.789551,0.46350002,46.350002,46.35,0.5364999771118164,0.0
DeiT-Tiny,409,n03908618_16597_pencil_box.jpg,TFRP Framework (z+),23.278425,23.32621,0.047784805,0.0020527507,0.20527507,-0.20526687800884247,1.0020527839660645,0.3214254379272461
DeiT-Tiny,410,n04591713_6743_wine_bottle.jpg,Conventional LRP (z+),6.77798,3.636386,3.141594,0.46350005,46.350006,46.35,0.5364999771118164,0.0
DeiT-Tiny,410,n04591713_6743_wine_bottle.jpg,TFRP Framework (z+),6.77798,6.682617,0.09536266,0.014069482,1.4069482,1.4069551229476929,0.9859305024147034,0.3249013423919678
DeiT-Tiny,411,n03001627_5399_chair.jpg,Conventional LRP (z+),11.028492,5.9167857,5.1117063,0.46350002,46.350002,46.35,0.5364999771118164,0.0
DeiT-Tiny,411,n03001627_5399_chair.jpg,TFRP Framework (z+),11.028492,15.900562,4.8720703,0.4417712,44.17712,-44.17709732055664,1.4417712688446045,0.3231017589569092
DeiT-Tiny,412,n02802426_12131_basketball.jpg,Conventional LRP (z+),11.5416355,6.192087,5.3495483,0.46350002,46.350002,46.35,0.5364999771118164,0.0
DeiT-Tiny,412,n02802426_12131_basketball.jpg,TFRP Framework (z+),11.5416355,10.572563,0.96907234,0.08396317,8.3963175,8.39632511138916,0.91603684425354,0.3273470401763916
DeiT-Tiny,413,n03908714_5365_pencil_sharpener.jpg,Conventional LRP (z+),9.553872,5.1256523,4.42822,0.4635,46.35,46.35,0.5364999771118164,0.0
DeiT-Tiny,413,n03908714_5365_pencil_sharpener.jpg,TFRP Framework (z+),9.553872,9.565979,0.012106895,0.001267224,0.1267224,-0.1267423927783966,1.0012671947479248,0.32366275787353516
DeiT-Tiny,414,n04228054_19874_ski.jpg,Conventional LRP (z+),15.390202,8.256843,7.133359,0.46350002,46.350002,46.35,0.5364999771118164,0.0
DeiT-Tiny,414,n04228054_19874_ski.jpg,TFRP Framework (z+),15.390202,15.297745,0.09245682,0.0060075116,0.60075116,0.6007511615753174,0.9939925074577332,0.3204195499420166
DeiT-Tiny,415,n03642806_23679_laptop.jpg,Conventional LRP (z+),6.612503,3.5476077,3.0648954,0.46350002,46.350002,46.35,0.5364999771118164,0.0
DeiT-Tiny,415,n03642806_23679_laptop.jpg,TFRP Framework (z+),6.612503,6.002144,0.6103592,0.092303805,9.23038,9.230366706848145,0.9076961874961853,0.32599830627441406
DeiT-Tiny,416,n02828884_9371_bench.jpg,Conventional LRP (z+),5.2091317,2.794699,2.4144328,0.46350005,46.350006,46.35,0.5364999771118164,0.0
DeiT-Tiny,416,n02828884_9371_bench.jpg,TFRP Framework (z+),5.2091317,5.2386475,0.029515743,0.005666154,0.5666154,-0.5665786266326904,1.0056661367416382,0.3245563507080078
DeiT-Tiny,417,n04409515_2270_tennis_ball.jpg,Conventional LRP (z+),14.86249,7.9737253,6.8887644,0.46350002,46.350002,46.35,0.5364999771118164,0.0
DeiT-Tiny,417,n04409515_2270_tennis_ball.jpg,TFRP Framework (z+),14.86249,25.405975,10.543486,0.7094024,70.94024,-70.94024658203125,1.7094024419784546,0.3230435848236084
DeiT-Tiny,418,n01443537_4691_goldfish.jpg,Conventional LRP (z+),14.9130745,8.000864,6.9122105,0.46350002,46.350002,46.35,0.5364999771118164,0.0
DeiT-Tiny,418,n01443537_4691_goldfish.jpg,TFRP Framework (z+),14.9130745,14.969971,0.05689621,0.0038151897,0.38151896,-0.38150614500045776,1.0038151741027832,0.3237171173095703
DeiT-Tiny,419,n07753113_31494_fig.jpg,Conventional LRP (z+),2.4770977,1.3289629,1.1481348,0.46350002,46.350002,46.35,0.5364999771118164,0.0
DeiT-Tiny,419,n07753113_31494_fig.jpg,TFRP Framework (z+),2.4770977,2.490799,0.0137012005,0.0055311504,0.553115,-0.553124725818634,1.0055311918258667,0.32212352752685547
DeiT-Tiny,420,n02828884_603_bench.jpg,Conventional LRP (z+),6.503381,3.4890637,3.014317,0.4635,46.35,46.35,0.5364999771118164,0.0
DeiT-Tiny,420,n02828884_603_bench.jpg,TFRP Framework (z+),6.503381,6.4946594,0.008721352,0.0013410489,0.1341049,0.13411220908164978,0.9986589550971985,0.33011603355407715
DeiT-Tiny,421,n02129165_16177_lion.jpg,Conventional LRP (z+),5.6537957,3.0332613,2.6205344,0.46350002,46.350002,46.35,0.5364999771118164,0.0
DeiT-Tiny,421,n02129165_16177_lion.jpg,TFRP Framework (z+),5.6537957,5.6244497,0.02934599,0.0051904935,0.51904935,0.5190325379371643,0.9948095083236694,0.31880950927734375
DeiT-Tiny,422,n02268443_40549_dragonfly.jpg,Conventional LRP (z+),12.258315,6.576586,5.6817293,0.46350002,46.350002,46.35,0.5364999771118164,0.0
DeiT-Tiny,422,n02268443_40549_dragonfly.jpg,TFRP Framework (z+),12.258315,12.050781,0.20753384,0.016930046,1.6930046,1.6929969787597656,0.9830699563026428,0.34343433380126953
DeiT-Tiny,423,n07720875_3114_bell_pepper.jpg,Conventional LRP (z+),8.945808,4.799426,4.1463823,0.46350002,46.350002,46.35,0.5364999771118164,0.0
DeiT-Tiny,423,n07720875_3114_bell_pepper.jpg,TFRP Framework (z+),8.945808,6.470703,2.4751053,0.27667767,27.667767,27.66777229309082,0.723322331905365,0.322589635848999
DeiT-Tiny,424,n02131653_4506_bear.jpg,Conventional LRP (z+),4.2910953,2.3021724,1.9889228,0.46350005,46.350006,46.35,0.5364999771118164,0.0
DeiT-Tiny,424,n02131653_4506_bear.jpg,TFRP Framework (z+),4.2910953,4.297801,0.006705761,0.0015627155,0.15627155,-0.1562715470790863,1.0015627145767212,0.32897210121154785
DeiT-Tiny,425,n02129165_6654_lion.jpg,Conventional LRP (z+),4.963945,2.6631563,2.3007886,0.46350002,46.350002,46.35,0.5364999771118164,0.0
DeiT-Tiny,425,n02129165_6654_lion.jpg,TFRP Framework (z+),4.963945,5.0418816,0.07793665,0.015700547,1.5700547,-1.5700546503067017,1.0157005786895752,0.32198143005371094
DeiT-Tiny,426,n04409515_1508_tennis_ball.jpg,Conventional LRP (z+),6.311552,3.3861475,2.9254045,0.46350002,46.350002,46.35,0.5364999771118164,0.0
DeiT-Tiny,426,n04409515_1508_tennis_ball.jpg,TFRP Framework (z+),6.311552,6.325287,0.0137348175,0.0021761395,0.21761395,-0.21761395037174225,1.0021761655807495,0.32404041290283203
DeiT-Tiny,427,n07739125_8731_apple.jpg,Conventional LRP (z+),3.5941448,1.9282587,1.6658862,0.46350002,46.350002,46.35,0.5364999771118164,0.0
DeiT-Tiny,427,n07739125_8731_apple.jpg,TFRP Framework (z+),3.5941448,3.5906982,0.003446579,0.0009589427,0.09589427,0.09588101506233215,0.9990410804748535,0.3190770149230957
DeiT-Tiny,428,n02786058_8556_band_aid.jpg,Conventional LRP (z+),10.733154,5.758337,4.9748173,0.46350002,46.350002,46.35,0.5364999771118164,0.0
DeiT-Tiny,428,n02786058_8556_band_aid.jpg,TFRP Framework (z+),10.733154,10.87767,0.14451599,0.013464447,1.3464447,-1.346435785293579,1.0134644508361816,0.3235800266265869
DeiT-Tiny,429,n02799071_7869_baseball.jpg,Conventional LRP (z+),16.3484,8.770916,7.577484,0.46350005,46.350006,46.35,0.5364999771118164,0.0
DeiT-Tiny,429,n02799071_7869_baseball.jpg,TFRP Framework (z+),16.3484,15.631065,0.71733475,0.043877978,4.387798,4.387797832489014,0.9561220407485962,0.3212137222290039
DeiT-Tiny,430,n02445715_10727_skunk.jpg,Conventional LRP (z+),7.4850707,4.0157404,3.4693303,0.4635,46.35,46.35,0.5364999771118164,0.0
DeiT-Tiny,430,n02445715_10727_skunk.jpg,TFRP Framework (z+),7.4850707,1.7734985,5.711572,0.7630619,76.30619,76.30619049072266,0.23693811893463135,0.33178162574768066
DeiT-Tiny,431,n02951585_1789_can_opener.jpg,Conventional LRP (z+),7.8242,4.1976833,3.6265168,0.4635,46.35,46.35,0.5364999771118164,0.0
DeiT-Tiny,431,n02951585_1789_can_opener.jpg,TFRP Framework (z+),7.8242,7.6484375,0.17576265,0.022463977,2.2463977,2.2464096546173096,0.9775360226631165,0.31878185272216797
DeiT-Tiny,432,n02437136_3810_camel.jpg,Conventional LRP (z+),3.0164568,1.618329,1.3981278,0.46350002,46.350002,46.35,0.5364999771118164,0.0
DeiT-Tiny,432,n02437136_3810_camel.jpg,TFRP Framework (z+),3.0164568,2.4555664,0.56089044,0.18594347,18.594347,18.59434700012207,0.8140565156936646,0.32269930839538574
DeiT-Tiny,433,n03790512_8658_motorcycle.jpg,Conventional LRP (z+),8.50529,4.563088,3.942202,0.46350002,46.350002,46.35,0.5364999771118164,0.0
DeiT-Tiny,433,n03790512_8658_motorcycle.jpg,TFRP Framework (z+),8.50529,8.87854,0.37325,0.043884452,4.3884454,-4.388457298278809,1.0438843965530396,0.3252527713775635
DeiT-Tiny,434,n07753275_24866_pineapple.jpg,Conventional LRP (z+),5.0120835,2.6889827,2.3231008,0.46350002,46.350002,46.35,0.5364999771118164,0.0
DeiT-Tiny,434,n07753275_24866_pineapple.jpg,TFRP Framework (z+),5.0120835,4.774109,0.23797464,0.047480185,4.7480183,4.7480363845825195,0.9525198340415955,0.3210728168487549
DeiT-Tiny,435,n04317175_9155_stethoscope.jpg,Conventional LRP (z+),19.07278,10.232547,8.840234,0.4635,46.35,46.35,0.5364999771118164,0.0
DeiT-Tiny,435,n04317175_9155_stethoscope.jpg,TFRP Framework (z+),19.07278,21.721664,2.6488838,0.13888294,13.888293,-13.888293266296387,1.1388829946517944,0.32286858558654785
DeiT-Tiny,436,n04409515_22090_tennis_ball.jpg,Conventional LRP (z+),8.127797,4.360563,3.7672343,0.46350005,46.350006,46.35,0.5364999771118164,0.0
DeiT-Tiny,436,n04409515_22090_tennis_ball.jpg,TFRP Framework (z+),8.127797,7.42807,0.69972706,0.08609062,8.609061,8.609061241149902,0.913909375667572,0.327775239944458
DeiT-Tiny,437,n01784675_2573_centipede.jpg,Conventional LRP (z+),12.392732,6.6487,5.7440314,0.46350002,46.350002,46.35,0.5364999771118164,0.0
DeiT-Tiny,437,n01784675_2573_centipede.jpg,TFRP Framework (z+),12.392732,9.959717,2.4330149,0.19632596,19.632595,19.63258934020996,0.803674042224884,0.3289833068847656
DeiT-Tiny,438,n07734744_5655_mushroom.jpg,Conventional LRP (z+),26.423128,14.176007,12.247121,0.46350002,46.350002,46.35,0.5364999771118164,0.0
DeiT-Tiny,438,n07734744_5655_mushroom.jpg,TFRP Framework (z+),26.423128,24.416138,2.0069904,0.07595582,7.5955825,7.595582485198975,0.9240441918373108,0.3224775791168213
DeiT-Tiny,439,n03950228_18009_pitcher.jpg,Conventional LRP (z+),12.587073,6.7529645,5.834109,0.46350002,46.350002,46.35,0.5364999771118164,0.0
DeiT-Tiny,439,n03950228_18009_pitcher.jpg,TFRP Framework (z+),12.587073,12.5894165,0.0023431778,0.00018615747,0.018615747,-0.01860816963016987,1.0001862049102783,0.32352304458618164
DeiT-Tiny,440,n02787622_7140_banjo.jpg,Conventional LRP (z+),19.561893,10.494955,9.066938,0.46350005,46.350006,46.35,0.5364999771118164,0.0
DeiT-Tiny,440,n02787622_7140_banjo.jpg,TFRP Framework (z+),19.561893,19.447914,0.11397934,0.0058266004,0.58266,0.5826406478881836,0.9941734075546265,0.32550525665283203
DeiT-Tiny,441,n01776313_12698_tick.jpg,Conventional LRP (z+),19.926752,10.690702,9.23605,0.4635,46.35,46.35,0.5364999771118164,0.0
DeiT-Tiny,441,n01776313_12698_tick.jpg,TFRP Framework (z+),19.926752,16.617393,3.3093586,0.16607617,16.607616,16.607616424560547,0.8339238166809082,0.32510972023010254
DeiT-Tiny,442,n04371430_4930_swimming_trunks.jpg,Conventional LRP (z+),23.602148,12.662552,10.939596,0.46350002,46.350002,46.35,0.5364999771118164,0.0
DeiT-Tiny,442,n04371430_4930_swimming_trunks.jpg,TFRP Framework (z+),23.602148,23.61573,0.01358223,0.00057546585,0.057546586,-0.05754658579826355,1.0005754232406616,0.32037806510925293
DeiT-Tiny,443,n02892767_14415_brassiere.jpg,Conventional LRP (z+),7.1840677,3.854252,3.3298156,0.46350002,46.350002,46.35,0.5364999771118164,0.0
DeiT-Tiny,443,n02892767_14415_brassiere.jpg,TFRP Framework (z+),7.1840677,7.183502,0.00056552887,7.8719866e-05,0.007871986,0.007865349762141705,0.9999212622642517,0.3199760913848877
DeiT-Tiny,444,n02219486_28997_ant.jpg,Conventional LRP (z+),46.086864,24.725601,21.361263,0.46350002,46.350002,46.35,0.5364999771118164,0.0
DeiT-Tiny,444,n02219486_28997_ant.jpg,TFRP Framework (z+),46.086864,-163.18863,209.2755,4.5408926,454.08926,454.0892639160156,-3.5408923625946045,0.331341028213501
DeiT-Tiny,445,n02769748_3362_backpack.jpg,Conventional LRP (z+),32.881966,17.641174,15.240791,0.4635,46.35,46.35,0.5364999771118164,0.0
DeiT-Tiny,445,n02769748_3362_backpack.jpg,TFRP Framework (z+),32.881966,33.023895,0.14192963,0.0043163365,0.43163365,-0.4316336512565613,1.0043163299560547,0.3352193832397461
DeiT-Tiny,446,n04332243_12293_strainer.jpg,Conventional LRP (z+),12.763293,6.8475065,5.9157867,0.46350002,46.350002,46.35,0.5364999771118164,0.0
DeiT-Tiny,446,n04332243_12293_strainer.jpg,TFRP Framework (z+),12.763293,12.6467285,0.11656475,0.009132812,0.9132812,0.9132663607597351,0.9908671975135803,0.3212740421295166
DeiT-Tiny,447,n03249569_39070_drum.jpg,Conventional LRP (z+),10.483102,5.624184,4.8589177,0.4635,46.35,46.35,0.5364999771118164,0.0
DeiT-Tiny,447,n03249569_39070_drum.jpg,TFRP Framework (z+),10.483102,6.6088257,3.8742762,0.36957344,36.957344,36.957340240478516,0.6304265260696411,0.32700085639953613
DeiT-Tiny,448,n03196217_5137_digital_clock.jpg,Conventional LRP (z+),13.394352,7.1860695,6.2082825,0.46350002,46.350002,46.35,0.5364999771118164,0.0
DeiT-Tiny,448,n03196217_5137_digital_clock.jpg,TFRP Framework (z+),13.394352,18.217613,4.8232613,0.36009666,36.009666,-36.00968551635742,1.3600966930389404,0.33477067947387695
DeiT-Tiny,449,n03793489_12136_computer_mouse.jpg,Conventional LRP (z+),10.149259,5.445077,4.7041817,0.46350002,46.350002,46.35,0.5364999771118164,0.0
DeiT-Tiny,449,n03793489_12136_computer_mouse.jpg,TFRP Framework (z+),10.149259,10.551025,0.40176678,0.039585825,3.9585824,-3.9585630893707275,1.039585828781128,0.3261690139770508
DeiT-Tiny,450,n07747607_11507_orange.jpg,Conventional LRP (z+),25.136295,13.485621,11.650674,0.46350005,46.350006,46.35,0.5364999771118164,0.0
DeiT-Tiny,450,n07747607_11507_orange.jpg,TFRP Framework (z+),25.136295,25.671875,0.5355797,0.021307025,2.1307025,-2.1307103633880615,1.0213069915771484,0.3214297294616699
DeiT-Tiny,451,n04004767_13120_printer.jpg,Conventional LRP (z+),12.3223295,6.6109295,5.7114,0.46350002,46.350002,46.35,0.5364999771118164,0.0
DeiT-Tiny,451,n04004767_13120_printer.jpg,TFRP Framework (z+),12.3223295,12.317139,0.0051908493,0.0004212555,0.04212555,0.04212554916739464,0.9995787739753723,0.3210933208465576
DeiT-Tiny,452,n02324045_35129_rabbit.jpg,Conventional LRP (z+),12.25533,6.574984,5.680346,0.46350005,46.350006,46.35,0.5364999771118164,0.0
DeiT-Tiny,452,n02324045_35129_rabbit.jpg,TFRP Framework (z+),12.25533,12.190338,0.06499195,0.005303158,0.5303158,0.5303002595901489,0.994696855545044,0.32737255096435547
DeiT-Tiny,453,n01726692_4835_snake.jpg,Conventional LRP (z+),9.427888,5.0580616,4.3698263,0.46350002,46.350002,46.35,0.5364999771118164,0.0
DeiT-Tiny,453,n01726692_4835_snake.jpg,TFRP Framework (z+),9.427888,9.436737,0.008849144,0.0009386136,0.093861364,-0.09386136382818222,1.0009386539459229,0.3229858875274658
DeiT-Tiny,454,n03764736_9550_milk_can.jpg,Conventional LRP (z+),4.3809676,2.350389,2.0305786,0.46350002,46.350002,46.35,0.5364999771118164,0.0
DeiT-Tiny,454,n03764736_9550_milk_can.jpg,TFRP Framework (z+),4.3809676,4.404785,0.02381754,0.005436593,0.5436593,-0.5436593294143677,1.0054365396499634,0.3246285915374756
DeiT-Tiny,455,n02324045_16987_rabbit.jpg,Conventional LRP (z+),3.8429127,2.0617225,1.7811902,0.46350002,46.350002,46.35,0.5364999771118164,0.0
DeiT-Tiny,455,n02324045_16987_rabbit.jpg,TFRP Framework (z+),3.8429127,3.7965698,0.04634285,0.012059303,1.2059304,1.2059303522109985,0.9879406690597534,0.3233208656311035
DeiT-Tiny,456,n03207941_20675_dishwasher.jpg,Conventional LRP (z+),6.4294086,3.4493775,2.980031,0.46350002,46.350002,46.35,0.5364999771118164,0.0
DeiT-Tiny,456,n03207941_20675_dishwasher.jpg,TFRP Framework (z+),6.4294086,6.8164062,0.3869977,0.060191803,6.0191803,-6.0191802978515625,1.0601917505264282,0.32462286949157715
DeiT-Tiny,457,n02219486_21998_ant.jpg,Conventional LRP (z+),7.944928,4.2624536,3.6824746,0.46350005,46.350006,46.35,0.5364999771118164,0.0
DeiT-Tiny,457,n02219486_21998_ant.jpg,TFRP Framework (z+),7.944928,7.8614063,0.08352184,0.010512599,1.0512599,1.051283597946167,0.9894874095916748,0.3249785900115967
DeiT-Tiny,458,n01770393_12410_scorpion.jpg,Conventional LRP (z+),14.699275,7.886161,6.813114,0.46350002,46.350002,46.35,0.5364999771118164,0.0
DeiT-Tiny,458,n01770393_12410_scorpion.jpg,TFRP Framework (z+),14.699275,14.982788,0.28351307,0.019287555,1.9287554,-1.9287554025650024,1.0192875862121582,0.3284265995025635
DeiT-Tiny,459,n02840245_10033_binder.jpg,Conventional LRP (z+),3.5785444,1.919889,1.6586554,0.46350002,46.350002,46.35,0.5364999771118164,0.0
DeiT-Tiny,459,n02840245_10033_binder.jpg,TFRP Framework (z+),3.5785444,3.5069008,0.07164359,0.020020317,2.0020318,2.0020318031311035,0.9799796938896179,0.3215799331665039
DeiT-Tiny,460,n07693725_10869_bagel.jpg,Conventional LRP (z+),7.869122,4.2217836,3.6473384,0.46350005,46.350006,46.35,0.5364999771118164,0.0
DeiT-Tiny,460,n07693725_10869_bagel.jpg,TFRP Framework (z+),7.869122,7.7767487,0.09237337,0.011738714,1.1738714,1.173871397972107,0.9882612824440002,0.3213012218475342
DeiT-Tiny,461,n03814639_6968_neck_brace.jpg,Conventional LRP (z+),21.28067,11.417079,9.863591,0.46350002,46.350002,46.35,0.5364999771118164,0.0
DeiT-Tiny,461,n03814639_6968_neck_brace.jpg,TFRP Framework (z+),21.28067,21.2956,0.014930725,0.0007016097,0.07016097,-0.07015199959278107,1.000701665878296,0.3254666328430176
DeiT-Tiny,462,n02992211_14789_cello.jpg,Conventional LRP (z+),25.154425,13.495348,11.659077,0.46350002,46.350002,46.35,0.5364999771118164,0.0
DeiT-Tiny,462,n02992211_14789_cello.jpg,TFRP Framework (z+),25.154425,25.325039,0.17061424,0.0067826733,0.67826736,-0.6782673597335815,1.0067826509475708,0.3227236270904541
DeiT-Tiny,463,n03950228_11894_pitcher.jpg,Conventional LRP (z+),8.7771,4.708914,4.068186,0.46350002,46.350002,46.35,0.5364999771118164,0.0
DeiT-Tiny,463,n03950228_11894_pitcher.jpg,TFRP Framework (z+),8.7771,8.731445,0.045654297,0.005201524,0.5201524,0.5201523900032043,0.994798481464386,0.3174777030944824
DeiT-Tiny,464,n07697100_9282_hamburger.jpg,Conventional LRP (z+),12.425101,6.6660666,5.7590346,0.46350002,46.350002,46.35,0.5364999771118164,0.0
DeiT-Tiny,464,n07697100_9282_hamburger.jpg,TFRP Framework (z+),12.425101,13.72876,1.3036585,0.104921356,10.492136,-10.492136001586914,1.1049213409423828,0.32101893424987793
DeiT-Tiny,465,n02129165_10881_lion.jpg,Conventional LRP (z+),4.786752,2.5680923,2.2186599,0.46350005,46.350006,46.35,0.5364999771118164,0.0
DeiT-Tiny,465,n02129165_10881_lion.jpg,TFRP Framework (z+),4.786752,4.798828,0.012075901,0.0025227754,0.25227755,-0.25227755308151245,1.0025228261947632,0.3214108943939209
DeiT-Tiny,466,n04070727_10616_refrigerator.jpg,Conventional LRP (z+),2.564352,1.3757749,1.1885772,0.4635,46.35,46.35,0.5364999771118164,0.0
DeiT-Tiny,466,n04070727_10616_refrigerator.jpg,TFRP Framework (z+),2.564352,2.5851898,0.020837784,0.008125945,0.8125945,-0.812622606754303,1.008125901222229,0.3291316032409668
DeiT-Tiny,467,n04252077_1184_snowmobile.jpg,Conventional LRP (z+),8.874195,4.7610054,4.1131897,0.46350002,46.350002,46.35,0.5364999771118164,0.0
DeiT-Tiny,467,n04252077_1184_snowmobile.jpg,TFRP Framework (z+),8.874195,8.733398,0.14079666,0.015865851,1.5865852,1.5865851640701294,0.9841341376304626,0.31873536109924316
DeiT-Tiny,468,n03942813_8442_ping-pong_ball.jpg,Conventional LRP (z+),4.227164,2.2678733,1.9592905,0.46350002,46.350002,46.35,0.5364999771118164,0.0
DeiT-Tiny,468,n03942813_8442_ping-pong_ball.jpg,TFRP Framework (z+),4.227164,4.234253,0.007089138,0.0016770436,0.16770436,-0.1677156686782837,1.0016770362854004,0.32475876808166504
DeiT-Tiny,469,n04540053_3263_volleyball.jpg,Conventional LRP (z+),13.911706,7.4636297,6.4480762,0.46350005,46.350006,46.35,0.5364999771118164,0.0
DeiT-Tiny,469,n04540053_3263_volleyball.jpg,TFRP Framework (z+),13.911706,13.905304,0.0064020157,0.00046018913,0.046018913,0.04601205885410309,0.9995397925376892,0.3377566337585449
DeiT-Tiny,470,n07615774_3856_popsicle.jpg,Conventional LRP (z+),12.824048,6.8801017,5.9439464,0.4635,46.35,46.35,0.5364999771118164,0.0
DeiT-Tiny,470,n07615774_3856_popsicle.jpg,TFRP Framework (z+),12.824048,13.073242,0.24919415,0.019431785,1.9431784,-1.9431707859039307,1.0194318294525146,0.3205373287200928
DeiT-Tiny,471,n02395003_15033_swine.jpg,Conventional LRP (z+),5.682539,3.048682,2.633857,0.46350002,46.350002,46.35,0.5364999771118164,0.0
DeiT-Tiny,471,n02395003_15033_swine.jpg,TFRP Framework (z+),5.682539,5.5600967,0.122442245,0.021547101,2.15471,2.154710054397583,0.9784529209136963,0.31784605979919434
DeiT-Tiny,472,n03134739_299_croquet_ball.jpg,Conventional LRP (z+),8.456159,4.536729,3.9194298,0.46350002,46.350002,46.35,0.5364999771118164,0.0
DeiT-Tiny,472,n03134739_299_croquet_ball.jpg,TFRP Framework (z+),8.456159,8.370239,0.08591938,0.010160568,1.0160568,1.0160456895828247,0.9898394346237183,0.3180551528930664
DeiT-Tiny,473,n07880968_4922_burrito.jpg,Conventional LRP (z+),6.104318,3.2749665,2.8293517,0.46350002,46.350002,46.35,0.5364999771118164,0.0
DeiT-Tiny,473,n07880968_4922_burrito.jpg,TFRP Framework (z+),6.104318,128.0,121.89568,19.968763,1996.8763,-1996.8760986328125,20.96876335144043,0.31676506996154785
DeiT-Tiny,474,n02395003_5550_swine.jpg,Conventional LRP (z+),9.360824,5.022082,4.338742,0.4635,46.35,46.35,0.5364999771118164,0.0
DeiT-Tiny,474,n02395003_5550_swine.jpg,TFRP Framework (z+),9.360824,9.279968,0.08085537,0.008637634,0.8637634,0.863733172416687,0.9913623929023743,0.3174397945404053
DeiT-Tiny,475,n02892767_10638_brassiere.jpg,Conventional LRP (z+),15.987571,8.577332,7.410239,0.46350002,46.350002,46.35,0.5364999771118164,0.0
DeiT-Tiny,475,n02892767_10638_brassiere.jpg,TFRP Framework (z+),15.987571,16.036972,0.049401283,0.0030899807,0.30899808,-0.30899208784103394,1.0030900239944458,0.3111763000488281
DeiT-Tiny,476,n03134739_23_croquet_ball.jpg,Conventional LRP (z+),6.2804275,3.3694491,2.9109783,0.46350002,46.350002,46.35,0.5364999771118164,0.0
DeiT-Tiny,476,n03134739_23_croquet_ball.jpg,TFRP Framework (z+),6.2804275,6.053238,0.22718954,0.036174215,3.6174216,3.61742901802063,0.9638257622718811,0.3173975944519043
DeiT-Tiny,477,n07747607_3088_orange.jpg,Conventional LRP (z+),8.726664,4.6818547,4.044809,0.46350002,46.350002,46.35,0.5364999771118164,0.0
DeiT-Tiny,477,n07747607_3088_orange.jpg,TFRP Framework (z+),8.726664,8.72097,0.0056934357,0.00065241836,0.065241836,0.06523091346025467,0.9993475675582886,0.3217296600341797
DeiT-Tiny,478,n04379243_2182_table.jpg,Conventional LRP (z+),13.749908,7.3768253,6.373083,0.46350005,46.350006,46.35,0.5364999771118164,0.0
DeiT-Tiny,478,n04379243_2182_table.jpg,TFRP Framework (z+),13.749908,13.734375,0.015533447,0.0011297128,0.112971276,0.11296435445547104,0.998870313167572,0.31734514236450195
DeiT-Tiny,479,n04468005_3396_train.jpg,Conventional LRP (z+),6.6561775,3.5710392,3.0851383,0.4635,46.35,46.35,0.5364999771118164,0.0
DeiT-Tiny,479,n04468005_3396_train.jpg,TFRP Framework (z+),6.6561775,5.5827103,1.0734673,0.16127384,16.127384,16.12737274169922,0.8387261629104614,0.31585192680358887
DeiT-Tiny,480,n02129604_20374_tiger.jpg,Conventional LRP (z+),10.337719,5.546186,4.791533,0.46350002,46.350002,46.35,0.5364999771118164,0.0
DeiT-Tiny,480,n02129604_20374_tiger.jpg,TFRP Framework (z+),10.337719,10.464508,0.1267891,0.012264707,1.2264707,-1.2264519929885864,1.0122647285461426,0.31574583053588867
DeiT-Tiny,481,n03063338_2928_coffee_maker.jpg,Conventional LRP (z+),6.187738,3.3197212,2.8680167,0.46350002,46.350002,46.35,0.5364999771118164,0.0
DeiT-Tiny,481,n03063338_2928_coffee_maker.jpg,TFRP Framework (z+),6.187738,10.901813,4.7140746,0.76184136,76.184135,-76.18413543701172,1.7618412971496582,0.3175654411315918
DeiT-Tiny,482,n01726692_8553_snake.jpg,Conventional LRP (z+),25.196068,13.51769,11.678378,0.46350002,46.350002,46.35,0.5364999771118164,0.0
DeiT-Tiny,482,n01726692_8553_snake.jpg,TFRP Framework (z+),25.196068,25.241928,0.04586029,0.0018201368,0.18201368,-0.18201367557048798,1.0018200874328613,0.31643080711364746
DeiT-Tiny,483,n03394916_28561_french_horn.jpg,Conventional LRP (z+),19.860828,10.6553335,9.205495,0.46350005,46.350006,46.35,0.5364999771118164,0.0
DeiT-Tiny,483,n03394916_28561_french_horn.jpg,TFRP Framework (z+),19.860828,19.868408,0.0075798035,0.0003816459,0.03816459,-0.038164589554071426,1.000381588935852,0.314774751663208
DeiT-Tiny,484,n02484322_30035_monkey.jpg,Conventional LRP (z+),2.3979194,1.2864838,1.1114357,0.4635,46.35,46.35,0.5364999771118164,0.0
DeiT-Tiny,484,n02484322_30035_monkey.jpg,TFRP Framework (z+),2.3979194,2.3816376,0.016281843,0.0067899874,0.67899877,0.678969144821167,0.9932100176811218,0.3175640106201172
DeiT-Tiny,485,n02419796_9300_antelope.jpg,Conventional LRP (z+),13.380122,7.1784353,6.201687,0.46350002,46.350002,46.35,0.5364999771118164,0.0
DeiT-Tiny,485,n02419796_9300_antelope.jpg,TFRP Framework (z+),13.380122,13.36731,0.012812614,0.00095758575,0.09575857,0.09575857222080231,0.9990423917770386,0.3190319538116455
DeiT-Tiny,486,n03337140_3759_filing_cabinet.jpg,Conventional LRP (z+),16.656021,8.935955,7.720066,0.46350002,46.350002,46.35,0.5364999771118164,0.0
DeiT-Tiny,486,n03337140_3759_filing_cabinet.jpg,TFRP Framework (z+),16.656021,16.710236,0.054214478,0.0032549477,0.32549477,-0.32549476623535156,1.0032548904418945,0.31633877754211426
DeiT-Tiny,487,n02958343_4969_car.jpg,Conventional LRP (z+),9.745153,5.228275,4.5168786,0.4635,46.35,46.35,0.5364999771118164,0.0
DeiT-Tiny,487,n02958343_4969_car.jpg,TFRP Framework (z+),9.745153,10.054352,0.30919838,0.031728428,3.1728427,-3.1728527545928955,1.0317283868789673,0.31582164764404297
DeiT-Tiny,488,n02834778_3678_bicycle.jpg,Conventional LRP (z+),19.433596,10.426124,9.007472,0.46350002,46.350002,46.35,0.5364999771118164,0.0
DeiT-Tiny,488,n02834778_3678_bicycle.jpg,TFRP Framework (z+),19.433596,19.39917,0.034425735,0.0017714547,0.17714547,0.17714546620845795,0.9982285499572754,0.31858301162719727
DeiT-Tiny,489,n04392985_14368_tape_player.jpg,Conventional LRP (z+),13.936903,7.477148,6.459755,0.46350002,46.350002,46.35,0.5364999771118164,0.0
DeiT-Tiny,489,n04392985_14368_tape_player.jpg,TFRP Framework (z+),13.936903,13.980469,0.04356575,0.0031259276,0.31259277,-0.31258589029312134,1.0031259059906006,0.3179965019226074
DeiT-Tiny,490,n03110669_35490_trumpet.jpg,Conventional LRP (z+),5.4031105,2.8987687,2.5043418,0.46350002,46.350002,46.35,0.5364999771118164,0.0
DeiT-Tiny,490,n03110669_35490_trumpet.jpg,TFRP Framework (z+),5.4031105,5.3984756,0.004634857,0.00085781276,0.085781276,0.0857812762260437,0.9991421699523926,0.3155081272125244
DeiT-Tiny,491,n03211117_3052_tv_or_monitor.jpg,Conventional LRP (z+),10.560754,5.665844,4.89491,0.46350005,46.350006,46.35,0.5364999771118164,0.0
DeiT-Tiny,491,n03211117_3052_tv_or_monitor.jpg,TFRP Framework (z+),10.560754,10.559814,0.0009393692,8.894907e-05,0.008894907,0.008885877206921577,0.9999110698699951,0.31365180015563965
DeiT-Tiny,492,n02131653_14212_bear.jpg,Conventional LRP (z+),5.5534267,2.9794133,2.5740135,0.46350002,46.350002,46.35,0.5364999771118164,0.0
DeiT-Tiny,492,n02131653_14212_bear.jpg,TFRP Framework (z+),5.5534267,5.552971,0.00045585632,8.208559e-05,0.008208559,0.008199973963201046,0.9999179244041443,0.317319393157959
DeiT-Tiny,493,n04019541_26831_puck.jpg,Conventional LRP (z+),5.5324917,2.9681816,2.56431,0.46350002,46.350002,46.35,0.5364999771118164,0.0009996891021728516
DeiT-Tiny,493,n04019541_26831_puck.jpg,TFRP Framework (z+),5.5324917,13.25708,7.7245884,1.3962224,139.62224,-139.62225341796875,2.3962223529815674,0.319469690322876
DeiT-Tiny,494,n01495701_2358_ray.jpg,Conventional LRP (z+),7.585577,4.069662,3.515915,0.4635,46.35,46.35,0.5364999771118164,0.0
DeiT-Tiny,494,n01495701_2358_ray.jpg,TFRP Framework (z+),7.585577,7.9960938,0.41051674,0.054118063,5.411806,-5.411799430847168,1.054118037223816,0.32362842559814453
DeiT-Tiny,495,n02883205_4699_bow_tie.jpg,Conventional LRP (z+),22.0567,11.833419,10.223281,0.46350002,46.350002,46.35,0.5364999771118164,0.0
DeiT-Tiny,495,n02883205_4699_bow_tie.jpg,TFRP Framework (z+),22.0567,21.99405,0.06265068,0.0028404377,0.28404376,0.2840437591075897,0.9971595406532288,0.31672167778015137
DeiT-Tiny,496,n02118333_412_fox.jpg,Conventional LRP (z+),13.396721,7.1873403,6.2093806,0.46350002,46.350002,46.35,0.5364999771118164,0.0
DeiT-Tiny,496,n02118333_412_fox.jpg,TFRP Framework (z+),13.396721,13.388672,0.008049011,0.00060081953,0.060081955,0.060081955045461655,0.9993991851806641,0.3262460231781006
DeiT-Tiny,497,n03916031_14529_perfume.jpg,Conventional LRP (z+),13.510845,7.248568,6.262277,0.46350002,46.350002,46.35,0.5364999771118164,0.0
DeiT-Tiny,497,n03916031_14529_perfume.jpg,TFRP Framework (z+),13.510845,13.517469,0.006624222,0.00049028924,0.049028926,-0.04902185872197151,1.0004903078079224,0.3196849822998047
DeiT-Tiny,498,n03958227_8704_plastic_bag.jpg,Conventional LRP (z+),5.4001036,2.8971555,2.502948,0.4635,46.35,46.35,0.5364999771118164,0.0
DeiT-Tiny,498,n03958227_8704_plastic_bag.jpg,TFRP Framework (z+),5.4001036,5.4216156,0.021512032,0.003983633,0.39836332,-0.39834555983543396,1.0039836168289185,0.32526063919067383
DeiT-Tiny,499,n07714571_8557_head_cabbage.jpg,Conventional LRP (z+),11.792649,6.326756,5.4658933,0.46350002,46.350002,46.35,0.5364999771118164,0.0
DeiT-Tiny,499,n07714571_8557_head_cabbage.jpg,TFRP Framework (z+),11.792649,10.71167,1.0809793,0.09166552,9.166553,9.166552543640137,0.908334493637085,0.31888461112976074
