Model,Image_Index,File_Name,Method,Initial_Sum(R_out),Final_Sum(R_in),Absolute_Error,RCE_Value,RCE_Percentage(%),Leakage_Percentage(%),Propagation_Continuity,Inference_Time(s)
DeiT-Tiny,0,n03950228_34570_pitcher.jpg,Conventional LRP (z+ / Zennit),14.917882919311523,0.9992253184318542,13.91865760087967,0.9330182892056785,93.30182892056786,93.30182892682221,0.06698171073177786,0.22153854370117188
DeiT-Tiny,1,n02129604_9026_tiger.jpg,Conventional LRP (z+ / Zennit),12.860812187194824,0.9999673366546631,11.860844850540161,0.9222469527567978,92.22469527567978,92.22469528285076,0.07775304717149237,0.16391634941101074
DeiT-Tiny,2,n01662784_2198_turtle.jpg,Conventional LRP (z+ / Zennit),41.58463668823242,0.9999696612358093,40.58466702699661,0.9759533870715593,97.59533870715593,97.59533870950283,0.0240466129049717,0.16431164741516113
DeiT-Tiny,3,n04254120_621_soap_dispenser.jpg,Conventional LRP (z+ / Zennit),44.05226135253906,0.9997307062149048,43.05253064632416,0.9773058027783951,97.73058027783951,97.730580280058,0.022694197199419883,0.15059304237365723
DeiT-Tiny,4,n02787622_3030_banjo.jpg,Conventional LRP (z+ / Zennit),9.900169372558594,0.9988594055175781,8.901309967041016,0.8991068365774292,89.91068365774292,89.91068366682464,0.10089316333175354,0.16470575332641602
DeiT-Tiny,5,n02691156_2138_airplane.jpg,Conventional LRP (z+ / Zennit),19.368236541748047,0.9994233250617981,18.36881321668625,0.9483988475741738,94.83988475741738,94.83988476231406,0.051601152376859444,0.16093993186950684
DeiT-Tiny,6,n02484322_3182_monkey.jpg,Conventional LRP (z+ / Zennit),18.565263748168945,0.9984942674636841,17.56676948070526,0.9462170706565706,94.62170706565706,94.62170707075377,0.053782929292462305,0.16742968559265137
DeiT-Tiny,7,n02274259_3025_butterfly.jpg,Conventional LRP (z+ / Zennit),42.814666748046875,0.9999781250953674,41.81468862295151,0.9766440287400433,97.66440287400432,97.66440287628542,0.023355971237145844,0.16165590286254883
DeiT-Tiny,8,n04252225_8055_snowplow.jpg,Conventional LRP (z+ / Zennit),37.37140655517578,0.9996848106384277,36.37172174453735,0.9732500083951691,97.3250008395169,97.32500084212117,0.026749991578788344,0.16622591018676758
DeiT-Tiny,9,n02121808_538_domestic_cat.jpg,Conventional LRP (z+ / Zennit),8.39198112487793,0.9986534118652344,7.393327713012695,0.8809990873566509,88.09990873566508,88.0999087461632,0.11900091253836809,0.16562175750732422
DeiT-Tiny,10,n04026417_1879_purse.jpg,Conventional LRP (z+ / Zennit),62.69475173950195,0.9999750852584839,61.69477665424347,0.9840500989556917,98.40500989556918,98.40500989713875,0.01594990102861244,0.16009092330932617
DeiT-Tiny,11,n04254120_4148_soap_dispenser.jpg,Conventional LRP (z+ / Zennit),71.13111114501953,0.9999836683273315,70.1311274766922,0.9859416835584848,98.59416835584848,98.59416835723457,0.014058316427654295,0.1676783561706543
DeiT-Tiny,12,n07695742_612_pretzel.jpg,Conventional LRP (z+ / Zennit),78.74240112304688,0.9999830722808838,77.74241805076599,0.9873005768301939,98.7300576830194,98.73005768427323,0.012699423157267702,0.16652917861938477
DeiT-Tiny,13,n03642806_7780_laptop.jpg,Conventional LRP (z+ / Zennit),18.193151473999023,0.9999686479568481,17.193182826042175,0.9450359850886196,94.50359850886197,94.50359851405642,0.05496401485943577,0.1717369556427002
DeiT-Tiny,14,n02076196_1965_seal.jpg,Conventional LRP (z+ / Zennit),31.893810272216797,0.9999672770500183,30.89384299516678,0.9686469797906287,96.86469797906287,96.86469798209998,0.03135302017900024,0.16287827491760254
DeiT-Tiny,15,n03793489_3923_computer_mouse.jpg,Conventional LRP (z+ / Zennit),18.122760772705078,0.9992305040359497,17.12353026866913,0.944863229310748,94.4863229310748,94.48632293628847,0.055136770637115265,0.17037272453308105
DeiT-Tiny,16,n03188531_17375_diaper.jpg,Conventional LRP (z+ / Zennit),36.316349029541016,0.9999824166297913,35.316366612911224,0.9724646765348347,97.24646765348346,97.24646765616123,0.027535323438387757,0.16245579719543457
DeiT-Tiny,17,n01674464_3490_lizard.jpg,Conventional LRP (z+ / Zennit),13.69910717010498,0.9999831318855286,12.699124038219452,0.927003773282776,92.7003773282776,92.7003773350445,0.0729962266495551,0.16076159477233887
DeiT-Tiny,18,n01674464_134_lizard.jpg,Conventional LRP (z+ / Zennit),25.65713882446289,0.9999706745147705,24.65716814994812,0.9610256356986161,96.10256356986162,96.10256357360726,0.03897436426392739,0.1603395938873291
DeiT-Tiny,19,n02118333_12193_fox.jpg,Conventional LRP (z+ / Zennit),15.375021934509277,0.9999431371688843,14.375078797340393,0.9349631407120486,93.49631407120485,93.4963140772859,0.06503685922714096,0.16452455520629883
DeiT-Tiny,20,n02454379_4660_armadillo.jpg,Conventional LRP (z+ / Zennit),22.031646728515625,0.9999738335609436,21.03167289495468,0.9546119340584158,95.46119340584158,95.46119341017449,0.0453880658982551,0.16604924201965332
DeiT-Tiny,21,n02509815_44_red_panda.jpg,Conventional LRP (z+ / Zennit),50.69017791748047,0.9999802112579346,49.690197706222534,0.9802727026552147,98.02727026552147,98.02727026745532,0.019727297325446792,0.1640632152557373
DeiT-Tiny,22,n03483316_230_hair_dryer.jpg,Conventional LRP (z+ / Zennit),122.33316802978516,0.9999899864196777,121.33317804336548,0.9918256838802046,99.18256838802047,99.18256838883123,0.008174316111687752,0.1665630340576172
DeiT-Tiny,23,n03814639_2265_neck_brace.jpg,Conventional LRP (z+ / Zennit),51.989532470703125,0.999968945980072,50.98956352472305,0.9807659561561872,98.07659561561873,98.07659561750518,0.019234043824948213,0.16456270217895508
DeiT-Tiny,24,n01662784_3789_turtle.jpg,Conventional LRP (z+ / Zennit),23.02838134765625,0.9994642734527588,22.02891707420349,0.9565985876592633,95.65985876592633,95.65985877008033,0.043401412299196654,0.16321325302124023
DeiT-Tiny,25,n03720891_5553_maraca.jpg,Conventional LRP (z+ / Zennit),35.88966369628906,0.9999827146530151,34.88968098163605,0.9721373060475753,97.21373060475753,97.2137306074662,0.027862693925337946,0.16236281394958496
DeiT-Tiny,26,n02419796_445_antelope.jpg,Conventional LRP (z+ / Zennit),15.668850898742676,0.9999548196792603,14.668896079063416,0.9361819940034223,93.61819940034223,93.61819940631703,0.06381800593682975,0.16307497024536133
DeiT-Tiny,27,n04141076_43723_saxophone.jpg,Conventional LRP (z+ / Zennit),112.17996978759766,0.999988317489624,111.17998147010803,0.9910858567677091,99.10858567677091,99.10858567765439,0.008914143223456104,0.16626954078674316
DeiT-Tiny,28,n03991062_19806_flower_pot.jpg,Conventional LRP (z+ / Zennit),18.087772369384766,0.9999375343322754,17.08783483505249,0.9447174856662017,94.47174856662018,94.47174857184314,0.05528251428156861,0.16742801666259766
DeiT-Tiny,29,n04118538_8452_rugby_ball.jpg,Conventional LRP (z+ / Zennit),36.148033142089844,0.9999713897705078,35.148061752319336,0.9723367690072603,97.23367690072602,97.2336769034159,0.027663230965841036,0.17428016662597656
DeiT-Tiny,30,n07768694_1682_pomegranate.jpg,Conventional LRP (z+ / Zennit),49.82512283325195,0.9999769330024719,48.82514590024948,0.9799302665579173,97.99302665579172,97.99302665775845,0.02006973342241545,0.16833209991455078
DeiT-Tiny,31,n03141823_6920_crutch.jpg,Conventional LRP (z+ / Zennit),10.917936325073242,0.9999653100967407,9.917971014976501,0.9084107764295426,90.84107764295426,90.8410776512746,0.0915892234872539,0.20587396621704102
DeiT-Tiny,32,n02484322_11526_monkey.jpg,Conventional LRP (z+ / Zennit),11.77094554901123,0.9992662072181702,10.77167934179306,0.9151073969399836,91.51073969399836,91.51073970177265,0.08489260298227354,0.1693432331085205
DeiT-Tiny,33,n03255030_9287_dumbbell.jpg,Conventional LRP (z+ / Zennit),50.28894805908203,0.9999743700027466,49.288973689079285,0.9801154247687178,98.01154247687178,98.01154247882074,0.019884575211792568,0.17441916465759277
DeiT-Tiny,34,n03793489_1770_computer_mouse.jpg,Conventional LRP (z+ / Zennit),2.9115726947784424,0.999976396560669,1.9115962982177734,0.6565511144507715,65.65511144507715,65.65511146762685,0.3434488853237314,0.15630364418029785
DeiT-Tiny,35,n02787622_7389_banjo.jpg,Conventional LRP (z+ / Zennit),23.633861541748047,0.9999772310256958,22.63388431072235,0.9576887919810745,95.76887919810744,95.76887920215964,0.04231120797840359,0.13593339920043945
DeiT-Tiny,36,n04442312_5180_toaster.jpg,Conventional LRP (z+ / Zennit),96.12621307373047,0.9999882578849792,95.12622481584549,0.9895971324896824,98.95971324896824,98.95971324999772,0.010402867500022818,0.12889599800109863
DeiT-Tiny,37,n06874185_10683_traffic_light.jpg,Conventional LRP (z+ / Zennit),26.988941192626953,0.9995723366737366,25.989368855953217,0.9629636327523003,96.29636327523004,96.29636327879803,0.037036367212019694,0.1352391242980957
DeiT-Tiny,38,n01443537_2625_goldfish.jpg,Conventional LRP (z+ / Zennit),19.969438552856445,0.9986063241958618,18.970832228660583,0.9499932698406779,94.99932698406779,94.99932698882503,0.050006730111749706,0.13109779357910156
DeiT-Tiny,39,n04317175_7903_stethoscope.jpg,Conventional LRP (z+ / Zennit),17.5394344329834,0.9999613761901855,16.539473056793213,0.9429878209041497,94.29878209041497,94.29878209579135,0.05701217904208645,0.1377878189086914
DeiT-Tiny,40,n04442312_12329_toaster.jpg,Conventional LRP (z+ / Zennit),25.654525756835938,0.9999751448631287,24.65455061197281,0.9610214916735424,96.10214916735424,96.10214917110025,0.03897850828899747,0.1690664291381836
DeiT-Tiny,41,n02346627_3512_porcupine.jpg,Conventional LRP (z+ / Zennit),14.884869575500488,0.9999680519104004,13.884901523590088,0.9328198310525272,93.28198310525272,93.28198311151962,0.06718016888480378,0.12688827514648438
DeiT-Tiny,42,n04116512_9541_rubber_eraser.jpg,Conventional LRP (z+ / Zennit),45.40652084350586,0.9999829530715942,44.406537890434265,0.9779771069116697,97.79771069116697,97.7977106933208,0.022022893066792056,0.13281822204589844
DeiT-Tiny,43,n07753592_9306_banana.jpg,Conventional LRP (z+ / Zennit),36.91005325317383,0.9999801516532898,35.91007310152054,0.9729076480663108,97.29076480663107,97.29076480926696,0.027092351907330378,0.1373293399810791
DeiT-Tiny,44,n02924116_58545_bus.jpg,Conventional LRP (z+ / Zennit),15.272793769836426,0.999975323677063,14.272818446159363,0.934525710247818,93.4525710247818,93.4525710309007,0.06547428969099299,0.12839198112487793
DeiT-Tiny,45,n07747607_813_orange.jpg,Conventional LRP (z+ / Zennit),21.165454864501953,0.9999719858169556,20.165482878684998,0.9527545241445846,95.27545241445846,95.27545241895993,0.047245475810400735,0.1445608139038086
DeiT-Tiny,46,n02342885_7641_hamster.jpg,Conventional LRP (z+ / Zennit),22.12650489807129,0.9999490976333618,21.126555800437927,0.9548076344097466,95.48076344097466,95.48076344528988,0.045192365547101154,0.13564729690551758
DeiT-Tiny,47,n02454379_10511_armadillo.jpg,Conventional LRP (z+ / Zennit),17.71575927734375,0.9995889663696289,16.71617031097412,0.9435762841623415,94.35762841623415,94.35762842156035,0.05642371578439648,0.14383435249328613
DeiT-Tiny,48,n04330267_15330_stove.jpg,Conventional LRP (z+ / Zennit),24.39887237548828,0.9999676942825317,23.39890468120575,0.9590158233605033,95.90158233605032,95.9015823399809,0.04098417660019093,0.13168764114379883
DeiT-Tiny,49,n02892767_5122_brassiere.jpg,Conventional LRP (z+ / Zennit),6.817739963531494,0.9999702572822571,5.817769706249237,0.853328190355677,85.3328190355677,85.33281904808399,0.14667180951916015,0.13732504844665527
DeiT-Tiny,50,n07873807_1051_pizza.jpg,Conventional LRP (z+ / Zennit),47.628658294677734,0.9993375539779663,46.62932074069977,0.9790181459915562,97.90181459915563,97.90181460121114,0.020981853987888575,0.1293010711669922
DeiT-Tiny,51,n02084071_77_dog.jpg,Conventional LRP (z+ / Zennit),7.56660795211792,0.9952399730682373,6.571367979049683,0.868469467397457,86.8469467397457,86.84694675122337,0.13153053248776636,0.13513922691345215
DeiT-Tiny,52,n03062245_872_cocktail_shaker.jpg,Conventional LRP (z+ / Zennit),18.63467025756836,0.9999787211418152,17.634691536426544,0.9463377291754321,94.63377291754321,94.63377292262159,0.05366227077378414,0.13602995872497559
DeiT-Tiny,53,n02118333_6_fox.jpg,Conventional LRP (z+ / Zennit),55.77987289428711,0.9999843239784241,54.779888570308685,0.982072667557783,98.2072667557783,98.20726675753892,0.01792733242461083,0.12743330001831055
DeiT-Tiny,54,n02992211_25528_cello.jpg,Conventional LRP (z+ / Zennit),32.42729949951172,0.9999774694442749,31.427322030067444,0.9691624808156322,96.91624808156321,96.91624808455192,0.030837519154480696,0.13793301582336426
DeiT-Tiny,55,n04542943_3211_waffle_iron.jpg,Conventional LRP (z+ / Zennit),13.785587310791016,0.9999802112579346,12.785607099533081,0.9274619071613556,92.74619071613556,92.74619072286333,0.07253809277136672,0.1359400749206543
DeiT-Tiny,56,n02951585_3935_can_opener.jpg,Conventional LRP (z+ / Zennit),57.49582290649414,0.9999837279319763,56.495839178562164,0.9826077151632239,98.2607715163224,98.2607715180314,0.017392284819686063,0.1365339756011963
DeiT-Tiny,57,n03814639_5954_neck_brace.jpg,Conventional LRP (z+ / Zennit),9.967994689941406,0.9992904663085938,8.968704223632812,0.899750100367056,89.97501003670561,89.97501004573199,0.10024989954268002,0.12635159492492676
DeiT-Tiny,58,n02777292_14330_balance_beam.jpg,Conventional LRP (z+ / Zennit),55.14756774902344,0.9999827146530151,54.14758503437042,0.9818671474291342,98.18671474291342,98.18671474469384,0.018132852553061563,0.12357735633850098
DeiT-Tiny,59,n04442312_14257_toaster.jpg,Conventional LRP (z+ / Zennit),35.021427154541016,0.9999756217002869,34.02145153284073,0.9714467483504005,97.14467483504005,97.1446748378139,0.02855325162186105,0.1292116641998291
DeiT-Tiny,60,n01770393_9910_scorpion.jpg,Conventional LRP (z+ / Zennit),26.030067443847656,0.9995549321174622,25.030512511730194,0.9615999868138908,96.15999868138908,96.15999868508327,0.03840001314916732,0.12373542785644531
DeiT-Tiny,61,n04252077_2529_snowmobile.jpg,Conventional LRP (z+ / Zennit),53.73930358886719,0.9999850988388062,52.73931849002838,0.9813919229867476,98.13919229867476,98.13919230050095,0.01860807699499043,0.17514991760253906
DeiT-Tiny,62,n03337140_18624_filing_cabinet.jpg,Conventional LRP (z+ / Zennit),9.527520179748535,0.9999317526817322,8.527588427066803,0.8950480571321999,89.50480571322,89.50480572261435,0.1049519427738566,0.14493298530578613
DeiT-Tiny,63,n03633091_27358_ladle.jpg,Conventional LRP (z+ / Zennit),13.508167266845703,0.9999656677246094,12.508201599121094,0.9259732538917483,92.59732538917483,92.59732539602975,0.07402674603970252,0.133561372756958
DeiT-Tiny,64,n02206856_5952_bee.jpg,Conventional LRP (z+ / Zennit),15.172826766967773,0.9991805553436279,14.173646211624146,0.934146710324733,93.4146710324733,93.41467103863,0.06585328961369998,0.13378095626831055
DeiT-Tiny,65,n03062245_2005_cocktail_shaker.jpg,Conventional LRP (z+ / Zennit),83.20511627197266,0.9999868869781494,82.2051293849945,0.9879816658786045,98.79816658786045,98.79816658904785,0.012018334109521477,0.13030409812927246
DeiT-Tiny,66,n02062744_3014_whale.jpg,Conventional LRP (z+ / Zennit),47.53445053100586,0.9997464418411255,46.534704089164734,0.9789679604654739,97.89679604654738,97.89679604860687,0.02103203951393125,0.1397383213043213
DeiT-Tiny,67,n03710721_15514_maillot.jpg,Conventional LRP (z+ / Zennit),11.217016220092773,0.9999750852584839,10.21704113483429,0.9108519532691676,91.08519532691676,91.08519533503703,0.08914804664962973,0.13514947891235352
DeiT-Tiny,68,n02815834_1310_beaker.jpg,Conventional LRP (z+ / Zennit),32.939918518066406,0.999634861946106,31.9402836561203,0.9696527827666759,96.96527827666759,96.96527827961128,0.030347217203887156,0.1715531349182129
DeiT-Tiny,69,n04517823_9843_vacuum.jpg,Conventional LRP (z+ / Zennit),25.264360427856445,0.9999603033065796,24.264400124549866,0.9604201219689518,96.04201219689517,96.04201220069666,0.03957987799303341,0.1411573886871338
DeiT-Tiny,70,n03928116_38427_piano.jpg,Conventional LRP (z+ / Zennit),64.2304916381836,0.9999831914901733,63.23050844669342,0.9844313321139186,98.44313321139187,98.44313321292452,0.015568667870754794,0.1217050552368164
DeiT-Tiny,71,n03908714_4340_pencil_sharpener.jpg,Conventional LRP (z+ / Zennit),97.38172149658203,0.9999898672103882,96.38173162937164,0.9897312364904617,98.97312364904617,98.9731236500625,0.010268763499374844,0.1918330192565918
DeiT-Tiny,72,n07693725_10941_bagel.jpg,Conventional LRP (z+ / Zennit),63.3380241394043,0.9999763369560242,62.33804780244827,0.9842120692660175,98.42120692660174,98.42120692815564,0.015787930718443612,0.15415024757385254
DeiT-Tiny,73,n04591157_2640_tie.jpg,Conventional LRP (z+ / Zennit),23.11412811279297,0.9999518394470215,22.114176273345947,0.9567385005601696,95.67385005601696,95.67385006015616,0.043261499398438416,0.13734817504882812
DeiT-Tiny,74,n03000684_16691_chain_saw.jpg,Conventional LRP (z+ / Zennit),19.981916427612305,0.9994085431098938,18.98250788450241,0.9499843497153841,94.99843497153842,94.99843497629263,0.05001565023707368,0.12378334999084473
DeiT-Tiny,75,n03770439_3065_miniskirt.jpg,Conventional LRP (z+ / Zennit),65.41020965576172,0.9999823570251465,64.41022729873657,0.9847121364803365,98.47121364803365,98.4712136495391,0.015287863504609056,0.12151312828063965
DeiT-Tiny,76,n02411705_3019_sheep.jpg,Conventional LRP (z+ / Zennit),7.347997188568115,0.9999746084213257,6.3480225801467896,0.8639119499336526,86.39119499336526,86.39119500512237,0.13608804994877632,0.12121820449829102
DeiT-Tiny,77,n04118776_1258_ruler.jpg,Conventional LRP (z+ / Zennit),8.425823211669922,0.9981516003608704,7.4276716113090515,0.8815366076207309,88.15366076207309,88.15366077253542,0.11846339227464586,0.1375105381011963
DeiT-Tiny,78,n01982650_3364_lobster.jpg,Conventional LRP (z+ / Zennit),3.9152414798736572,0.9935334920883179,2.9217079877853394,0.7462395364521377,74.62395364521377,74.62395366427363,0.25376046335726365,0.12758278846740723
DeiT-Tiny,79,n01776313_1303_tick.jpg,Conventional LRP (z+ / Zennit),62.290016174316406,0.9999778270721436,61.29003834724426,0.9839464188730072,98.39464188730072,98.39464188888033,0.016053581111196712,0.1254572868347168
DeiT-Tiny,80,n04004767_2519_printer.jpg,Conventional LRP (z+ / Zennit),84.49272918701172,0.999862551689148,83.49286663532257,0.9881662888357615,98.81662888357616,98.81662888474568,0.011833711152543142,0.12998604774475098
DeiT-Tiny,81,n02503517_6661_elephant.jpg,Conventional LRP (z+ / Zennit),31.32513427734375,0.9996352195739746,30.325499057769775,0.9680883979078404,96.80883979078403,96.80883979387448,0.03191160206125507,0.16907572746276855
DeiT-Tiny,82,n04336792_143_stretcher.jpg,Conventional LRP (z+ / Zennit),41.32073211669922,0.9999674558639526,40.320764660835266,0.9757998610959842,97.57998610959842,97.57998611195994,0.02420013888040065,0.14154434204101562
DeiT-Tiny,83,n02807133_2901_bathing_cap.jpg,Conventional LRP (z+ / Zennit),35.69327926635742,0.9999710321426392,34.69330823421478,0.9719843328024741,97.19843328024741,97.19843328297057,0.028015667170294394,0.14809060096740723
DeiT-Tiny,84,n02062744_3044_whale.jpg,Conventional LRP (z+ / Zennit),73.28986358642578,0.9998432397842407,72.29002034664154,0.9863576872456372,98.63576872456372,98.63576872590956,0.013642312740904385,0.15430116653442383
DeiT-Tiny,85,n04557648_2511_water_bottle.jpg,Conventional LRP (z+ / Zennit),20.108436584472656,0.9999675750732422,19.108469009399414,0.9502712420320301,95.027124203203,95.02712420792874,0.04972875792071263,0.1336965560913086
DeiT-Tiny,86,n07753275_25056_pineapple.jpg,Conventional LRP (z+ / Zennit),13.54471492767334,0.9988375306129456,12.545877397060394,0.9262562898611866,92.62562898611866,92.62562899295716,0.07374371007042835,0.1347959041595459
DeiT-Tiny,87,n04591713_5607_wine_bottle.jpg,Conventional LRP (z+ / Zennit),51.367679595947266,0.9999852776527405,50.367694318294525,0.980532792477701,98.05327924777009,98.05327924967895,0.019467207503210557,0.1315934658050537
DeiT-Tiny,88,n02121808_5315_domestic_cat.jpg,Conventional LRP (z+ / Zennit),5.219528675079346,0.997286319732666,4.22224235534668,0.8089317287778982,80.89317287778982,80.893172893288,0.19106827106712,0.12429118156433105
DeiT-Tiny,89,n07734744_5110_mushroom.jpg,Conventional LRP (z+ / Zennit),42.27095031738281,0.9999735355377197,41.27097678184509,0.9763437176357295,97.63437176357294,97.63437176588266,0.023656282341173365,0.12406253814697266
DeiT-Tiny,90,n07739125_9099_apple.jpg,Conventional LRP (z+ / Zennit),37.85064697265625,0.9991931915283203,36.85145378112793,0.973601687885976,97.3601687885976,97.36016879116981,0.02639831208830193,0.12547826766967773
DeiT-Tiny,91,n03271574_692_electric_fan.jpg,Conventional LRP (z+ / Zennit),5.56113862991333,0.9999593496322632,4.561179280281067,0.8201880195768406,82.01880195768406,82.01880197243263,0.17981198027567377,0.12279701232910156
DeiT-Tiny,92,n03950228_10344_pitcher.jpg,Conventional LRP (z+ / Zennit),43.32375717163086,0.9999767541885376,42.32378041744232,0.9769185126025899,97.69185126025899,97.69185126251391,0.02308148737486091,0.12721776962280273
DeiT-Tiny,93,n04530566_8181_watercraft.jpg,Conventional LRP (z+ / Zennit),21.64371109008789,0.9999667406082153,20.643744349479675,0.9537987391626214,95.37987391626214,95.37987392066896,0.04620126079331041,0.13211607933044434
DeiT-Tiny,94,n03000684_3268_chain_saw.jpg,Conventional LRP (z+ / Zennit),9.408705711364746,0.9964722990989685,8.412233412265778,0.8940903955801888,89.40903955801888,89.40903956752167,0.10590960432478325,0.14852356910705566
DeiT-Tiny,95,n02355227_12248_squirrel.jpg,Conventional LRP (z+ / Zennit),53.626930236816406,0.9999821186065674,52.62694811820984,0.981352985987227,98.1352985987227,98.13529860055266,0.01864701399447346,0.13898301124572754
DeiT-Tiny,96,n03001627_6675_chair.jpg,Conventional LRP (z+ / Zennit),23.015615463256836,0.9999741911888123,22.015641272068024,0.9565523592561855,95.65523592561856,95.65523592977465,0.04344764070225348,0.13130545616149902
DeiT-Tiny,97,n02970849_5009_cart.jpg,Conventional LRP (z+ / Zennit),13.70205020904541,0.9999673962593079,12.702082812786102,0.9270206004261903,92.70206004261902,92.70206004938458,0.07297939950615415,0.1320798397064209
DeiT-Tiny,98,n02444819_7927_otter.jpg,Conventional LRP (z+ / Zennit),37.11616134643555,0.999981164932251,36.116180181503296,0.9730580660922432,97.30580660922432,97.30580661184595,0.026941933881540373,0.13396453857421875
DeiT-Tiny,99,n04023962_20755_punching_bag.jpg,Conventional LRP (z+ / Zennit),15.583189010620117,0.9999732375144958,14.583215773105621,0.9358300000231767,93.58300000231768,93.58300000832304,0.06416999991676947,0.1295175552368164
DeiT-Tiny,100,n02777292_18680_balance_beam.jpg,Conventional LRP (z+ / Zennit),26.6058292388916,0.9999563694000244,25.605872869491577,0.962415891593383,96.2415891593383,96.24158916295562,0.037584108370443806,0.12965798377990723
DeiT-Tiny,101,n07753113_12066_fig.jpg,Conventional LRP (z+ / Zennit),75.8989028930664,0.9999872446060181,74.89891564846039,0.9868247470322236,98.68247470322235,98.68247470452255,0.013175252954774527,0.12094879150390625
DeiT-Tiny,102,n04039381_8917_racket.jpg,Conventional LRP (z+ / Zennit),8.34841537475586,0.9989973306655884,7.349418044090271,0.8803368918888825,88.03368918888825,88.03368919943321,0.11966310800566785,0.12597203254699707
DeiT-Tiny,103,n03961711_9189_plate_rack.jpg,Conventional LRP (z+ / Zennit),29.40485382080078,0.9991064667701721,28.40574735403061,0.9660223963762937,96.60223963762937,96.60223964091462,0.03397760359085381,0.12239837646484375
DeiT-Tiny,104,n01982650_8073_lobster.jpg,Conventional LRP (z+ / Zennit),32.478519439697266,0.9996505975723267,31.47886884212494,0.9692211770798976,96.92211770798977,96.92211771097394,0.030778822890260557,0.1279737949371338
DeiT-Tiny,105,n03838899_34130_oboe.jpg,Conventional LRP (z+ / Zennit),84.26526641845703,0.9999856948852539,83.26528072357178,0.9881328839464233,98.81328839464233,98.81328839581498,0.011867116041850218,0.131181001663208
DeiT-Tiny,106,n07693725_1357_bagel.jpg,Conventional LRP (z+ / Zennit),48.23518753051758,0.9999741315841675,47.23521339893341,0.9792687831485932,97.92687831485932,97.92687831688951,0.020731216831104904,0.13201117515563965
DeiT-Tiny,107,n02391049_2847_zebra.jpg,Conventional LRP (z+ / Zennit),38.95552062988281,0.9999669194221497,37.95555371046066,0.9743305466278532,97.43305466278532,97.43305466528646,0.025669453347135454,0.13414692878723145
DeiT-Tiny,108,n03633091_11227_ladle.jpg,Conventional LRP (z+ / Zennit),17.39518165588379,0.9999725222587585,16.39520913362503,0.9425143960561607,94.25143960561607,94.25143961103433,0.05748560388965673,0.12397289276123047
DeiT-Tiny,109,n04252077_1991_snowmobile.jpg,Conventional LRP (z+ / Zennit),10.039436340332031,0.999049186706543,9.040387153625488,0.9004875220341315,90.04875220341316,90.04875221238265,0.09951247787617344,0.138352632522583
DeiT-Tiny,110,n07873807_9267_pizza.jpg,Conventional LRP (z+ / Zennit),30.905376434326172,0.9990034699440002,29.90637296438217,0.96767541488988,96.767541488988,96.76754149211908,0.03232458507880917,0.13675355911254883
DeiT-Tiny,111,n02355227_12611_squirrel.jpg,Conventional LRP (z+ / Zennit),27.00052261352539,0.9999681711196899,26.0005544424057,0.9629648586290052,96.29648586290051,96.29648586646698,0.037035141335330125,0.13024592399597168
DeiT-Tiny,112,n03337140_6179_filing_cabinet.jpg,Conventional LRP (z+ / Zennit),47.466670989990234,0.9999724626541138,46.46669852733612,0.978933166308547,97.8933166308547,97.89331663291705,0.021066833670829534,0.13531732559204102
DeiT-Tiny,113,n03062245_2732_cocktail_shaker.jpg,Conventional LRP (z+ / Zennit),32.52404022216797,0.9990766048431396,31.52496361732483,0.969281903509286,96.9281903509286,96.92819035390879,0.03071809646091207,0.12482905387878418
DeiT-Tiny,114,n02786058_2393_band_aid.jpg,Conventional LRP (z+ / Zennit),83.57193756103516,0.9999847412109375,82.57195281982422,0.988034443482076,98.8034443482076,98.80344434938986,0.01196555650610132,0.1219034194946289
DeiT-Tiny,115,n03958227_1109_plastic_bag.jpg,Conventional LRP (z+ / Zennit),31.448745727539062,0.9999744892120361,30.448771238327026,0.968203040628594,96.82030406285939,96.82030406593807,0.03179695934061935,0.1293020248413086
DeiT-Tiny,116,n04070727_39078_refrigerator.jpg,Conventional LRP (z+ / Zennit),36.77578353881836,0.99969482421875,35.77608871459961,0.9728164914790641,97.2816491479064,97.28164915055166,0.027183508494483356,0.13232779502868652
DeiT-Tiny,117,n03720891_10274_maraca.jpg,Conventional LRP (z+ / Zennit),28.591632843017578,0.9995892643928528,27.592043578624725,0.965039098296829,96.5039098296829,96.50390983305816,0.034960901669418454,0.12702655792236328
DeiT-Tiny,118,n02454379_6001_armadillo.jpg,Conventional LRP (z+ / Zennit),22.754018783569336,0.9999629855155945,21.75405579805374,0.9560533461810394,95.60533461810394,95.60533462230563,0.043946653776943664,0.12696266174316406
DeiT-Tiny,119,n04070727_16103_refrigerator.jpg,Conventional LRP (z+ / Zennit),25.694509506225586,0.9999736547470093,24.694535851478577,0.9610822049175212,96.10822049175212,96.10822049549253,0.03891779504507464,0.12217426300048828
DeiT-Tiny,120,n02880940_18435_bowl.jpg,Conventional LRP (z+ / Zennit),9.55548095703125,0.9988306760787964,8.556650280952454,0.8954703921795487,89.54703921795488,89.54703922732615,0.1045296077267385,0.20216703414916992
DeiT-Tiny,121,n04540053_735_volleyball.jpg,Conventional LRP (z+ / Zennit),20.771821975708008,0.9999706745147705,19.771851301193237,0.9518592698976496,95.18592698976495,95.18592699434741,0.048140730056525846,0.1495668888092041
DeiT-Tiny,122,n04332243_12542_strainer.jpg,Conventional LRP (z+ / Zennit),36.91936111450195,0.9999761581420898,35.91938495635986,0.9729145865765751,97.29145865765751,97.29145866029275,0.02708541339707253,0.22150921821594238
DeiT-Tiny,123,n04336792_7621_stretcher.jpg,Conventional LRP (z+ / Zennit),116.87367248535156,0.9999884963035583,115.873683989048,0.9914438515019681,99.14438515019681,99.14438515104513,0.008556148489548769,0.21246051788330078
DeiT-Tiny,124,n01882714_14215_koala_bear.jpg,Conventional LRP (z+ / Zennit),8.334735870361328,0.999954879283905,7.334780991077423,0.8800256066038262,88.00256066038263,88.00256067094115,0.11997439329058845,0.18242979049682617
DeiT-Tiny,125,n02503517_9218_elephant.jpg,Conventional LRP (z+ / Zennit),6.925800800323486,0.9999700784683228,5.925830721855164,0.855616684892636,85.5616684892636,85.56166850161765,0.14438331498382348,0.1854710578918457
DeiT-Tiny,126,n04509417_2993_unicycle.jpg,Conventional LRP (z+ / Zennit),14.539009094238281,0.9999630451202393,13.539046049118042,0.9312220633765378,93.12220633765378,93.12220634405877,0.06877793655941232,0.17900872230529785
DeiT-Tiny,127,n07753592_862_banana.jpg,Conventional LRP (z+ / Zennit),12.096770286560059,0.9999691247940063,11.096801161766052,0.917335858909188,91.7335858909188,91.73358589850213,0.0826641410149788,0.18236303329467773
DeiT-Tiny,128,n04409515_6040_tennis_ball.jpg,Conventional LRP (z+ / Zennit),18.394023895263672,0.9991527795791626,17.39487111568451,0.9456805761363549,94.56805761363549,94.56805761877673,0.05431942381223269,0.16332030296325684
DeiT-Tiny,129,n02870880_2338_bookshelf.jpg,Conventional LRP (z+ / Zennit),3.5097498893737793,0.9999778270721436,2.5097720623016357,0.7150857299505041,71.50857299505041,71.50857301542469,0.28491426984575324,0.16237592697143555
DeiT-Tiny,130,n03124170_1312_hat_with_a_wide_brim.jpg,Conventional LRP (z+ / Zennit),29.59575843811035,0.9999753832817078,28.595783054828644,0.9662122061734274,96.62122061734274,96.62122062060743,0.03378779379392566,0.16208958625793457
DeiT-Tiny,131,n02777292_4842_balance_beam.jpg,Conventional LRP (z+ / Zennit),34.74222946166992,0.9999703764915466,33.742259085178375,0.971217437885902,97.1217437885902,97.12174379138568,0.02878256208614316,0.13452434539794922
DeiT-Tiny,132,n01944390_7154_snail.jpg,Conventional LRP (z+ / Zennit),41.19401550292969,0.9999643564224243,40.19405114650726,0.9757254944634608,97.57254944634607,97.57254944871468,0.024274505512853137,0.13515496253967285
DeiT-Tiny,133,n02445715_13210_skunk.jpg,Conventional LRP (z+ / Zennit),57.08864212036133,0.9999752640724182,56.08866685628891,0.9824838141543702,98.24838141543702,98.24838141715799,0.01751618582842007,0.13511395454406738
DeiT-Tiny,134,n03761084_13411_microwave.jpg,Conventional LRP (z+ / Zennit),64.5357894897461,0.9999837279319763,63.53580576181412,0.9845049741109099,98.45049741109099,98.45049741261651,0.015495025873834872,0.13244390487670898
DeiT-Tiny,135,n04154565_1120_screwdriver.jpg,Conventional LRP (z+ / Zennit),22.875328063964844,0.9999552965164185,21.875372767448425,0.9562867341322234,95.62867341322234,95.62867341740278,0.04371326582597226,0.13488078117370605
DeiT-Tiny,136,n02870880_1312_bookshelf.jpg,Conventional LRP (z+ / Zennit),18.583911895751953,0.9999758005142212,17.583936095237732,0.9461913182181522,94.61913182181522,94.61913182690668,0.05380868173093325,0.13598203659057617
DeiT-Tiny,137,n02445715_1874_skunk.jpg,Conventional LRP (z+ / Zennit),10.4100923538208,0.9999755620956421,9.410116791725159,0.9039417203025519,90.39417203025519,90.3941720389385,0.09605827961061485,0.1274094581604004
DeiT-Tiny,138,n03995372_2270_power_drill.jpg,Conventional LRP (z+ / Zennit),11.143460273742676,0.999327540397644,10.144132733345032,0.9103216131471585,91.03216131471585,91.03216132288497,0.0896783867711503,0.1233835220336914
DeiT-Tiny,139,n03481172_10708_hammer.jpg,Conventional LRP (z+ / Zennit),11.945832252502441,0.9999644756317139,10.945867776870728,0.9162917697644272,91.62917697644272,91.6291769841131,0.08370823015886891,0.1574389934539795
DeiT-Tiny,140,n03110669_126388_trumpet.jpg,Conventional LRP (z+ / Zennit),28.07270050048828,0.9999825954437256,27.072717905044556,0.964378824317571,96.4378824317571,96.43788243519239,0.035621175648076056,0.20949745178222656
DeiT-Tiny,141,n03958227_3676_plastic_bag.jpg,Conventional LRP (z+ / Zennit),34.58051681518555,0.9999721050262451,33.5805447101593,0.9710827888622474,97.10827888622474,97.1082788890329,0.028917211109670906,0.24229168891906738
DeiT-Tiny,142,n03314780_8491_face_powder.jpg,Conventional LRP (z+ / Zennit),19.22930145263672,0.9999822974205017,18.229319155216217,0.9479969513800834,94.79969513800835,94.7996951429383,0.05200304857061692,0.33109474182128906
DeiT-Tiny,143,n02317335_14997_starfish.jpg,Conventional LRP (z+ / Zennit),7.528907299041748,0.9964665174484253,6.532440781593323,0.8676479230335457,86.76479230335457,86.76479231487879,0.1323520768512121,0.17572665214538574
DeiT-Tiny,144,n02777292_15460_balance_beam.jpg,Conventional LRP (z+ / Zennit),13.338723182678223,0.999498188495636,12.339224994182587,0.9250679262375981,92.50679262375982,92.50679263069502,0.07493207369304977,0.13332009315490723
DeiT-Tiny,145,n07873807_12105_pizza.jpg,Conventional LRP (z+ / Zennit),13.019675254821777,0.999971330165863,12.019703924655914,0.9231953707356315,92.31953707356315,92.31953708065393,0.07680462919346073,0.12851691246032715
DeiT-Tiny,146,n02691156_433_airplane.jpg,Conventional LRP (z+ / Zennit),23.655397415161133,0.9999681711196899,22.655429244041443,0.9577276950994481,95.77276950994481,95.77276951399348,0.04227230486006521,0.1405642032623291
DeiT-Tiny,147,n04254680_5654_soccer_ball.jpg,Conventional LRP (z+ / Zennit),43.84543228149414,0.999979555606842,42.8454527258873,0.9771930733818744,97.71930733818745,97.71930734041617,0.02280692659583844,0.13070130348205566
DeiT-Tiny,148,n07753113_7675_fig.jpg,Conventional LRP (z+ / Zennit),38.53121566772461,0.9992896318435669,37.53192603588104,0.9740654527634155,97.40654527634155,97.40654527886953,0.02593454721130469,0.12821221351623535
DeiT-Tiny,149,n03636649_2054_lamp.jpg,Conventional LRP (z+ / Zennit),27.304161071777344,0.9999749660491943,26.30418610572815,0.9633764624965465,96.33764624965465,96.33764625318297,0.03662353746817029,0.1322460174560547
DeiT-Tiny,150,n02769748_46333_backpack.jpg,Conventional LRP (z+ / Zennit),56.98056411743164,0.9998007416725159,55.980763375759125,0.9824536531334708,98.24536531334708,98.24536531507127,0.01754634684928741,0.1347360610961914
DeiT-Tiny,151,n04254680_8751_soccer_ball.jpg,Conventional LRP (z+ / Zennit),43.90833282470703,0.9999708533287048,42.908361971378326,0.9772259434604803,97.72259434604803,97.72259434827363,0.022774056517263747,0.13280868530273438
DeiT-Tiny,152,n03790512_6395_motorcycle.jpg,Conventional LRP (z+ / Zennit),26.91077423095703,0.9999616146087646,25.910812616348267,0.9628415887633106,96.28415887633106,96.28415887990897,0.037158411200910395,0.14143848419189453
DeiT-Tiny,153,n03196217_5430_digital_clock.jpg,Conventional LRP (z+ / Zennit),104.24663543701172,0.999988317489624,103.2466471195221,0.9904074763248906,99.04074763248906,99.04074763343912,0.009592523665608763,0.13233113288879395
DeiT-Tiny,154,n03790512_5722_motorcycle.jpg,Conventional LRP (z+ / Zennit),68.08104705810547,0.9999772310256958,67.08106982707977,0.9853119586842201,98.531195868422,98.53119586986926,0.014688041301307254,0.13378095626831055
DeiT-Tiny,155,n03110669_8565_trumpet.jpg,Conventional LRP (z+ / Zennit),41.45403289794922,0.9999774694442749,40.454055428504944,0.9758774382004792,97.58774382004792,97.58774382240203,0.0241225617759797,0.1332082748413086
DeiT-Tiny,156,n07714571_1112_head_cabbage.jpg,Conventional LRP (z+ / Zennit),102.77023315429688,0.9999868869781494,101.77024626731873,0.9902696835720216,99.02696835720216,99.02696835816575,0.009730316418342575,0.1373758316040039
DeiT-Tiny,157,n04591157_197_tie.jpg,Conventional LRP (z+ / Zennit),43.7871208190918,0.9999792575836182,42.78714156150818,0.9771627081238744,97.71627081238744,97.71627081461904,0.022837291853809515,0.14777278900146484
DeiT-Tiny,158,n02274259_1690_butterfly.jpg,Conventional LRP (z+ / Zennit),27.468212127685547,0.9999482035636902,26.468263924121857,0.9635961670938377,96.35961670938377,96.3596167128918,0.03640383287108192,0.21984577178955078
DeiT-Tiny,159,n03494278_29099_harmonica.jpg,Conventional LRP (z+ / Zennit),22.793109893798828,0.9999756217002869,21.79313427209854,0.9561281620930335,95.61281620930335,95.61281621349816,0.04387183786501831,0.2521967887878418
DeiT-Tiny,160,n03476991_14651_hair_spray.jpg,Conventional LRP (z+ / Zennit),17.217693328857422,0.9999803304672241,16.217712998390198,0.9419213530924525,94.19213530924524,94.19213531471591,0.05807864685284086,0.20958995819091797
DeiT-Tiny,161,n02084071_35839_dog.jpg,Conventional LRP (z+ / Zennit),21.4749698638916,0.9999765157699585,20.474993348121643,0.9534352540161292,95.34352540161292,95.34352540605266,0.04656474593947332,0.20912861824035645
DeiT-Tiny,162,n04270147_7710_spatula.jpg,Conventional LRP (z+ / Zennit),33.49299240112305,0.9999606013298035,32.49303179979324,0.9701441844812166,97.01441844812166,97.0144184510182,0.029855815489817923,0.23943805694580078
DeiT-Tiny,163,n01776313_4044_tick.jpg,Conventional LRP (z+ / Zennit),50.305809020996094,0.9999798536300659,49.30582916736603,0.9801219804616834,98.01219804616834,98.01219804811666,0.019878019518833404,0.23807215690612793
DeiT-Tiny,164,n02129604_7580_tiger.jpg,Conventional LRP (z+ / Zennit),33.069114685058594,0.9999711513519287,32.069143533706665,0.9697611755910267,96.97611755910268,96.97611756203518,0.0302388243796481,0.20476055145263672
DeiT-Tiny,165,n02342885_1420_hamster.jpg,Conventional LRP (z+ / Zennit),33.825069427490234,0.999654233455658,32.825415194034576,0.97044635084729,97.04463508472901,97.04463508759801,0.02955364912401987,0.13837909698486328
DeiT-Tiny,166,n03928116_26188_piano.jpg,Conventional LRP (z+ / Zennit),64.35113525390625,0.9999803304672241,63.351154923439026,0.9844605642541328,98.44605642541327,98.4460564269431,0.01553943573056892,0.12886285781860352
DeiT-Tiny,167,n07745940_2123_strawberry.jpg,Conventional LRP (z+ / Zennit),61.637916564941406,0.9999756813049316,60.637940883636475,0.9837766144928806,98.37766144928806,98.37766145088412,0.016223385491158874,0.12730717658996582
DeiT-Tiny,168,n04379243_19752_table.jpg,Conventional LRP (z+ / Zennit),39.99168014526367,0.9992300271987915,38.99245011806488,0.9750140523092741,97.5014052309274,97.50140523336543,0.024985947666345626,0.1270885467529297
DeiT-Tiny,169,n04039381_17266_racket.jpg,Conventional LRP (z+ / Zennit),55.425655364990234,0.9999697208404541,54.42568564414978,0.981958359982622,98.1958359982622,98.19583600003386,0.01804163999966138,0.14196538925170898
DeiT-Tiny,170,n07745940_1671_strawberry.jpg,Conventional LRP (z+ / Zennit),22.262205123901367,0.9999728202819824,21.262232303619385,0.9550820408098988,95.50820408098988,95.50820408528003,0.044917959147199746,0.13686704635620117
DeiT-Tiny,171,n03804744_1360_nail.jpg,Conventional LRP (z+ / Zennit),18.85344696044922,0.9999570250511169,17.853489935398102,0.9469615806544135,94.69615806544135,94.6961580704641,0.05303841929535898,0.13725543022155762
DeiT-Tiny,172,n01944390_2487_snail.jpg,Conventional LRP (z+ / Zennit),35.18267822265625,0.9999611377716064,34.182717084884644,0.9715780267660452,97.15780267660452,97.15780267936603,0.028421973206339678,0.1373593807220459
DeiT-Tiny,173,n03063338_8414_coffee_maker.jpg,Conventional LRP (z+ / Zennit),10.931861877441406,0.9990130066871643,9.932848870754242,0.9086145600085466,90.86145600085466,90.86145600916628,0.09138543990833724,0.13368916511535645
DeiT-Tiny,174,n03063338_187_coffee_maker.jpg,Conventional LRP (z+ / Zennit),103.30885314941406,0.9999885559082031,102.30886459350586,0.9903203982387428,99.03203982387429,99.03203982483288,0.009679601751671122,0.14051389694213867
DeiT-Tiny,175,n07747607_5642_orange.jpg,Conventional LRP (z+ / Zennit),27.626781463623047,0.9999798536300659,26.62680160999298,0.9638039684097631,96.38039684097632,96.38039684446498,0.036196031555350276,0.13424086570739746
DeiT-Tiny,176,n03372029_58342_flute.jpg,Conventional LRP (z+ / Zennit),78.59326934814453,0.9999862313270569,77.59328311681747,0.9872764393107927,98.72764393107927,98.72764393233545,0.012723560676645462,0.1262073516845703
DeiT-Tiny,177,n03584254_2594_iPod.jpg,Conventional LRP (z+ / Zennit),7.799437999725342,0.9974592328071594,6.801978766918182,0.8721113965244167,87.21113965244167,87.2111396636234,0.1278886033637661,0.14220428466796875
DeiT-Tiny,178,n02764044_41120_axe.jpg,Conventional LRP (z+ / Zennit),38.838401794433594,0.9992742538452148,37.83912754058838,0.9742709738647717,97.42709738647717,97.42709738898569,0.02572902611014321,0.12877631187438965
DeiT-Tiny,179,n03710721_17219_maillot.jpg,Conventional LRP (z+ / Zennit),25.789161682128906,0.9999807476997375,24.78918093442917,0.9612247671720978,96.12247671720978,96.12247672093702,0.03877523279062977,0.12325477600097656
DeiT-Tiny,180,n01495701_1287_ray.jpg,Conventional LRP (z+ / Zennit),63.692813873291016,0.9999852180480957,62.69282865524292,0.9842998737499377,98.42998737499377,98.42998737653915,0.01570012623460855,0.1292872428894043
DeiT-Tiny,181,n04468005_24186_train.jpg,Conventional LRP (z+ / Zennit),18.4921817779541,0.9996112585067749,17.492570519447327,0.9459441145747102,94.59441145747101,94.5944114625864,0.05405588537413608,0.12943029403686523
DeiT-Tiny,182,n04154565_3382_screwdriver.jpg,Conventional LRP (z+ / Zennit),33.963687896728516,0.9999717473983765,32.96371614933014,0.9705576216749638,97.05576216749638,97.05576217035401,0.029442378296459872,0.13066649436950684
DeiT-Tiny,183,n02131653_3512_bear.jpg,Conventional LRP (z+ / Zennit),15.718806266784668,0.9999620914459229,14.718844175338745,0.9363843490777463,93.63843490777462,93.63843491373173,0.06361565086268274,0.12490487098693848
DeiT-Tiny,184,n04039381_8129_racket.jpg,Conventional LRP (z+ / Zennit),89.87796783447266,0.9999871850013733,88.87798064947128,0.9888739453051284,98.88739453051284,98.88739453161308,0.011126054683869128,0.13141894340515137
DeiT-Tiny,185,n07718747_4881_artichoke.jpg,Conventional LRP (z+ / Zennit),14.12985610961914,0.9979598522186279,13.131896257400513,0.9293722564896735,92.93722564896734,92.93722565554472,0.07062774344455282,0.12748050689697266
DeiT-Tiny,186,n04256520_823_sofa.jpg,Conventional LRP (z+ / Zennit),33.27496337890625,0.999982476234436,32.274980902671814,0.9699479014952638,96.99479014952638,96.99479015244131,0.030052098475586826,0.13681721687316895
DeiT-Tiny,187,n07583066_9023_guacamole.jpg,Conventional LRP (z+ / Zennit),53.82463836669922,0.9999755620956421,52.82466280460358,0.9814216018273197,98.14216018273197,98.14216018455534,0.018578398154446632,0.12584257125854492
DeiT-Tiny,188,n04332243_13118_strainer.jpg,Conventional LRP (z+ / Zennit),57.672298431396484,0.9999813437461853,56.6723170876503,0.9826609763798757,98.26609763798757,98.26609763969142,0.017339023603085688,0.14971327781677246
DeiT-Tiny,189,n03958227_1879_plastic_bag.jpg,Conventional LRP (z+ / Zennit),4.409007549285889,0.9924361705780029,3.4165713787078857,0.7749071281328036,77.49071281328035,77.49071283085591,0.22509287169144093,0.12431001663208008
DeiT-Tiny,190,n07745940_13408_strawberry.jpg,Conventional LRP (z+ / Zennit),97.18498992919922,0.9999885559082031,96.18500137329102,0.9897104629261533,98.97104629261533,98.97104629363372,0.010289537063662922,0.1230618953704834
DeiT-Tiny,191,n07880968_5436_burrito.jpg,Conventional LRP (z+ / Zennit),12.033282279968262,0.9999819993972778,11.033300280570984,0.9168986501730421,91.6898650173042,91.6898650249239,0.08310134975076104,0.1371307373046875
DeiT-Tiny,192,n07718472_11793_cucumber.jpg,Conventional LRP (z+ / Zennit),34.582557678222656,0.999065101146698,33.58349257707596,0.9711107225956588,97.11107225956587,97.11107226237397,0.028889277376260396,0.12612557411193848
DeiT-Tiny,193,n03211117_11986_tv_or_monitor.jpg,Conventional LRP (z+ / Zennit),7.78393030166626,0.9991053342819214,6.784824967384338,0.8716451334437445,87.16451334437446,87.16451335557245,0.12835486644427543,0.12560367584228516
DeiT-Tiny,194,n02346627_2043_porcupine.jpg,Conventional LRP (z+ / Zennit),9.88099479675293,0.9999733567237854,8.881021440029144,0.8987983114866943,89.87983114866942,89.87983115776566,0.10120168842234331,0.121063232421875
DeiT-Tiny,195,n07693725_4210_bagel.jpg,Conventional LRP (z+ / Zennit),62.68462371826172,0.9999851584434509,61.68463855981827,0.9840473612169715,98.40473612169714,98.40473612326697,0.015952638767330246,0.12412285804748535
DeiT-Tiny,196,n00007846_160891_person.jpg,Conventional LRP (z+ / Zennit),9.051237106323242,0.9963902235031128,8.05484688282013,0.88991668070468,88.991668070468,88.99166808029999,0.11008331919700008,0.14377689361572266
DeiT-Tiny,197,n04154565_5155_screwdriver.jpg,Conventional LRP (z+ / Zennit),62.690673828125,0.9999767541885376,61.69069707393646,0.9840490348227209,98.40490348227209,98.40490348384178,0.01595096516158224,0.1220552921295166
DeiT-Tiny,198,n04154565_11358_screwdriver.jpg,Conventional LRP (z+ / Zennit),10.702287673950195,0.9970803260803223,9.705207347869873,0.9068348415438232,90.68348415438233,90.6834841628556,0.09316515837144393,0.12781858444213867
DeiT-Tiny,199,n07718472_10383_cucumber.jpg,Conventional LRP (z+ / Zennit),43.58870315551758,0.99997878074646,42.58872437477112,0.9770587627221725,97.70587627221725,97.70587627445879,0.022941237255412125,0.1217184066772461
DeiT-Tiny,200,n03481172_195_hammer.jpg,Conventional LRP (z+ / Zennit),41.353485107421875,0.9999514818191528,40.35353362560272,0.975819414489554,97.5819414489554,97.5819414513151,0.024180585486849027,0.12905168533325195
DeiT-Tiny,201,n04330267_1115_stove.jpg,Conventional LRP (z+ / Zennit),9.095847129821777,0.997020423412323,8.098826706409454,0.8903872932259531,89.03872932259532,89.03872933238426,0.10961270667615744,0.12367892265319824
DeiT-Tiny,202,n02395003_18939_swine.jpg,Conventional LRP (z+ / Zennit),5.0549821853637695,0.9979541301727295,4.05702805519104,0.8025800894284468,80.25800894284468,80.2580089587217,0.197419910412783,0.12351369857788086
DeiT-Tiny,203,n03483316_5354_hair_dryer.jpg,Conventional LRP (z+ / Zennit),104.3292465209961,0.9998898506164551,103.32935667037964,0.9904160157870435,99.04160157870436,99.04160157965367,0.0095839842034633,0.13377857208251953
DeiT-Tiny,204,n02129165_2762_lion.jpg,Conventional LRP (z+ / Zennit),6.131921291351318,0.9941473007202148,5.1377739906311035,0.8378734405870034,83.78734405870034,83.78734407236446,0.16212655927635533,0.12129640579223633
DeiT-Tiny,205,n03928116_13232_piano.jpg,Conventional LRP (z+ / Zennit),11.269820213317871,0.999976634979248,10.269843578338623,0.9112695130035157,91.12695130035156,91.1269513084375,0.08873048691562505,0.12650084495544434
DeiT-Tiny,206,n02828884_2302_bench.jpg,Conventional LRP (z+ / Zennit),40.72786331176758,0.9999824166297913,39.72788089513779,0.9754472163209135,97.54472163209135,97.54472163448638,0.024552783655136273,0.1259620189666748
DeiT-Tiny,207,n07880968_830_burrito.jpg,Conventional LRP (z+ / Zennit),9.29247760772705,0.9992985725402832,8.293179035186768,0.8924615570123312,89.24615570123312,89.24615571083724,0.10753844289162755,0.12748241424560547
DeiT-Tiny,208,n04356056_14405_sunglasses.jpg,Conventional LRP (z+ / Zennit),110.14271545410156,0.9999890923500061,109.14272636175156,0.9909209693149644,99.09209693149644,99.09209693239612,0.009079030676038847,0.12329792976379395
DeiT-Tiny,209,n06874185_8872_traffic_light.jpg,Conventional LRP (z+ / Zennit),27.10270118713379,0.9999645352363586,26.10273665189743,0.9631046171636144,96.31046171636144,96.31046171991497,0.03689538280085021,0.12263274192810059
DeiT-Tiny,210,n07753113_564_fig.jpg,Conventional LRP (z+ / Zennit),14.787772178649902,0.9999581575393677,13.787814021110535,0.9323793911353697,93.23793911353697,93.23793911984204,0.06762060880157961,0.12445735931396484
DeiT-Tiny,211,n04468005_9150_train.jpg,Conventional LRP (z+ / Zennit),30.751155853271484,0.9999666213989258,29.75118923187256,0.9674819825590385,96.74819825590384,96.74819825905001,0.03251801740949986,0.1231997013092041
DeiT-Tiny,212,n03017168_55_chime.jpg,Conventional LRP (z+ / Zennit),63.691612243652344,0.9999867677688599,62.691625475883484,0.9842995532138878,98.42995532138879,98.42995532293419,0.015700446770658107,0.12884092330932617
DeiT-Tiny,213,n04356056_8589_sunglasses.jpg,Conventional LRP (z+ / Zennit),57.606563568115234,0.9998055100440979,56.60675805807114,0.982644243136556,98.2644243136556,98.26442431536138,0.0173557568463862,0.12656164169311523
DeiT-Tiny,214,n02355227_10230_squirrel.jpg,Conventional LRP (z+ / Zennit),36.30043411254883,0.9999774098396301,35.3004567027092,0.9724527423635853,97.24527423635853,97.24527423903741,0.027547257609625786,0.12635278701782227
DeiT-Tiny,215,n03636649_4908_lamp.jpg,Conventional LRP (z+ / Zennit),10.027765274047852,0.9999657273292542,9.027799546718597,0.9002803016523059,90.02803016523059,90.02803017420847,0.0997196982579154,0.12282252311706543
DeiT-Tiny,216,n03584254_3743_iPod.jpg,Conventional LRP (z+ / Zennit),20.795963287353516,0.9999714493751526,19.795991837978363,0.9519151175394134,95.19151175394134,95.19151175851874,0.048084882414812555,0.12562823295593262
DeiT-Tiny,217,n00007846_147031_person.jpg,Conventional LRP (z+ / Zennit),87.40987396240234,0.9999846816062927,86.40988928079605,0.9885598201065364,98.85598201065365,98.8559820117846,0.011440179882154008,0.13350343704223633
DeiT-Tiny,218,n03804744_6191_nail.jpg,Conventional LRP (z+ / Zennit),48.4034309387207,0.9999809265136719,47.40345001220703,0.979340701514341,97.9340701514341,97.93407015345738,0.02065929846542612,0.13399267196655273
DeiT-Tiny,219,n02880940_17711_bowl.jpg,Conventional LRP (z+ / Zennit),25.897502899169922,0.9999440908432007,24.89755880832672,0.9613883973409405,96.13883973409405,96.13883973780634,0.03861160262193662,0.1392967700958252
DeiT-Tiny,220,n03467517_10919_guitar.jpg,Conventional LRP (z+ / Zennit),31.781723022460938,0.999974250793457,30.78174877166748,0.9685361850565721,96.85361850565721,96.85361850870467,0.03146381491295328,0.13242697715759277
DeiT-Tiny,221,n01503061_4034_bird.jpg,Conventional LRP (z+ / Zennit),24.568592071533203,0.9987231492996216,23.56986892223358,0.9593495977567165,95.93495977567164,95.93495977957642,0.04065040220423572,0.12575387954711914
DeiT-Tiny,222,n04376876_7577_syringe.jpg,Conventional LRP (z+ / Zennit),55.67485427856445,0.9999760985374451,54.67487818002701,0.9820389992488138,98.20389992488138,98.20389992664525,0.017961000733547478,0.12958550453186035
DeiT-Tiny,223,n03000684_2055_chain_saw.jpg,Conventional LRP (z+ / Zennit),49.37321472167969,0.9999663829803467,48.37324833869934,0.9797467839678463,97.97467839678463,97.97467839876899,0.020253216012310078,0.12391114234924316
DeiT-Tiny,224,n02834778_6714_bicycle.jpg,Conventional LRP (z+ / Zennit),49.335384368896484,0.9999858140945435,48.33539855480194,0.9797308599524216,97.97308599524216,97.97308599722801,0.020269140027719842,0.12445950508117676
DeiT-Tiny,225,n02672831_20_accordion.jpg,Conventional LRP (z+ / Zennit),11.193737030029297,0.9999723434448242,10.193764686584473,0.9106668004016105,91.06668004016105,91.06668004829656,0.08933319951703449,0.13378500938415527
DeiT-Tiny,226,n01882714_4157_koala_bear.jpg,Conventional LRP (z+ / Zennit),8.58595085144043,0.9986340999603271,7.5873167514801025,0.8836897487391883,88.36897487391883,88.3689748842111,0.11631025115788898,0.12374401092529297
DeiT-Tiny,227,n02672831_2455_accordion.jpg,Conventional LRP (z+ / Zennit),28.535037994384766,0.9999812841415405,27.535056710243225,0.964956020549078,96.4956020549078,96.49560205828946,0.03504397941710541,0.1423778533935547
DeiT-Tiny,228,n04542943_1490_waffle_iron.jpg,Conventional LRP (z+ / Zennit),35.4517936706543,0.999983549118042,34.451810121536255,0.9717931465081954,97.17931465081953,97.1793146535607,0.028206853464393028,0.1390829086303711
DeiT-Tiny,229,n07718472_20689_cucumber.jpg,Conventional LRP (z+ / Zennit),34.64325714111328,0.9999699592590332,33.64328718185425,0.9711352210285262,97.11352210285263,97.11352210565586,0.02886477894344142,0.1432962417602539
DeiT-Tiny,230,n02076196_13108_seal.jpg,Conventional LRP (z+ / Zennit),27.29806900024414,0.9999600052833557,26.298108994960785,0.9633688373255346,96.33688373255346,96.33688373608254,0.03663116263917468,0.13384795188903809
DeiT-Tiny,231,n04252077_7312_snowmobile.jpg,Conventional LRP (z+ / Zennit),33.0615234375,0.9996446371078491,32.06187880039215,0.96976410842146,96.976410842146,96.9764108450792,0.03023589154920802,0.13373303413391113
DeiT-Tiny,232,n03445924_5829_golfcart.jpg,Conventional LRP (z+ / Zennit),11.136341094970703,0.9970957636833191,10.139245331287384,0.9104646888874405,91.04646888874404,91.04646889691966,0.08953531103080335,0.13519597053527832
DeiT-Tiny,233,n01982650_10568_lobster.jpg,Conventional LRP (z+ / Zennit),26.711233139038086,0.9999790787696838,25.711254060268402,0.9625633502381891,96.2563350238189,96.2563350274225,0.03743664972577506,0.1490001678466797
DeiT-Tiny,234,n03633091_10052_ladle.jpg,Conventional LRP (z+ / Zennit),33.872108459472656,0.9999853372573853,32.87212312221527,0.9704776176120148,97.04776176120149,97.04776176406659,0.029522382359334052,0.13007879257202148
DeiT-Tiny,235,n02206856_6027_bee.jpg,Conventional LRP (z+ / Zennit),21.534870147705078,0.9987826347351074,20.53608751296997,0.9536202155463117,95.36202155463117,95.36202155905943,0.04637978440940566,0.13380908966064453
DeiT-Tiny,236,n02219486_23711_ant.jpg,Conventional LRP (z+ / Zennit),86.5860824584961,0.9999814033508301,85.58610105514526,0.988451014574789,98.8451014574789,98.84510145862049,0.011548985413795088,0.1413893699645996
DeiT-Tiny,237,n04004767_12593_printer.jpg,Conventional LRP (z+ / Zennit),17.624988555908203,0.9999756813049316,16.62501287460327,0.943263754238695,94.32637542386951,94.32637542922136,0.056736245707786424,0.13724899291992188
DeiT-Tiny,238,n03400231_1761_frying_pan.jpg,Conventional LRP (z+ / Zennit),92.14724731445312,0.9999895095825195,91.1472578048706,0.9891479177108873,98.91479177108873,98.91479177216218,0.010852082278378304,0.1361393928527832
DeiT-Tiny,239,n03676483_6851_lipstick.jpg,Conventional LRP (z+ / Zennit),23.956518173217773,0.9995425343513489,22.956975638866425,0.9582768026604523,95.82768026604523,95.8276802700453,0.041723197299547016,0.1299419403076172
DeiT-Tiny,240,n02355227_4298_squirrel.jpg,Conventional LRP (z+ / Zennit),18.099397659301758,0.9993334412574768,17.10006421804428,0.9447863701868178,94.47863701868178,94.47863702390177,0.05521362976098229,0.13056588172912598
DeiT-Tiny,241,n04536866_11045_violin.jpg,Conventional LRP (z+ / Zennit),40.3044548034668,0.9999799728393555,39.30447483062744,0.975189343741513,97.5189343741513,97.51893437657084,0.02481065623429155,0.13506245613098145
DeiT-Tiny,242,n03584254_2436_iPod.jpg,Conventional LRP (z+ / Zennit),106.02037048339844,0.9999852180480957,105.02038526535034,0.9905679897695202,99.05679897695202,99.05679897788634,0.00943201022113653,0.13609671592712402
DeiT-Tiny,243,n03838899_31925_oboe.jpg,Conventional LRP (z+ / Zennit),27.25743865966797,0.9999707937240601,26.25746786594391,0.9633138385754858,96.33138385754859,96.33138386108271,0.03668616138917291,0.1403508186340332
DeiT-Tiny,244,n03188531_29832_diaper.jpg,Conventional LRP (z+ / Zennit),15.623400688171387,0.9999714493751526,14.623429238796234,0.9359952759152983,93.59952759152984,93.59952759752082,0.06400472402479185,0.13301563262939453
DeiT-Tiny,245,n04542943_2558_waffle_iron.jpg,Conventional LRP (z+ / Zennit),108.02556610107422,0.999988317489624,107.0255777835846,0.9907430402397084,99.07430402397084,99.07430402488797,0.00925695975112025,0.13553166389465332
DeiT-Tiny,246,n04330267_20413_stove.jpg,Conventional LRP (z+ / Zennit),29.45709991455078,0.9999664425849915,28.45713347196579,0.9660534660081356,96.60534660081356,96.60534660409309,0.033946533959069165,0.13138675689697266
DeiT-Tiny,247,n07718747_8558_artichoke.jpg,Conventional LRP (z+ / Zennit),33.89874267578125,0.9999802112579346,32.898762464523315,0.9705009645404087,97.05009645404087,97.0500964569038,0.029499035430961995,0.12931561470031738
DeiT-Tiny,248,n04074963_15621_remote_control.jpg,Conventional LRP (z+ / Zennit),8.954763412475586,0.999960720539093,7.954802691936493,0.8883319775892347,88.83319775892346,88.83319776884369,0.11166802231156314,0.14560866355895996
DeiT-Tiny,249,n02437136_176_camel.jpg,Conventional LRP (z+ / Zennit),7.717541694641113,0.9990351796150208,6.7185065150260925,0.8705500766935567,87.05500766935566,87.05500768063581,0.12944992319364185,0.14424633979797363
DeiT-Tiny,250,n04141076_14874_saxophone.jpg,Conventional LRP (z+ / Zennit),56.45724868774414,0.9999843239784241,55.45726436376572,0.9822877602397619,98.2287760239762,98.22877602571607,0.01771223974283931,0.13855910301208496
DeiT-Tiny,251,n02840245_9812_binder.jpg,Conventional LRP (z+ / Zennit),15.304191589355469,0.9997968077659607,14.304394781589508,0.9346717006995638,93.46717006995638,93.46717007606368,0.06532829923936327,0.12869501113891602
DeiT-Tiny,252,n04509417_4683_unicycle.jpg,Conventional LRP (z+ / Zennit),19.360109329223633,0.9994030594825745,18.36070626974106,0.9483782326103718,94.83782326103719,94.83782326593581,0.05162176734064197,0.14847230911254883
DeiT-Tiny,253,n04023962_20883_punching_bag.jpg,Conventional LRP (z+ / Zennit),91.72120666503906,0.9999845027923584,90.7212221622467,0.9890975648910361,98.9097564891036,98.90975649018199,0.010902435098180166,0.13859224319458008
DeiT-Tiny,254,n07753113_13676_fig.jpg,Conventional LRP (z+ / Zennit),10.9649076461792,0.9999701380729675,9.964937508106232,0.908802684778634,90.8802684778634,90.88026848615169,0.09119731513848311,0.13558316230773926
DeiT-Tiny,255,n04468005_29645_train.jpg,Conventional LRP (z+ / Zennit),36.871158599853516,0.9999768733978271,35.87118172645569,0.9728791577931409,97.28791577931409,97.28791578195268,0.027120842180473274,0.1378631591796875
DeiT-Tiny,256,n03211117_7726_tv_or_monitor.jpg,Conventional LRP (z+ / Zennit),24.984134674072266,0.9999781847000122,23.984156489372253,0.9599754724866364,95.99754724866364,95.99754725250598,0.04002452747494023,0.13309431076049805
DeiT-Tiny,257,n03495258_9079_harp.jpg,Conventional LRP (z+ / Zennit),45.614688873291016,0.999983012676239,44.61470586061478,0.9780776096833177,97.80776096833176,97.80776097047598,0.021922390295240263,0.15489792823791504
DeiT-Tiny,258,n03271574_6116_electric_fan.jpg,Conventional LRP (z+ / Zennit),3.7984533309936523,0.994133472442627,2.8043198585510254,0.7382794030746069,73.8279403074607,73.82794032689701,0.26172059673102993,0.15204548835754395
DeiT-Tiny,259,n02165456_6911_ladybug.jpg,Conventional LRP (z+ / Zennit),26.247291564941406,0.9987451434135437,25.248546421527863,0.9619486398471102,96.19486398471102,96.19486398837597,0.03805136011624037,0.1375408172607422
DeiT-Tiny,260,n02691156_5992_airplane.jpg,Conventional LRP (z+ / Zennit),59.25792694091797,0.9999797344207764,58.25794720649719,0.9831249625657524,98.31249625657524,98.31249625823429,0.016875037417657016,0.13663101196289062
DeiT-Tiny,261,n02503517_10173_elephant.jpg,Conventional LRP (z+ / Zennit),70.68685150146484,0.9998316764831543,69.68701982498169,0.9858554786890135,98.58554786890134,98.58554787029603,0.01414452129703973,0.13722586631774902
DeiT-Tiny,262,n04442312_18045_toaster.jpg,Conventional LRP (z+ / Zennit),36.8985481262207,0.9996655583381653,35.89888256788254,0.9729077264533156,97.29077264533156,97.29077264796825,0.02709227352031737,0.13483929634094238
DeiT-Tiny,263,n02924116_29310_bus.jpg,Conventional LRP (z+ / Zennit),15.508539199829102,0.9993104934692383,14.509228706359863,0.9355638541110426,93.55638541110426,93.55638541713684,0.06443614582863165,0.1415700912475586
DeiT-Tiny,264,n01639765_19901_frog.jpg,Conventional LRP (z+ / Zennit),15.704061508178711,0.9999812245368958,14.704080283641815,0.9363234011180849,93.63234011180849,93.63234011777078,0.06367659882229214,0.13295984268188477
DeiT-Tiny,265,n03793489_12151_computer_mouse.jpg,Conventional LRP (z+ / Zennit),22.6774845123291,0.9999723434448242,21.677512168884277,0.9559046179104621,95.59046179104621,95.59046179526143,0.044095382047385716,0.13158273696899414
DeiT-Tiny,266,n03710721_2170_maillot.jpg,Conventional LRP (z+ / Zennit),50.748477935791016,0.9997730851173401,49.748704850673676,0.9802994468649368,98.02994468649368,98.02994468842535,0.0197005531157465,0.13316917419433594
DeiT-Tiny,267,n02509815_10244_red_panda.jpg,Conventional LRP (z+ / Zennit),80.97022247314453,0.9999838471412659,79.97023862600327,0.9876499802324171,98.76499802324172,98.76499802446148,0.012350019755385154,0.14122390747070312
DeiT-Tiny,268,n04141076_45733_saxophone.jpg,Conventional LRP (z+ / Zennit),12.357483863830566,0.9983536601066589,11.359130203723907,0.9192106037097102,91.92106037097102,91.9210603784095,0.08078939621590489,0.13381075859069824
DeiT-Tiny,269,n07749582_2107_lemon.jpg,Conventional LRP (z+ / Zennit),16.321533203125,0.9982184171676636,15.323314785957336,0.9388404014694294,93.88404014694294,93.88404015269509,0.061159598473049075,0.1345205307006836
DeiT-Tiny,270,n01443537_2675_goldfish.jpg,Conventional LRP (z+ / Zennit),37.93255615234375,0.9999719858169556,36.932584166526794,0.9736381597176176,97.36381597176175,97.3638159743285,0.026361840256714942,0.13517212867736816
DeiT-Tiny,271,n01982650_3524_lobster.jpg,Conventional LRP (z+ / Zennit),31.072795867919922,0.9989771842956543,30.073818683624268,0.9678504248697213,96.78504248697213,96.78504249008691,0.03214957509913085,0.14080286026000977
DeiT-Tiny,272,n04118776_8449_ruler.jpg,Conventional LRP (z+ / Zennit),122.52129364013672,0.9999905824661255,121.5213030576706,0.9918382302884012,99.18382302884012,99.18382302964966,0.008161769703503513,0.1304326057434082
DeiT-Tiny,273,n03942813_3240_ping-pong_ball.jpg,Conventional LRP (z+ / Zennit),46.00040054321289,0.9999867081642151,45.000413835048676,0.9782613477853723,97.82613477853724,97.82613478066386,0.02173865219336134,0.14412975311279297
DeiT-Tiny,274,n01910747_13396_jellyfish.jpg,Conventional LRP (z+ / Zennit),51.39103317260742,0.9999827742576599,50.39105039834976,0.9805416876543511,98.05416876543511,98.05416876734311,0.019458312326568934,0.13882231712341309
DeiT-Tiny,275,n04554684_8752_washer.jpg,Conventional LRP (z+ / Zennit),88.24836730957031,0.9998686909675598,87.24849861860275,0.9886698335341576,98.86698335341576,98.8669833545361,0.01133016645463906,0.13424158096313477
DeiT-Tiny,276,n01944390_7816_snail.jpg,Conventional LRP (z+ / Zennit),10.410253524780273,0.9989770650863647,9.411276459693909,0.9040391222353551,90.40391222353551,90.40391223221962,0.09596087767780372,0.1325232982635498
DeiT-Tiny,277,n04554684_55847_washer.jpg,Conventional LRP (z+ / Zennit),62.47137451171875,0.9999811053276062,61.471393406391144,0.9839929709546568,98.39929709546567,98.39929709704079,0.016007029029592168,0.13316011428833008
DeiT-Tiny,278,n02883205_623_bow_tie.jpg,Conventional LRP (z+ / Zennit),55.19512176513672,0.999981164932251,54.19514060020447,0.9818827980818813,98.18827980818813,98.18827980996704,0.01811720190032946,0.12840867042541504
DeiT-Tiny,279,n04131690_773_salt_or_pepper_shaker.jpg,Conventional LRP (z+ / Zennit),19.93560218811035,0.998464822769165,18.937137365341187,0.9499154921783819,94.99154921783818,94.99154922260311,0.05008450777396894,0.13016414642333984
DeiT-Tiny,280,n03495258_2540_harp.jpg,Conventional LRP (z+ / Zennit),10.300848960876465,0.9975700378417969,9.303278923034668,0.9031565220950416,90.31565220950417,90.31565221827195,0.0968434778172805,0.13130927085876465
DeiT-Tiny,281,n02510455_7939_giant_panda.jpg,Conventional LRP (z+ / Zennit),44.15617370605469,0.9999755620956421,43.156198143959045,0.9773536636183702,97.73536636183702,97.7353663640504,0.022646336359495877,0.1282672882080078
DeiT-Tiny,282,n02799071_5092_baseball.jpg,Conventional LRP (z+ / Zennit),100.0033950805664,0.9998845458030701,99.00351053476334,0.9900014939894037,99.00014939894038,99.00014939993035,0.00999850600069654,0.136732816696167
DeiT-Tiny,283,n04023962_18197_punching_bag.jpg,Conventional LRP (z+ / Zennit),5.521479606628418,0.9999244213104248,4.521555185317993,0.8189028134906194,81.89028134906195,81.89028136389317,0.1810971863610683,0.12892961502075195
DeiT-Tiny,284,n04256520_41397_sofa.jpg,Conventional LRP (z+ / Zennit),4.3314738273620605,0.9979702234268188,3.3335036039352417,0.7696003106628028,76.96003106628028,76.96003108404793,0.23039968915952086,0.13319873809814453
DeiT-Tiny,285,n02445715_7191_skunk.jpg,Conventional LRP (z+ / Zennit),30.236780166625977,0.9999790787696838,29.236801087856293,0.9669283874067932,96.69283874067932,96.69283874387718,0.03307161256122822,0.13441753387451172
DeiT-Tiny,286,n04252225_3650_snowplow.jpg,Conventional LRP (z+ / Zennit),42.24092102050781,0.9997348785400391,41.24118614196777,0.9763325501583878,97.63325501583878,97.63325501815012,0.023667449818498783,0.13351655006408691
DeiT-Tiny,287,n02268443_2033_dragonfly.jpg,Conventional LRP (z+ / Zennit),24.58869743347168,0.9999696612358093,23.58872777223587,0.9593321417329769,95.93321417329769,95.9332141771992,0.040667858228007954,0.13420701026916504
DeiT-Tiny,288,n03761084_5403_microwave.jpg,Conventional LRP (z+ / Zennit),49.35087966918945,0.9997538924217224,48.35112577676773,0.9797419235461851,97.97419235461851,97.97419235660377,0.02025807643396243,0.1320204734802246
DeiT-Tiny,289,n03770439_12438_miniskirt.jpg,Conventional LRP (z+ / Zennit),49.83853530883789,0.999984622001648,48.83855068683624,0.979935513417782,97.9935513417782,97.9935513437444,0.020064486562555946,0.131270170211792
DeiT-Tiny,290,n03394916_40519_french_horn.jpg,Conventional LRP (z+ / Zennit),5.412224292755127,0.9969497919082642,4.415274500846863,0.8157966597839282,81.57966597839282,81.57966599346605,0.18420334006533948,0.1282331943511963
DeiT-Tiny,291,n02672831_7054_accordion.jpg,Conventional LRP (z+ / Zennit),56.23101806640625,0.9999801516532898,55.23103791475296,0.9822165739298091,98.22165739298092,98.22165739472766,0.017783426052723414,0.1369457244873047
DeiT-Tiny,292,n04074963_2109_remote_control.jpg,Conventional LRP (z+ / Zennit),26.327177047729492,0.9999701976776123,25.32720685005188,0.9620175685062342,96.20175685062343,96.2017568542775,0.037982431457224984,0.13080477714538574
DeiT-Tiny,293,n03128519_21456_cream.jpg,Conventional LRP (z+ / Zennit),20.326080322265625,0.9999793767929077,19.326100945472717,0.9508031375509074,95.08031375509074,95.08031375976849,0.04919686240231516,0.13552308082580566
DeiT-Tiny,294,n02402425_58691_cattle.jpg,Conventional LRP (z+ / Zennit),16.617944717407227,0.9999772906303406,15.617967426776886,0.9398254532329323,93.98254532329324,93.98254532894872,0.0601745467105128,0.12726593017578125
DeiT-Tiny,295,n02118333_2661_fox.jpg,Conventional LRP (z+ / Zennit),41.7869758605957,0.9999710321426392,40.787004828453064,0.9760697917826195,97.60697917826195,97.60697918059778,0.023930208194022296,0.13740253448486328
DeiT-Tiny,296,n07734744_4530_mushroom.jpg,Conventional LRP (z+ / Zennit),33.729652404785156,0.999980092048645,32.72967231273651,0.9703530863283628,97.03530863283628,97.03530863571312,0.029646913642868727,0.13985419273376465
DeiT-Tiny,297,n03995372_8962_power_drill.jpg,Conventional LRP (z+ / Zennit),6.372454643249512,0.9999628663063049,5.372491776943207,0.8430804261261131,84.30804261261132,84.30804262584138,0.15691957374158616,0.1453702449798584
DeiT-Tiny,298,n03207941_297_dishwasher.jpg,Conventional LRP (z+ / Zennit),24.747238159179688,0.9999777674674988,23.74726039171219,0.9595923487705976,95.95923487705976,95.95923488093734,0.04040765119062667,0.12984395027160645
DeiT-Tiny,299,n02970849_4696_cart.jpg,Conventional LRP (z+ / Zennit),16.58152961730957,0.9999738335609436,15.581555783748627,0.9396935109378113,93.96935109378113,93.96935109944823,0.06030648900551757,0.13532400131225586
DeiT-Tiny,300,n04254120_1439_soap_dispenser.jpg,Conventional LRP (z+ / Zennit),110.64605712890625,0.9999884963035583,109.64606863260269,0.9909622762596094,99.09622762596094,99.09622762685656,0.009037723731434364,0.13429927825927734
DeiT-Tiny,301,n03134739_1193_croquet_ball.jpg,Conventional LRP (z+ / Zennit),50.69879150390625,0.9999788403511047,49.698812663555145,0.9802760813094661,98.0276081309466,98.02760813288013,0.019723918671198666,0.13643932342529297
DeiT-Tiny,302,n03372029_49129_flute.jpg,Conventional LRP (z+ / Zennit),31.259708404541016,0.9999811053276062,30.25972729921341,0.9680105427294916,96.80105427294916,96.80105427604583,0.03198945723954167,0.1306929588317871
DeiT-Tiny,303,n01882714_11108_koala_bear.jpg,Conventional LRP (z+ / Zennit),21.61501693725586,0.9994825124740601,20.6155344247818,0.9537598089176094,95.37598089176093,95.37598089617343,0.04624019103826572,0.12933611869812012
DeiT-Tiny,304,n04023962_3468_punching_bag.jpg,Conventional LRP (z+ / Zennit),17.55961799621582,0.9999769926071167,16.559641003608704,0.9430524631136241,94.30524631136241,94.30524631673299,0.05694753683267007,0.1282961368560791
DeiT-Tiny,305,n03991062_7689_flower_pot.jpg,Conventional LRP (z+ / Zennit),15.08930492401123,0.9999683499336243,14.089336574077606,0.9337299924745951,93.3729992474595,93.37299925364752,0.0662700074635247,0.1440722942352295
DeiT-Tiny,306,n03961711_1377_plate_rack.jpg,Conventional LRP (z+ / Zennit),25.29273223876953,0.9999759197235107,24.29275631904602,0.9604639027826666,96.04639027826666,96.04639028206405,0.039536097179359485,0.14073991775512695
DeiT-Tiny,307,n02121808_1421_domestic_cat.jpg,Conventional LRP (z+ / Zennit),16.724035263061523,0.999983549118042,15.724051713943481,0.9402068021067309,94.02068021067309,94.02068021629498,0.05979319783705023,0.3276219367980957
DeiT-Tiny,308,n01910747_17159_jellyfish.jpg,Conventional LRP (z+ / Zennit),67.1354751586914,0.9999815821647644,66.13549357652664,0.9851050196518879,98.5105019651888,98.51050196665614,0.014894980333438603,0.23121428489685059
DeiT-Tiny,309,n03124170_6694_hat_with_a_wide_brim.jpg,Conventional LRP (z+ / Zennit),69.76861572265625,0.9999754428863525,68.7686402797699,0.9856672597913205,98.56672597913206,98.56672598054482,0.014332740194551781,0.29439496994018555
DeiT-Tiny,310,n02924116_31580_bus.jpg,Conventional LRP (z+ / Zennit),9.002617835998535,0.9999619722366333,8.002655863761902,0.8889254224335685,88.89254224335686,88.89254225323093,0.1110745774676907,0.17386484146118164
DeiT-Tiny,311,n02129604_4493_tiger.jpg,Conventional LRP (z+ / Zennit),9.596572875976562,0.9999768733978271,8.596596002578735,0.8957985431656645,89.57985431656645,89.57985432590104,0.10420145674098973,0.1656181812286377
DeiT-Tiny,312,n02691156_7241_airplane.jpg,Conventional LRP (z+ / Zennit),57.15245056152344,0.9997949004173279,56.15265566110611,0.982506526114334,98.2506526114334,98.25065261315248,0.017493473868475145,0.18518996238708496
DeiT-Tiny,313,n07697537_3512_hotdog.jpg,Conventional LRP (z+ / Zennit),82.75334930419922,0.999984860420227,81.75336444377899,0.9879160798950599,98.79160798950599,98.7916079906998,0.012083920093002012,0.18085980415344238
DeiT-Tiny,314,n04074963_13088_remote_control.jpg,Conventional LRP (z+ / Zennit),56.59113693237305,0.9999780654907227,55.591158866882324,0.9823297759918124,98.23297759918124,98.23297760091707,0.01767022399082927,0.17702984809875488
DeiT-Tiny,315,n04379243_4875_table.jpg,Conventional LRP (z+ / Zennit),27.86796760559082,0.9999719858169556,26.867995619773865,0.9641175129477163,96.41175129477163,96.41175129823122,0.03588248701768776,0.2084650993347168
DeiT-Tiny,316,n07749582_16812_lemon.jpg,Conventional LRP (z+ / Zennit),28.403942108154297,0.999972939491272,27.403969168663025,0.9647945719418647,96.47945719418647,96.47945719758316,0.03520542802416839,0.1724104881286621
DeiT-Tiny,317,n02274259_379_butterfly.jpg,Conventional LRP (z+ / Zennit),10.020059585571289,0.9999796748161316,9.020079910755157,0.9002022226338566,90.02022226338566,90.02022227236967,0.09979777727630332,0.1666243076324463
DeiT-Tiny,318,n04442312_6578_toaster.jpg,Conventional LRP (z+ / Zennit),80.49691772460938,0.9998594522476196,79.49705827236176,0.9875789100813046,98.75789100813046,98.75789100935731,0.012421089906426869,0.16966009140014648
DeiT-Tiny,319,n02398521_24812_hippopotamus.jpg,Conventional LRP (z+ / Zennit),14.25987720489502,0.9999576807022095,13.25991952419281,0.9298761365708796,92.98761365708796,92.98761366360888,0.07012386336391115,0.16887331008911133
DeiT-Tiny,320,n04118538_7671_rugby_ball.jpg,Conventional LRP (z+ / Zennit),37.970947265625,0.9999732971191406,36.97097396850586,0.9736647787294452,97.36647787294453,97.36647787550875,0.026335221244912523,0.15778803825378418
DeiT-Tiny,321,n07695742_4248_pretzel.jpg,Conventional LRP (z+ / Zennit),21.50546646118164,0.9999863505363464,20.505480110645294,0.9535008295079361,95.35008295079362,95.35008295522736,0.0464991704477263,0.139937162399292
DeiT-Tiny,322,n02764044_34263_axe.jpg,Conventional LRP (z+ / Zennit),14.092884063720703,0.9991800785064697,13.093703985214233,0.9291003832205107,92.91003832205107,92.91003832864376,0.07089961671356242,0.14612627029418945
DeiT-Tiny,323,n01990800_3901_isopod.jpg,Conventional LRP (z+ / Zennit),85.09619903564453,0.9999886751174927,84.09621036052704,0.9882487268827733,98.82487268827734,98.82487268943866,0.011751273105613379,0.12909507751464844
DeiT-Tiny,324,n03249569_44884_drum.jpg,Conventional LRP (z+ / Zennit),6.765415191650391,0.9999793767929077,5.765435814857483,0.8521924598390893,85.21924598390893,85.21924599650525,0.1478075400349476,0.13933253288269043
DeiT-Tiny,325,n03676483_8016_lipstick.jpg,Conventional LRP (z+ / Zennit),33.877525329589844,0.9999665021896362,32.87755882740021,0.9704828940888811,97.04828940888811,97.04828941175279,0.029517105882472167,0.13118362426757812
DeiT-Tiny,326,n07768694_6136_pomegranate.jpg,Conventional LRP (z+ / Zennit),75.22705078125,0.999982476234436,74.22706830501556,0.9867071423532346,98.67071423532346,98.6707142366351,0.013292857633648947,0.14913249015808105
DeiT-Tiny,327,n01784675_23760_centipede.jpg,Conventional LRP (z+ / Zennit),19.594863891601562,0.9999530911445618,18.594910800457,0.9489686125086015,94.89686125086016,94.8968612557031,0.05103138744296896,0.15153932571411133
DeiT-Tiny,328,n03991062_3915_flower_pot.jpg,Conventional LRP (z+ / Zennit),8.08926010131836,0.9999691247940063,7.089290976524353,0.8763831162373654,87.63831162373654,87.63831163457046,0.12361688365429552,0.14915871620178223
DeiT-Tiny,329,n03636649_5469_lamp.jpg,Conventional LRP (z+ / Zennit),46.724552154541016,0.9999815225601196,45.724570631980896,0.9785983711469018,97.85983711469018,97.85983711678458,0.021401628832154244,0.1421053409576416
DeiT-Tiny,330,n01503061_10156_bird.jpg,Conventional LRP (z+ / Zennit),38.69368362426758,0.9999713897705078,37.69371223449707,0.9741567279958451,97.41567279958451,97.41567280210212,0.025843271978978868,0.14560556411743164
DeiT-Tiny,331,n07753592_1896_banana.jpg,Conventional LRP (z+ / Zennit),15.074214935302734,0.9999738931655884,14.074241042137146,0.9336632853922373,93.36632853922373,93.3663285454175,0.06633671454582493,0.13628435134887695
DeiT-Tiny,332,n02510455_4903_giant_panda.jpg,Conventional LRP (z+ / Zennit),9.739317893981934,0.9999833106994629,8.73933458328247,0.8973251184033441,89.73251184033441,89.73251184954782,0.1026748815045217,0.13590431213378906
DeiT-Tiny,333,n02374451_11795_horse.jpg,Conventional LRP (z+ / Zennit),39.896148681640625,0.9999833703041077,38.89616531133652,0.9749353407703935,97.49353407703934,97.49353407948301,0.025064659205169825,0.13869071006774902
DeiT-Tiny,334,n04252225_1431_snowplow.jpg,Conventional LRP (z+ / Zennit),83.19267272949219,0.9998514652252197,82.19282126426697,0.9879814960451588,98.79814960451588,98.79814960570347,0.012018503942965253,0.13093352317810059
DeiT-Tiny,335,n04118538_3656_rugby_ball.jpg,Conventional LRP (z+ / Zennit),27.119464874267578,0.9999760389328003,26.119488835334778,0.9631269995727402,96.31269995727402,96.31269996082543,0.03687300039174563,0.13730502128601074
DeiT-Tiny,336,n03445777_9090_golf_ball.jpg,Conventional LRP (z+ / Zennit),19.787200927734375,0.9999476671218872,18.787253260612488,0.9494649257505747,94.94649257505748,94.94649257985586,0.050535074201441425,0.14034271240234375
DeiT-Tiny,337,n02445715_6015_skunk.jpg,Conventional LRP (z+ / Zennit),82.55879974365234,0.9999812245368958,81.55881851911545,0.9878876482140031,98.7887648214003,98.7887648225969,0.012112351774030979,0.13311123847961426
DeiT-Tiny,338,n04542943_5799_waffle_iron.jpg,Conventional LRP (z+ / Zennit),95.28990936279297,0.9999879598617554,94.28992140293121,0.9895058357433834,98.95058357433834,98.95058357537675,0.010494164246232477,0.12817955017089844
DeiT-Tiny,339,n04131690_12417_salt_or_pepper_shaker.jpg,Conventional LRP (z+ / Zennit),18.65119743347168,0.9999794363975525,17.651217997074127,0.9463852419711476,94.63852419711476,94.63852420218888,0.05361475797811118,0.13247942924499512
DeiT-Tiny,340,n02355227_12960_squirrel.jpg,Conventional LRP (z+ / Zennit),33.67426300048828,0.9999873638153076,32.674275636672974,0.9703041054002842,97.03041054002843,97.03041054290985,0.02969589457090145,0.16885614395141602
DeiT-Tiny,341,n04591713_2972_wine_bottle.jpg,Conventional LRP (z+ / Zennit),29.615924835205078,0.9999834299087524,28.615941405296326,0.9662349416255175,96.62349416255175,96.6234941658143,0.03376505834185704,0.12815570831298828
DeiT-Tiny,342,n00007846_152343_person.jpg,Conventional LRP (z+ / Zennit),56.07887649536133,0.9997949600219727,55.079081535339355,0.9821716299703893,98.21716299703893,98.21716299879033,0.01782837001209667,0.12820816040039062
DeiT-Tiny,343,n03085013_7532_computer_keyboard.jpg,Conventional LRP (z+ / Zennit),28.229244232177734,0.9999764561653137,27.22926777601242,0.9645765770806558,96.45765770806558,96.45765771148251,0.03542342288517481,0.1404740810394287
DeiT-Tiny,344,n07768694_513_pomegranate.jpg,Conventional LRP (z+ / Zennit),19.49591827392578,0.9998917579650879,18.496026515960693,0.9487127641352973,94.87127641352973,94.87127641839594,0.05128723581604066,0.13049912452697754
DeiT-Tiny,345,n03314780_153_face_powder.jpg,Conventional LRP (z+ / Zennit),118.41620635986328,0.9999891519546509,117.41621720790863,0.9915553015614496,99.15553015614495,99.1555301569823,0.008444698430176981,0.1296229362487793
DeiT-Tiny,346,n02802426_12389_basketball.jpg,Conventional LRP (z+ / Zennit),12.296944618225098,0.9999780654907227,11.296966552734375,0.9186807701054982,91.86807701054983,91.86807701802063,0.08131922981979375,0.13369369506835938
DeiT-Tiny,347,n07583066_7105_guacamole.jpg,Conventional LRP (z+ / Zennit),15.827958106994629,0.9993256330490112,14.828632473945618,0.9368632626375062,93.68632626375062,93.68632626966966,0.0631367373033034,0.13971614837646484
DeiT-Tiny,348,n03710721_8217_maillot.jpg,Conventional LRP (z+ / Zennit),10.096216201782227,0.9999713897705078,9.096244812011719,0.9009558263525552,90.09558263525552,90.09558264417923,0.09904417355820774,0.13591575622558594
DeiT-Tiny,349,n03445924_6750_golfcart.jpg,Conventional LRP (z+ / Zennit),18.80423927307129,0.999305248260498,17.80493402481079,0.9468574487542064,94.68574487542064,94.68574488045599,0.053142551195440195,0.13658595085144043
DeiT-Tiny,350,n02342885_4388_hamster.jpg,Conventional LRP (z+ / Zennit),31.71872329711914,0.999983012676239,30.7187402844429,0.9684734153932502,96.84734153932501,96.84734154237835,0.03152658457621662,0.14310383796691895
DeiT-Tiny,351,n04118538_4281_rugby_ball.jpg,Conventional LRP (z+ / Zennit),27.577619552612305,0.9999589920043945,26.57766056060791,0.9637401991473403,96.37401991473403,96.37401991822868,0.03625980081771318,0.13541436195373535
DeiT-Tiny,352,n02815834_4632_beaker.jpg,Conventional LRP (z+ / Zennit),84.79224395751953,0.9999901056289673,83.79225385189056,0.988206585178732,98.8206585178732,98.82065851903864,0.011793414809613448,0.1286602020263672
DeiT-Tiny,353,n02454379_174_armadillo.jpg,Conventional LRP (z+ / Zennit),13.309588432312012,0.9977086782455444,12.311879754066467,0.9250383522943187,92.50383522943187,92.50383523638205,0.07496164763617956,0.12808585166931152
DeiT-Tiny,354,n04487394_23210_trombone.jpg,Conventional LRP (z+ / Zennit),77.6368637084961,0.9999847412109375,76.63687896728516,0.9871197174327815,98.71197174327816,98.71197174454961,0.012880282554503878,0.14972352981567383
DeiT-Tiny,355,n03770439_6215_miniskirt.jpg,Conventional LRP (z+ / Zennit),26.57192039489746,0.9999724626541138,25.571947932243347,0.9623673242748197,96.23673242748197,96.23673243110372,0.03763267568896285,0.13119792938232422
DeiT-Tiny,356,n03642806_21229_laptop.jpg,Conventional LRP (z+ / Zennit),54.29935836791992,0.9999827742576599,53.29937559366226,0.981583893340625,98.1583893340625,98.15838933587023,0.01841610664129781,0.13349437713623047
DeiT-Tiny,357,n04026417_12310_purse.jpg,Conventional LRP (z+ / Zennit),59.24207305908203,0.9999754428863525,58.24209761619568,0.9831205190461145,98.31205190461145,98.31205190627094,0.016879480937290605,0.17435860633850098
DeiT-Tiny,358,n02870880_12189_bookshelf.jpg,Conventional LRP (z+ / Zennit),29.23885726928711,0.9999687671661377,28.23888850212097,0.9658000051464967,96.58000051464967,96.5800005179528,0.034199994820471945,0.15682601928710938
DeiT-Tiny,359,n01882714_3175_koala_bear.jpg,Conventional LRP (z+ / Zennit),32.94556427001953,0.9999725222587585,31.945591747760773,0.9696477342129369,96.9647734212937,96.96477342423687,0.030352265757631405,0.15523767471313477
DeiT-Tiny,360,n03995372_3057_power_drill.jpg,Conventional LRP (z+ / Zennit),10.935547828674316,0.9999687671661377,9.935579061508179,0.9085579630996942,90.85579630996942,90.85579631827771,0.0914420368172228,0.15360450744628906
DeiT-Tiny,361,n04517823_17685_vacuum.jpg,Conventional LRP (z+ / Zennit),23.502639770507812,0.9999834299087524,22.50265634059906,0.9574522929921672,95.74522929921672,95.74522930329053,0.04254770696709471,0.14089536666870117
DeiT-Tiny,362,n03400231_5440_frying_pan.jpg,Conventional LRP (z+ / Zennit),27.93174171447754,0.9999687075614929,26.931773006916046,0.9641995576664169,96.41995576664169,96.41995577009367,0.03580044229906331,0.13339877128601074
DeiT-Tiny,363,n03481172_6773_hammer.jpg,Conventional LRP (z+ / Zennit),29.9017391204834,0.9999824166297913,28.901756703853607,0.9665577171425679,96.65577171425679,96.65577171748923,0.033442282825107646,0.139404296875
DeiT-Tiny,364,n04330267_16662_stove.jpg,Conventional LRP (z+ / Zennit),37.75275421142578,0.9999736547470093,36.75278055667877,0.9735125641398137,97.35125641398137,97.35125641656002,0.026487435834399855,0.1507413387298584
DeiT-Tiny,365,n04376876_14092_syringe.jpg,Conventional LRP (z+ / Zennit),56.95941925048828,0.9999865889549255,55.959432661533356,0.9824438766564708,98.24438766564708,98.24438766737188,0.01755612332628116,0.13198566436767578
DeiT-Tiny,366,n04557648_2622_water_bottle.jpg,Conventional LRP (z+ / Zennit),15.271496772766113,0.9999403953552246,14.271556377410889,0.9345224367219227,93.45224367219227,93.45224367831165,0.06547756321688344,0.13512396812438965
DeiT-Tiny,367,n03494278_29009_harmonica.jpg,Conventional LRP (z+ / Zennit),93.07111358642578,0.999987781047821,92.07112580537796,0.9892556589955434,98.92556589955433,98.92556590061724,0.010744340993827617,0.13557958602905273
DeiT-Tiny,368,n02062744_305_whale.jpg,Conventional LRP (z+ / Zennit),52.76862716674805,0.9999687075614929,51.768658459186554,0.9810499389081574,98.10499389081573,98.10499389267488,0.018950061073251104,0.14522409439086914
DeiT-Tiny,369,n02402425_20234_cattle.jpg,Conventional LRP (z+ / Zennit),15.723702430725098,0.9992913007736206,14.724411129951477,0.936446819309084,93.6446819309084,93.64468193686403,0.06355318063135963,0.13184165954589844
DeiT-Tiny,370,n04256520_22975_sofa.jpg,Conventional LRP (z+ / Zennit),37.34876251220703,0.9999787211418152,36.348783791065216,0.973225920891269,97.3225920891269,97.32259209173267,0.026774079082673305,0.13701653480529785
DeiT-Tiny,371,n03797390_759_cup_or_mug.jpg,Conventional LRP (z+ / Zennit),6.475710391998291,0.9980180859565735,5.4776923060417175,0.8458828412036992,84.58828412036992,84.58828413343231,0.1541171586656769,0.13418269157409668
DeiT-Tiny,372,n04118776_19742_ruler.jpg,Conventional LRP (z+ / Zennit),72.08355712890625,0.999836802482605,71.08372032642365,0.9861294746917006,98.61294746917007,98.6129474705381,0.01387052529461896,0.13139867782592773
DeiT-Tiny,373,n02510455_12383_giant_panda.jpg,Conventional LRP (z+ / Zennit),26.85052490234375,0.9999798536300659,25.850545048713684,0.9627575305052776,96.27575305052775,96.27575305411337,0.03724246945886629,0.12850356101989746
DeiT-Tiny,374,n03124170_8316_hat_with_a_wide_brim.jpg,Conventional LRP (z+ / Zennit),62.40316390991211,0.9999813437461853,61.403182566165924,0.9839754704397076,98.39754704397076,98.39754704554757,0.0160245295445244,0.13890981674194336
DeiT-Tiny,375,n02165456_4435_ladybug.jpg,Conventional LRP (z+ / Zennit),70.84119415283203,0.9999816417694092,69.84121251106262,0.9858841786235569,98.5884178623557,98.58841786374738,0.014115821362526152,0.14453673362731934
DeiT-Tiny,376,n03761084_45823_microwave.jpg,Conventional LRP (z+ / Zennit),42.687191009521484,0.9993526935577393,41.687838315963745,0.976588932864863,97.6588932864863,97.65889328877407,0.0234110671122593,0.14437246322631836
DeiT-Tiny,377,n04530566_23960_watercraft.jpg,Conventional LRP (z+ / Zennit),18.075708389282227,0.9996123313903809,17.076096057891846,0.9446985805033352,94.46985805033353,94.46985805555987,0.05530141944440136,0.14666175842285156
DeiT-Tiny,378,n03770439_6006_miniskirt.jpg,Conventional LRP (z+ / Zennit),92.60713958740234,0.9999845027923584,91.60715508460999,0.9892018638278123,98.92018638278122,98.92018638384941,0.010798136161505949,0.14276123046875
DeiT-Tiny,379,n03797390_4473_cup_or_mug.jpg,Conventional LRP (z+ / Zennit),11.394811630249023,0.9990935325622559,10.395718097686768,0.9123203115686133,91.23203115686132,91.23203116486778,0.08767968835132219,0.13032841682434082
DeiT-Tiny,380,n01770393_10111_scorpion.jpg,Conventional LRP (z+ / Zennit),29.977432250976562,0.9999716281890869,28.977460622787476,0.9666425189194396,96.66425189194396,96.66425189516855,0.033357481048314645,0.14402079582214355
DeiT-Tiny,381,n02062744_332_whale.jpg,Conventional LRP (z+ / Zennit),81.24618530273438,0.9999772310256958,80.24620807170868,0.987692010052074,98.76920100520739,98.76920100642307,0.01230798993576922,0.13286972045898438
DeiT-Tiny,382,n07749582_6832_lemon.jpg,Conventional LRP (z+ / Zennit),18.036178588867188,0.999963641166687,17.0362149477005,0.9445578986045042,94.45578986045042,94.45578986568744,0.05544210134312562,0.1272268295288086
DeiT-Tiny,383,n04517823_16473_vacuum.jpg,Conventional LRP (z+ / Zennit),91.04325866699219,0.9998672008514404,90.04339146614075,0.9890176690017471,98.90176690017472,98.90176690126104,0.010982330987389658,0.1302480697631836
DeiT-Tiny,384,n03759954_19823_microphone.jpg,Conventional LRP (z+ / Zennit),10.355674743652344,0.9999646544456482,9.355710089206696,0.9034380008929859,90.34380008929858,90.34380009802267,0.09656199901977325,0.13908076286315918
DeiT-Tiny,385,n03535780_15497_horizontal_bar.jpg,Conventional LRP (z+ / Zennit),58.396484375,0.9999784231185913,57.39650595188141,0.9828760509334777,98.28760509334778,98.28760509503087,0.01712394904969125,0.1323072910308838
DeiT-Tiny,386,n04554684_16469_washer.jpg,Conventional LRP (z+ / Zennit),14.956976890563965,0.9992482662200928,13.957728624343872,0.9331918291734683,93.31918291734684,93.31918292358601,0.06680817076413997,0.13008928298950195
DeiT-Tiny,387,n02769748_3207_backpack.jpg,Conventional LRP (z+ / Zennit),15.87540340423584,0.9999721646308899,14.87543123960495,0.9370112279917818,93.70112279917818,93.70112280508047,0.06298877194919529,0.17107415199279785
DeiT-Tiny,388,n02437136_4411_camel.jpg,Conventional LRP (z+ / Zennit),7.604952812194824,0.9959765076637268,6.608976304531097,0.8690358069105074,86.90358069105073,86.90358070247798,0.13096419297522024,0.17098259925842285
DeiT-Tiny,389,n03928116_17073_piano.jpg,Conventional LRP (z+ / Zennit),25.9185791015625,0.9999822974205017,24.918596804142,0.9614183210251045,96.14183210251045,96.14183210621982,0.03858167893780172,0.26787614822387695
DeiT-Tiny,390,n02510455_9574_giant_panda.jpg,Conventional LRP (z+ / Zennit),6.7260894775390625,0.9989854097366333,5.727104067802429,0.851476045044584,85.1476045044584,85.1476045171177,0.148523954828823,0.2402641773223877
DeiT-Tiny,391,n04591157_4545_tie.jpg,Conventional LRP (z+ / Zennit),38.66463088989258,0.999976396560669,37.66465449333191,0.9741371797811159,97.41371797811159,97.41371798063105,0.02586282019368961,0.218491792678833
DeiT-Tiny,392,n04536866_9751_violin.jpg,Conventional LRP (z+ / Zennit),37.27476119995117,0.9999778270721436,36.27478337287903,0.9731727904927095,97.31727904927095,97.31727905188175,0.026827209481182498,0.24413633346557617
DeiT-Tiny,393,n02219486_8874_ant.jpg,Conventional LRP (z+ / Zennit),21.511539459228516,0.9999461770057678,20.511593282222748,0.9535158243855809,95.3515824385581,95.35158244299066,0.04648417557009328,0.17392992973327637
DeiT-Tiny,394,n02828884_6930_bench.jpg,Conventional LRP (z+ / Zennit),25.003345489501953,0.9999746084213257,24.003370881080627,0.9600063675558462,96.00063675558462,96.00063675942413,0.03999363240575869,0.14883804321289062
DeiT-Tiny,395,n03314780_8148_face_powder.jpg,Conventional LRP (z+ / Zennit),13.938926696777344,0.9999643564224243,12.93896234035492,0.9282610218775399,92.82610218775399,92.82610219441348,0.07173897805586527,0.1470496654510498
DeiT-Tiny,396,n07739125_3030_apple.jpg,Conventional LRP (z+ / Zennit),45.08681869506836,0.9993879199028015,44.08743077516556,0.9778341442176326,97.78341442176325,97.78341442393203,0.022165855760679684,0.141892671585083
DeiT-Tiny,397,n01982650_8985_lobster.jpg,Conventional LRP (z+ / Zennit),55.54375457763672,0.9999769330024719,54.54377764463425,0.9819965909472911,98.19965909472911,98.19965909649707,0.018003409035029245,0.17966556549072266
DeiT-Tiny,398,n01443537_5048_goldfish.jpg,Conventional LRP (z+ / Zennit),31.569917678833008,0.999968409538269,30.56994926929474,0.9683252765914859,96.8325276591486,96.83252766221582,0.031674723377841676,0.1420879364013672
DeiT-Tiny,399,n04536866_19280_violin.jpg,Conventional LRP (z+ / Zennit),9.775568008422852,0.9993372559547424,8.77623075246811,0.89777194982517,89.77719498251699,89.77719499170084,0.10222805008299167,0.1464998722076416
DeiT-Tiny,400,n03759954_16247_microphone.jpg,Conventional LRP (z+ / Zennit),98.6516342163086,0.9998833537101746,97.65175086259842,0.9898645028777967,98.98645028777968,98.98645028878308,0.010135497112169267,0.14576387405395508
DeiT-Tiny,401,n02121808_25532_domestic_cat.jpg,Conventional LRP (z+ / Zennit),16.559738159179688,0.9993418455123901,15.560396313667297,0.9396523159457042,93.96523159457043,93.96523160024473,0.06034768399755266,0.1493849754333496
DeiT-Tiny,402,n01990800_353_isopod.jpg,Conventional LRP (z+ / Zennit),63.832237243652344,0.9998127222061157,62.83242452144623,0.9843368685422369,98.4336868542237,98.43368685576576,0.01566313144234248,0.14473414421081543
DeiT-Tiny,403,n03636649_17304_lamp.jpg,Conventional LRP (z+ / Zennit),57.64789581298828,0.9999714493751526,56.64792436361313,0.9826538083262961,98.26538083262962,98.2653808343342,0.017346191656658096,0.13503384590148926
DeiT-Tiny,404,n03961711_5567_plate_rack.jpg,Conventional LRP (z+ / Zennit),10.576821327209473,0.9971470236778259,9.579674303531647,0.905723374373515,90.57233743735151,90.57233744591478,0.09427662554085212,0.14442873001098633
DeiT-Tiny,405,n03483316_5201_hair_dryer.jpg,Conventional LRP (z+ / Zennit),34.28553771972656,0.9992001056671143,33.28633761405945,0.9708565134720618,97.08565134720618,97.08565135003785,0.029143486499621486,0.1394970417022705
DeiT-Tiny,406,n03838899_27257_oboe.jpg,Conventional LRP (z+ / Zennit),10.990447044372559,0.9999748468399048,9.990472197532654,0.9090141789763742,90.90141789763742,90.90141790590836,0.09098582094091634,0.17177653312683105
DeiT-Tiny,407,n04116512_19943_rubber_eraser.jpg,Conventional LRP (z+ / Zennit),26.916358947753906,0.9987936615943909,25.917565286159515,0.9628926904825428,96.28926904825428,96.28926905183162,0.03710730948168372,0.14311003684997559
DeiT-Tiny,408,n02958343_46237_car.jpg,Conventional LRP (z+ / Zennit),17.406463623046875,0.9993084073066711,16.407155215740204,0.942589808596955,94.2589808596955,94.25898086511067,0.057410191348893275,0.13472962379455566
DeiT-Tiny,409,n03908618_16597_pencil_box.jpg,Conventional LRP (z+ / Zennit),59.20389938354492,0.9999790787696838,58.20392030477524,0.9831095740286538,98.31095740286538,98.31095740452594,0.016890425954740697,0.15841913223266602
DeiT-Tiny,410,n04591713_6743_wine_bottle.jpg,Conventional LRP (z+ / Zennit),21.808677673339844,0.9999768733978271,20.808700799942017,0.954147753049035,95.4147753049035,95.41477530927858,0.04585224690721415,0.13233518600463867
DeiT-Tiny,411,n03001627_5399_chair.jpg,Conventional LRP (z+ / Zennit),20.951005935668945,0.9999603629112244,19.95104557275772,0.9522714867756745,95.22714867756746,95.22714868211268,0.047728513178873125,0.14638662338256836
DeiT-Tiny,412,n02802426_12131_basketball.jpg,Conventional LRP (z+ / Zennit),26.266433715820312,0.9999550580978394,25.266478657722473,0.9619303073314633,96.19303073314633,96.19303073680854,0.03806969263191466,0.1421194076538086
DeiT-Tiny,413,n03908714_5365_pencil_sharpener.jpg,Conventional LRP (z+ / Zennit),21.45509910583496,0.9999838471412659,20.455115258693695,0.9533917861128546,95.33917861128546,95.33917861572912,0.04660821384270878,0.14098167419433594
DeiT-Tiny,414,n04228054_19874_ski.jpg,Conventional LRP (z+ / Zennit),50.76307678222656,0.9997612237930298,49.76331555843353,0.9803053461660273,98.03053461660272,98.03053461853386,0.01969465381466144,0.14104676246643066
DeiT-Tiny,415,n03642806_23679_laptop.jpg,Conventional LRP (z+ / Zennit),20.883216857910156,0.9999809265136719,19.883235931396484,0.9521155703994418,95.21155703994418,95.21155704450342,0.04788442955496574,0.13768553733825684
DeiT-Tiny,416,n02828884_9371_bench.jpg,Conventional LRP (z+ / Zennit),17.13199806213379,0.9999581575393677,16.13203990459442,0.9416321345090991,94.16321345090991,94.16321345640625,0.05836786543593754,0.13500666618347168
DeiT-Tiny,417,n04409515_2270_tennis_ball.jpg,Conventional LRP (z+ / Zennit),29.196840286254883,0.9999745488166809,28.196865737438202,0.9657505901330976,96.57505901330975,96.57505901661749,0.03424940983382517,0.14480996131896973
DeiT-Tiny,418,n01443537_4691_goldfish.jpg,Conventional LRP (z+ / Zennit),42.178062438964844,0.9999841451644897,41.178078293800354,0.976291368348467,97.62913683484669,97.62913683716138,0.023708631628386198,0.13332509994506836
DeiT-Tiny,419,n07753113_31494_fig.jpg,Conventional LRP (z+ / Zennit),7.825329303741455,0.9979431629180908,6.827386140823364,0.8724726941122559,87.24726941122559,87.24726942237494,0.1275273057762506,0.14350652694702148
DeiT-Tiny,420,n02828884_603_bench.jpg,Conventional LRP (z+ / Zennit),14.563867568969727,0.9986387491226196,13.565228819847107,0.9314303878880509,93.14303878880509,93.14303879520057,0.06856961204799428,0.13905620574951172
DeiT-Tiny,421,n02129165_16177_lion.jpg,Conventional LRP (z+ / Zennit),17.32493019104004,0.9999715685844421,16.324958622455597,0.9422813507182914,94.22813507182914,94.22813507726802,0.05771864922731977,0.1340320110321045
DeiT-Tiny,422,n02268443_40549_dragonfly.jpg,Conventional LRP (z+ / Zennit),33.400909423828125,0.9999682307243347,32.40094119310379,0.9700616465556169,97.00616465556169,97.00616465846598,0.02993835341534024,0.13463354110717773
DeiT-Tiny,423,n07720875_3114_bell_pepper.jpg,Conventional LRP (z+ / Zennit),25.867008209228516,0.9999716281890869,24.86703658103943,0.9613418134381049,96.13418134381048,96.13418134752698,0.03865818652473034,0.13363051414489746
DeiT-Tiny,424,n02131653_4506_bear.jpg,Conventional LRP (z+ / Zennit),13.010563850402832,0.9991092681884766,12.011454582214355,0.923207842442528,92.32078424425279,92.32078425134863,0.07679215748651372,0.13634562492370605
DeiT-Tiny,425,n02129165_6654_lion.jpg,Conventional LRP (z+ / Zennit),13.799980163574219,0.9979846477508545,12.801995515823364,0.9276821678836343,92.76821678836343,92.76821679508578,0.07231783204914222,0.1323235034942627
DeiT-Tiny,426,n04409515_1508_tennis_ball.jpg,Conventional LRP (z+ / Zennit),22.265249252319336,0.9999741315841675,21.26527512073517,0.9550881231462033,95.50881231462033,95.50881231890992,0.044911876810900815,0.13493013381958008
DeiT-Tiny,427,n07739125_8731_apple.jpg,Conventional LRP (z+ / Zennit),11.039411544799805,0.9999775886535645,10.03943395614624,0.9094174915479051,90.94174915479051,90.94174916302843,0.09058250836971571,0.1353623867034912
DeiT-Tiny,428,n02786058_8556_band_aid.jpg,Conventional LRP (z+ / Zennit),36.35429000854492,0.999976396560669,35.35431361198425,0.972493579236505,97.2493579236505,97.24935792632553,0.02750642073674465,0.14000558853149414
DeiT-Tiny,429,n02799071_7869_baseball.jpg,Conventional LRP (z+ / Zennit),48.94509506225586,0.9999765157699585,47.9451185464859,0.9795694233410396,97.95694233410396,97.95694233610531,0.020430576638946873,0.1782069206237793
DeiT-Tiny,430,n02445715_10727_skunk.jpg,Conventional LRP (z+ / Zennit),24.64206314086914,0.9999751448631287,23.642087996006012,0.959419990927461,95.9419990927461,95.94199909663952,0.040580009033604765,0.1339712142944336
DeiT-Tiny,431,n02951585_1789_can_opener.jpg,Conventional LRP (z+ / Zennit),24.356964111328125,0.9999583959579468,23.357005715370178,0.9589456882907741,95.89456882907741,95.89456883301446,0.041054311669855376,0.13416028022766113
DeiT-Tiny,432,n02437136_3810_camel.jpg,Conventional LRP (z+ / Zennit),9.584156036376953,0.9999677538871765,8.584188282489777,0.8956644955500064,89.56644955500064,89.5664495643459,0.10433550435654101,0.13933229446411133
DeiT-Tiny,433,n03790512_8658_motorcycle.jpg,Conventional LRP (z+ / Zennit),27.50899887084961,0.9999726414680481,26.50902622938156,0.9636492535723887,96.36492535723887,96.36492536074192,0.03635074639258089,0.13399648666381836
DeiT-Tiny,434,n07753275_24866_pineapple.jpg,Conventional LRP (z+ / Zennit),16.787328720092773,0.9992368817329407,15.788091838359833,0.9404767191174717,94.04767191174716,94.04767191734946,0.05952328082650534,0.15198540687561035
DeiT-Tiny,435,n04317175_9155_stethoscope.jpg,Conventional LRP (z+ / Zennit),59.46965408325195,0.9999829530715942,58.46967113018036,0.9831849878821408,98.31849878821409,98.31849878986732,0.016815012101326698,0.13364887237548828
DeiT-Tiny,436,n04409515_22090_tennis_ball.jpg,Conventional LRP (z+ / Zennit),19.835018157958984,0.9999513030052185,18.835066854953766,0.949586569773138,94.95865697731381,94.95865698210123,0.0504134301789877,0.1349353790283203
DeiT-Tiny,437,n01784675_2573_centipede.jpg,Conventional LRP (z+ / Zennit),32.294612884521484,0.9996483325958252,31.29496455192566,0.9690459725546365,96.90459725546366,96.90459725846429,0.030954027415357178,0.13611888885498047
DeiT-Tiny,438,n07734744_5655_mushroom.jpg,Conventional LRP (z+ / Zennit),87.5127944946289,0.9999840259552002,86.5128104686737,0.9885732819672997,98.85732819672997,98.8573281978596,0.011426718021403992,0.13956475257873535
DeiT-Tiny,439,n03950228_18009_pitcher.jpg,Conventional LRP (z+ / Zennit),29.561010360717773,0.99994957447052,28.561060786247253,0.9661733627086888,96.61733627086888,96.61733627413727,0.03382663725862718,0.14004302024841309
DeiT-Tiny,440,n02787622_7140_banjo.jpg,Conventional LRP (z+ / Zennit),40.29423904418945,0.9999723434448242,39.29426670074463,0.9751832428620041,97.51832428620041,97.51832428862055,0.02481675711379449,0.15003323554992676
DeiT-Tiny,441,n01776313_12698_tick.jpg,Conventional LRP (z+ / Zennit),57.36916732788086,0.9997943043708801,56.36937302350998,0.9825726195459776,98.25726195459777,98.25726195631049,0.017427380436895235,0.14129185676574707
DeiT-Tiny,442,n04371430_4930_swimming_trunks.jpg,Conventional LRP (z+ / Zennit),70.28582763671875,0.9999822974205017,69.28584533929825,0.9857726325202456,98.57726325202457,98.57726325342708,0.014227367465729187,0.1791362762451172
DeiT-Tiny,443,n02892767_14415_brassiere.jpg,Conventional LRP (z+ / Zennit),26.900428771972656,0.9999568462371826,25.900471925735474,0.9628274755143733,96.28274755143732,96.28274755501656,0.03717252444983441,0.1406402587890625
DeiT-Tiny,444,n02219486_28997_ant.jpg,Conventional LRP (z+ / Zennit),123.16751861572266,0.9999907612800598,122.1675278544426,0.9918810513233455,99.18810513233454,99.18810513313986,0.008118948668601403,0.1475830078125
DeiT-Tiny,445,n02769748_3362_backpack.jpg,Conventional LRP (z+ / Zennit),84.20648193359375,0.9999816417694092,83.20650029182434,0.988124647654249,98.8124647654249,98.81246476659837,0.011875352334016362,0.14583587646484375
DeiT-Tiny,446,n04332243_12293_strainer.jpg,Conventional LRP (z+ / Zennit),27.75771141052246,0.9999697804450989,26.757741630077362,0.9639750638436999,96.39750638436999,96.39750638784281,0.03602493612157189,0.14280080795288086
DeiT-Tiny,447,n03249569_39070_drum.jpg,Conventional LRP (z+ / Zennit),31.374988555908203,0.9999641180038452,30.375024437904358,0.9681286220331171,96.81286220331171,96.81286220639738,0.03187137793602614,0.14633917808532715
DeiT-Tiny,448,n03196217_5137_digital_clock.jpg,Conventional LRP (z+ / Zennit),39.170166015625,0.9999756813049316,38.17019033432007,0.9744709868760703,97.44709868760702,97.4470986900948,0.02552901309905199,0.13910365104675293
DeiT-Tiny,449,n03793489_12136_computer_mouse.jpg,Conventional LRP (z+ / Zennit),25.470529556274414,0.9999699592590332,24.47055959701538,0.9607401189672776,96.07401189672777,96.07401190049973,0.03925988099500273,0.1391143798828125
DeiT-Tiny,450,n07747607_11507_orange.jpg,Conventional LRP (z+ / Zennit),70.160400390625,0.9996057748794556,69.16079461574554,0.9857525645478104,98.57525645478104,98.57525645618604,0.014247435438139621,0.16459298133850098
DeiT-Tiny,451,n04004767_13120_printer.jpg,Conventional LRP (z+ / Zennit),22.747230529785156,0.9999699592590332,21.747260570526123,0.9560399249963324,95.60399249963324,95.60399250383612,0.043960074961638756,0.13685250282287598
DeiT-Tiny,452,n02324045_35129_rabbit.jpg,Conventional LRP (z+ / Zennit),45.46802520751953,0.9999745488166809,44.46805065870285,0.9780070820047555,97.80070820047555,97.80070820262652,0.02199291797373475,0.1388075351715088
DeiT-Tiny,453,n01726692_4835_snake.jpg,Conventional LRP (z+ / Zennit),29.207202911376953,0.9991071224212646,28.20809578895569,0.9657924407750158,96.57924407750158,96.57924408080828,0.03420755919191724,0.13219642639160156
DeiT-Tiny,454,n03764736_9550_milk_can.jpg,Conventional LRP (z+ / Zennit),9.623384475708008,0.9974279999732971,8.62595647573471,0.8963537201088219,89.63537201088218,89.63537202019651,0.10364627979803485,0.1397418975830078
DeiT-Tiny,455,n02324045_16987_rabbit.jpg,Conventional LRP (z+ / Zennit),11.412981986999512,0.9999531507492065,10.413028836250305,0.9123845851329097,91.23845851329096,91.23845852128524,0.08761541478714763,0.13198089599609375
DeiT-Tiny,456,n03207941_20675_dishwasher.jpg,Conventional LRP (z+ / Zennit),18.2120361328125,0.9999687671661377,17.212067365646362,0.9450929725364648,94.50929725364648,94.50929725883587,0.054907027411641295,0.13881230354309082
DeiT-Tiny,457,n02219486_21998_ant.jpg,Conventional LRP (z+ / Zennit),22.48343849182129,0.9999644756317139,21.483474016189575,0.9555243973491425,95.55243973491426,95.55243973916416,0.04447560260835846,0.14255595207214355
DeiT-Tiny,458,n01770393_12410_scorpion.jpg,Conventional LRP (z+ / Zennit),46.42597961425781,0.9999735355377197,45.42600607872009,0.9784609060525009,97.8460906052501,97.84609060735765,0.021539093926423458,0.14276576042175293
DeiT-Tiny,459,n02840245_10033_binder.jpg,Conventional LRP (z+ / Zennit),9.627506256103516,0.9988105297088623,8.628695726394653,0.8962544916580133,89.62544916580133,89.62544917511065,0.10374550824889363,0.1408553123474121
DeiT-Tiny,460,n07693725_10869_bagel.jpg,Conventional LRP (z+ / Zennit),18.07042694091797,0.9999697208404541,17.070457220077515,0.9446626399556269,94.4662639955627,94.46626400079037,0.05533735999209635,0.13239645957946777
DeiT-Tiny,461,n03814639_6968_neck_brace.jpg,Conventional LRP (z+ / Zennit),67.67569732666016,0.9999799132347107,66.67571741342545,0.9852239436943931,98.52239436943931,98.52239437089511,0.014776056291048792,0.13518524169921875
DeiT-Tiny,462,n02992211_14789_cello.jpg,Conventional LRP (z+ / Zennit),71.6279525756836,0.9999818801879883,70.6279706954956,0.9860392228841467,98.60392228841467,98.60392228979129,0.013960777102087157,0.13872885704040527
DeiT-Tiny,463,n03950228_11894_pitcher.jpg,Conventional LRP (z+ / Zennit),17.800739288330078,0.9996206760406494,16.80111861228943,0.9438438673364633,94.38438673364632,94.3843867389486,0.05615613261051394,0.14651751518249512
DeiT-Tiny,464,n07697100_9282_hamburger.jpg,Conventional LRP (z+ / Zennit),41.08561706542969,0.9999805092811584,40.08563655614853,0.975661056552605,97.5661056552605,97.5661056576352,0.024338943423647962,0.13556957244873047
DeiT-Tiny,465,n02129165_10881_lion.jpg,Conventional LRP (z+ / Zennit),11.496431350708008,0.9976243376731873,10.49880701303482,0.9132231291473791,91.3223129147379,91.32231292268145,0.08677687077318551,0.14254212379455566
DeiT-Tiny,466,n04070727_10616_refrigerator.jpg,Conventional LRP (z+ / Zennit),6.230347633361816,0.9997894763946533,5.230558156967163,0.8395291023761529,83.95291023761528,83.95291025109012,0.1604708974890988,0.1450486183166504
DeiT-Tiny,467,n04252077_1184_snowmobile.jpg,Conventional LRP (z+ / Zennit),22.665786743164062,0.9999785423278809,21.66580820083618,0.9558815868773956,95.58815868773955,95.58815869195685,0.044118413080431525,0.1483917236328125
DeiT-Tiny,468,n03942813_8442_ping-pong_ball.jpg,Conventional LRP (z+ / Zennit),10.864831924438477,0.9984875321388245,9.866344392299652,0.9080991275344991,90.80991275344991,90.80991276180805,0.09190087238191942,0.17649102210998535
DeiT-Tiny,469,n04540053_3263_volleyball.jpg,Conventional LRP (z+ / Zennit),38.093929290771484,0.9999758005142212,37.09395349025726,0.9737497333537022,97.37497333537021,97.37497333792639,0.026250266620736134,0.12853431701660156
DeiT-Tiny,470,n07615774_3856_popsicle.jpg,Conventional LRP (z+ / Zennit),40.78883743286133,0.9999761581420898,39.78886127471924,0.9754840730441622,97.54840730441622,97.54840730680776,0.024515926931922408,0.15250468254089355
DeiT-Tiny,471,n02395003_15033_swine.jpg,Conventional LRP (z+ / Zennit),19.802444458007812,0.9999640583992004,18.802480399608612,0.949502998911615,94.9502998911615,94.95029989595638,0.050497001040436196,0.14763426780700684
DeiT-Tiny,472,n03134739_299_croquet_ball.jpg,Conventional LRP (z+ / Zennit),28.533891677856445,0.9999592304229736,27.53393244743347,0.9649553855927777,96.49553855927778,96.49553856265956,0.03504461437340445,0.13231325149536133
DeiT-Tiny,473,n07880968_4922_burrito.jpg,Conventional LRP (z+ / Zennit),17.145282745361328,0.9999829530715942,16.145299792289734,0.9416759134938257,94.16759134938258,94.16759135487492,0.05832408645125089,0.13840007781982422
DeiT-Tiny,474,n02395003_5550_swine.jpg,Conventional LRP (z+ / Zennit),20.907438278198242,0.9999715089797974,19.907466769218445,0.9521714953010425,95.21714953010425,95.21714953465847,0.04782850465341528,0.13733458518981934
DeiT-Tiny,475,n02892767_10638_brassiere.jpg,Conventional LRP (z+ / Zennit),46.470645904541016,0.9999784827232361,45.47066742181778,0.9784815023712852,97.84815023712852,97.8481502392341,0.02151849760765904,0.14070749282836914
DeiT-Tiny,476,n03134739_23_croquet_ball.jpg,Conventional LRP (z+ / Zennit),19.731691360473633,0.9999563694000244,18.73173499107361,0.9493223184935655,94.93223184935655,94.93223185416771,0.05067768145832288,0.1358022689819336
DeiT-Tiny,477,n07747607_3088_orange.jpg,Conventional LRP (z+ / Zennit),22.833675384521484,0.9999771118164062,21.833698272705078,0.9562060379709839,95.6206037970984,95.6206038012861,0.043793961987139036,0.14284396171569824
DeiT-Tiny,478,n04379243_2182_table.jpg,Conventional LRP (z+ / Zennit),39.51014709472656,0.9999727010726929,38.51017439365387,0.9746907370491453,97.46907370491454,97.46907370738145,0.025309262926185353,0.14278960227966309
DeiT-Tiny,479,n04468005_3396_train.jpg,Conventional LRP (z+ / Zennit),13.55097484588623,0.9999662637710571,12.551008582115173,0.9262070606676072,92.62070606676072,92.6207060735957,0.07379293926404301,0.13935470581054688
DeiT-Tiny,480,n02129604_20374_tiger.jpg,Conventional LRP (z+ / Zennit),28.163484573364258,0.9999743103981018,27.163510262966156,0.9644939421910765,96.44939421910766,96.44939422253228,0.03550605777467721,0.14321470260620117
DeiT-Tiny,481,n03063338_2928_coffee_maker.jpg,Conventional LRP (z+ / Zennit),15.056160926818848,0.9999538660049438,14.056207060813904,0.9335850704705635,93.35850704705635,93.35850705325703,0.06641492946742963,0.1462693214416504
DeiT-Tiny,482,n01726692_8553_snake.jpg,Conventional LRP (z+ / Zennit),76.63924407958984,0.9999827146530151,75.63926136493683,0.9869520801301029,98.69520801301029,98.69520801429809,0.013047919857019117,0.14317679405212402
DeiT-Tiny,483,n03394916_28561_french_horn.jpg,Conventional LRP (z+ / Zennit),37.6109619140625,0.9999710917472839,36.610990822315216,0.9734127753763508,97.34127753763508,97.34127754022317,0.02658722459776816,0.13737154006958008
DeiT-Tiny,484,n02484322_30035_monkey.jpg,Conventional LRP (z+ / Zennit),4.284371376037598,0.9999443888664246,3.284426987171173,0.7666065095977207,76.66065095977207,76.66065097766517,0.23339349022334835,0.14644527435302734
DeiT-Tiny,485,n02419796_9300_antelope.jpg,Conventional LRP (z+ / Zennit),35.48198318481445,0.999674379825592,34.48230880498886,0.9718258594625214,97.18258594625215,97.18258594899106,0.02817414051008941,0.136979341506958
DeiT-Tiny,486,n03337140_3759_filing_cabinet.jpg,Conventional LRP (z+ / Zennit),53.70781707763672,0.999984860420227,52.70783221721649,0.9813810183356346,98.13810183356347,98.13810183539073,0.01861898164609279,0.13916373252868652
DeiT-Tiny,487,n02958343_4969_car.jpg,Conventional LRP (z+ / Zennit),26.60784149169922,0.9999780058860779,25.60786348581314,0.9624179207787127,96.24179207787127,96.24179208148831,0.03758207918511686,0.14425897598266602
DeiT-Tiny,488,n02834778_3678_bicycle.jpg,Conventional LRP (z+ / Zennit),52.382850646972656,0.9999768733978271,51.38287377357483,0.9809102242045217,98.09102242045216,98.09102242232474,0.019089775776752586,0.15944361686706543
DeiT-Tiny,489,n04392985_14368_tape_player.jpg,Conventional LRP (z+ / Zennit),34.972957611083984,0.9996780157089233,33.97327959537506,0.9714156855763464,97.14156855763464,97.14156856041225,0.028584314395877553,0.14595556259155273
DeiT-Tiny,490,n03110669_35490_trumpet.jpg,Conventional LRP (z+ / Zennit),15.30385684967041,0.9999794960021973,14.303877353668213,0.9346583343820031,93.4658334382003,93.46583344430765,0.06534166555692353,0.13310861587524414
DeiT-Tiny,491,n03211117_3052_tv_or_monitor.jpg,Conventional LRP (z+ / Zennit),23.935190200805664,0.9999748468399048,22.93521535396576,0.958221562502375,95.8221562502375,95.8221562542409,0.041778437457591015,0.13934659957885742
DeiT-Tiny,492,n02131653_14212_bear.jpg,Conventional LRP (z+ / Zennit),15.790642738342285,0.9999781250953674,14.790664613246918,0.9366727407742607,93.66727407742607,93.66727408335788,0.06332725916642111,0.14246630668640137
DeiT-Tiny,493,n04019541_26831_puck.jpg,Conventional LRP (z+ / Zennit),15.941469192504883,0.999520480632782,14.9419487118721,0.9373006045114072,93.73006045114072,93.73006045702034,0.06269939542979648,0.14167189598083496
DeiT-Tiny,494,n01495701_2358_ray.jpg,Conventional LRP (z+ / Zennit),18.93035888671875,0.9999716877937317,17.93038719892502,0.9471762952448581,94.71762952448582,94.71762952948929,0.052823704705107125,0.13700151443481445
DeiT-Tiny,495,n02883205_4699_bow_tie.jpg,Conventional LRP (z+ / Zennit),67.02442169189453,0.9999800324440002,66.02444165945053,0.9850803631245652,98.50803631245651,98.50803631392625,0.014919636860737448,0.14699268341064453
DeiT-Tiny,496,n02118333_412_fox.jpg,Conventional LRP (z+ / Zennit),24.233991622924805,0.9999616146087646,23.23403000831604,0.9587372302868356,95.87372302868356,95.87372303263973,0.04126276967360275,0.1394820213317871
DeiT-Tiny,497,n03916031_14529_perfume.jpg,Conventional LRP (z+ / Zennit),45.666385650634766,0.9993775486946106,44.667008101940155,0.9781156854120591,97.8115685412059,97.81156854334778,0.021884314566522282,0.14869165420532227
DeiT-Tiny,498,n03958227_8704_plastic_bag.jpg,Conventional LRP (z+ / Zennit),13.986146926879883,0.9979405403137207,12.988206386566162,0.928647929522002,92.8647929522002,92.86479295883997,0.07135207041160031,0.13872337341308594
DeiT-Tiny,499,n07714571_8557_head_cabbage.jpg,Conventional LRP (z+ / Zennit),33.73133087158203,0.9999812841415405,32.73134958744049,0.9703545262142516,97.03545262142515,97.03545262430187,0.02964547375698137,0.1378934383392334
